2026-05-28 23:58:53,337 INFO ==================================================
2026-05-28 23:58:53,337 INFO SparkP2P Relay Keepalive starting
2026-05-28 23:58:53,337 INFO Relay port : 7842
2026-05-28 23:58:53,337 INFO VPS tunnel : root@157.245.175.55  remote port 7843
2026-05-28 23:58:53,337 INFO ==================================================
2026-05-28 23:58:53,347 INFO Relay started  pid=6232  port=7842
2026-05-28 23:58:57,351 INFO SSH tunnel started  pid=8724  VPS:7843 -> local:7842
2026-05-28 23:59:07,352 WARNING Relay exited (code=1), restarting in 5s...
2026-05-28 23:59:12,355 INFO Relay started  pid=8432  port=7842
2026-05-28 23:59:16,361 INFO SSH tunnel started  pid=17328  VPS:7843 -> local:7842
2026-05-28 23:59:26,362 WARNING Relay exited (code=1), restarting in 5s...
2026-05-28 23:59:31,367 INFO Relay started  pid=5192  port=7842
2026-05-28 23:59:35,376 INFO SSH tunnel started  pid=17424  VPS:7843 -> local:7842
2026-05-28 23:59:45,377 WARNING Relay exited (code=1), restarting in 5s...
2026-05-28 23:59:50,380 INFO Relay started  pid=8308  port=7842
2026-05-28 23:59:54,388 INFO SSH tunnel started  pid=14600  VPS:7843 -> local:7842
2026-05-29 00:00:04,394 WARNING Relay exited (code=1), restarting in 5s...
2026-05-29 00:00:09,397 INFO Relay started  pid=18412  port=7842
2026-05-29 00:00:13,400 INFO SSH tunnel started  pid=17224  VPS:7843 -> local:7842
2026-05-29 00:00:23,402 WARNING Relay exited (code=1), restarting in 5s...
2026-05-29 00:00:28,404 INFO Relay started  pid=12152  port=7842
2026-05-29 00:00:32,409 INFO SSH tunnel started  pid=4912  VPS:7843 -> local:7842
2026-05-29 00:00:42,410 WARNING Relay exited (code=1), restarting in 5s...
2026-05-29 00:00:47,413 INFO Relay started  pid=8356  port=7842
2026-05-29 00:00:51,417 INFO SSH tunnel started  pid=17228  VPS:7843 -> local:7842
2026-05-29 00:01:01,417 WARNING Relay exited (code=1), restarting in 5s...
2026-05-29 00:01:06,420 INFO Relay started  pid=2508  port=7842
2026-05-29 00:01:10,426 INFO SSH tunnel started  pid=4836  VPS:7843 -> local:7842
2026-05-29 00:01:20,427 WARNING Relay exited (code=1), restarting in 5s...
2026-05-29 00:01:25,432 INFO Relay started  pid=17296  port=7842
2026-05-29 00:01:29,436 INFO SSH tunnel started  pid=6280  VPS:7843 -> local:7842
2026-05-29 00:01:39,437 WARNING Relay exited (code=1), restarting in 5s...
2026-05-29 00:01:44,441 INFO Relay started  pid=14436  port=7842
2026-05-29 00:01:48,451 INFO SSH tunnel started  pid=5956  VPS:7843 -> local:7842
2026-05-29 00:01:58,451 WARNING Relay exited (code=1), restarting in 5s...
2026-05-29 00:02:03,455 INFO Relay started  pid=8648  port=7842
2026-05-29 00:02:07,458 INFO SSH tunnel started  pid=17124  VPS:7843 -> local:7842
2026-05-29 00:02:17,467 WARNING Relay exited (code=1), restarting in 5s...
2026-05-29 00:02:22,473 INFO Relay started  pid=13484  port=7842
2026-05-29 00:02:26,475 INFO SSH tunnel started  pid=9400  VPS:7843 -> local:7842
2026-05-29 00:02:36,477 WARNING Relay exited (code=1), restarting in 5s...
2026-05-29 00:02:41,479 INFO Relay started  pid=17244  port=7842
2026-05-29 00:02:45,483 INFO SSH tunnel started  pid=18044  VPS:7843 -> local:7842
2026-05-29 00:02:55,484 WARNING Relay exited (code=1), restarting in 5s...
2026-05-29 00:03:00,489 INFO Relay started  pid=14492  port=7842
2026-05-29 00:03:04,493 INFO SSH tunnel started  pid=16940  VPS:7843 -> local:7842
2026-05-29 00:03:14,494 WARNING Relay exited (code=1), restarting in 5s...
2026-05-29 00:03:19,524 INFO Relay started  pid=216  port=7842
2026-05-29 00:03:23,529 INFO SSH tunnel started  pid=10728  VPS:7843 -> local:7842
2026-05-29 00:03:33,531 WARNING Relay exited (code=1), restarting in 5s...
2026-05-29 00:03:38,534 INFO Relay started  pid=4068  port=7842
2026-05-29 00:03:42,540 INFO SSH tunnel started  pid=10356  VPS:7843 -> local:7842
2026-05-29 00:03:52,541 WARNING Relay exited (code=1), restarting in 5s...
2026-05-29 00:03:57,549 INFO Relay started  pid=15372  port=7842
2026-05-29 00:04:01,554 INFO SSH tunnel started  pid=13908  VPS:7843 -> local:7842
2026-05-29 00:04:11,556 WARNING Relay exited (code=1), restarting in 5s...
2026-05-29 00:04:16,558 INFO Relay started  pid=16124  port=7842
2026-05-29 00:04:20,562 INFO SSH tunnel started  pid=11652  VPS:7843 -> local:7842
2026-05-29 00:04:30,563 WARNING Relay exited (code=1), restarting in 5s...
2026-05-29 00:04:35,568 INFO Relay started  pid=1896  port=7842
2026-05-29 00:04:39,571 INFO SSH tunnel started  pid=8084  VPS:7843 -> local:7842
2026-05-29 00:04:49,572 WARNING Relay exited (code=1), restarting in 5s...
2026-05-29 00:04:54,575 INFO Relay started  pid=13968  port=7842
2026-05-29 00:04:58,579 INFO SSH tunnel started  pid=16340  VPS:7843 -> local:7842
2026-05-29 00:05:08,580 WARNING Relay exited (code=1), restarting in 5s...
2026-05-29 00:05:13,584 INFO Relay started  pid=17340  port=7842
2026-05-29 00:05:17,588 INFO SSH tunnel started  pid=16864  VPS:7843 -> local:7842
2026-05-29 00:05:27,590 WARNING Relay exited (code=1), restarting in 5s...
2026-05-29 00:05:32,593 INFO Relay started  pid=17392  port=7842
2026-05-29 00:05:36,596 INFO SSH tunnel started  pid=7832  VPS:7843 -> local:7842
2026-05-29 00:05:46,598 WARNING Relay exited (code=1), restarting in 5s...
2026-05-29 00:05:51,601 INFO Relay started  pid=15008  port=7842
2026-05-29 00:05:55,605 INFO SSH tunnel started  pid=16548  VPS:7843 -> local:7842
2026-05-29 00:06:05,606 WARNING Relay exited (code=1), restarting in 5s...
2026-05-29 00:06:10,609 INFO Relay started  pid=12896  port=7842
2026-05-29 00:06:14,613 INFO SSH tunnel started  pid=16088  VPS:7843 -> local:7842
2026-05-29 00:06:24,614 WARNING Relay exited (code=1), restarting in 5s...
2026-05-29 00:06:29,620 INFO Relay started  pid=16768  port=7842
2026-05-29 00:06:33,625 INFO SSH tunnel started  pid=10208  VPS:7843 -> local:7842
2026-05-29 00:06:43,627 WARNING Relay exited (code=1), restarting in 5s...
2026-05-29 00:06:48,632 INFO Relay started  pid=9612  port=7842
2026-05-29 00:06:52,638 INFO SSH tunnel started  pid=16308  VPS:7843 -> local:7842
2026-05-29 00:07:02,639 WARNING Relay exited (code=1), restarting in 5s...
2026-05-29 00:07:07,644 INFO Relay started  pid=16492  port=7842
2026-05-29 00:07:11,650 INFO SSH tunnel started  pid=17480  VPS:7843 -> local:7842
2026-05-29 00:07:21,651 WARNING Relay exited (code=1), restarting in 5s...
2026-05-29 00:07:26,654 INFO Relay started  pid=18000  port=7842
2026-05-29 00:07:30,658 INFO SSH tunnel started  pid=14560  VPS:7843 -> local:7842
2026-05-29 00:07:40,659 WARNING Relay exited (code=1), restarting in 5s...
2026-05-29 00:07:45,665 INFO Relay started  pid=1392  port=7842
2026-05-29 00:07:49,670 INFO SSH tunnel started  pid=8316  VPS:7843 -> local:7842
2026-05-29 00:07:59,672 WARNING Relay exited (code=1), restarting in 5s...
2026-05-29 00:08:04,676 INFO Relay started  pid=4056  port=7842
2026-05-29 00:08:08,680 INFO SSH tunnel started  pid=3832  VPS:7843 -> local:7842
2026-05-29 00:08:18,682 WARNING Relay exited (code=1), restarting in 5s...
2026-05-29 00:08:23,687 INFO Relay started  pid=10300  port=7842
2026-05-29 00:08:27,692 INFO SSH tunnel started  pid=11724  VPS:7843 -> local:7842
2026-05-29 00:08:37,693 WARNING Relay exited (code=1), restarting in 5s...
2026-05-29 00:08:42,697 INFO Relay started  pid=14432  port=7842
2026-05-29 00:08:46,701 INFO SSH tunnel started  pid=8276  VPS:7843 -> local:7842
2026-05-29 00:08:56,702 WARNING Relay exited (code=1), restarting in 5s...
2026-05-29 00:09:01,706 INFO Relay started  pid=6532  port=7842
2026-05-29 00:09:05,716 INFO SSH tunnel started  pid=6972  VPS:7843 -> local:7842
2026-05-29 00:09:15,717 WARNING Relay exited (code=1), restarting in 5s...
2026-05-29 00:09:20,720 INFO Relay started  pid=600  port=7842
2026-05-29 00:09:24,723 INFO SSH tunnel started  pid=18008  VPS:7843 -> local:7842
2026-05-29 00:09:34,727 WARNING Relay exited (code=1), restarting in 5s...
2026-05-29 00:09:39,734 INFO Relay started  pid=15704  port=7842
2026-05-29 00:09:43,739 INFO SSH tunnel started  pid=8640  VPS:7843 -> local:7842
2026-05-29 00:09:53,740 WARNING Relay exited (code=1), restarting in 5s...
2026-05-29 00:09:58,745 INFO Relay started  pid=3840  port=7842
2026-05-29 00:10:02,750 INFO SSH tunnel started  pid=1920  VPS:7843 -> local:7842
2026-05-29 00:10:12,750 WARNING Relay exited (code=1), restarting in 5s...
2026-05-29 00:10:17,754 INFO Relay started  pid=14532  port=7842
2026-05-29 00:10:21,757 INFO SSH tunnel started  pid=16172  VPS:7843 -> local:7842
2026-05-29 00:10:31,759 WARNING Relay exited (code=1), restarting in 5s...
2026-05-29 00:10:36,762 INFO Relay started  pid=4508  port=7842
2026-05-29 00:10:40,766 INFO SSH tunnel started  pid=9156  VPS:7843 -> local:7842
2026-05-29 00:10:50,767 WARNING Relay exited (code=1), restarting in 5s...
2026-05-29 00:10:55,770 INFO Relay started  pid=17628  port=7842
2026-05-29 00:10:59,777 INFO SSH tunnel started  pid=7948  VPS:7843 -> local:7842
2026-05-29 00:11:09,778 WARNING Relay exited (code=1), restarting in 5s...
2026-05-29 00:11:14,781 INFO Relay started  pid=15608  port=7842
2026-05-29 00:11:18,784 INFO SSH tunnel started  pid=17356  VPS:7843 -> local:7842
2026-05-29 00:11:28,786 WARNING Relay exited (code=1), restarting in 5s...
2026-05-29 00:11:33,789 INFO Relay started  pid=4596  port=7842
2026-05-29 00:11:37,794 INFO SSH tunnel started  pid=1392  VPS:7843 -> local:7842
2026-05-29 00:11:47,795 WARNING Relay exited (code=1), restarting in 5s...
2026-05-29 00:11:52,798 INFO Relay started  pid=13688  port=7842
2026-05-29 00:11:56,802 INFO SSH tunnel started  pid=7676  VPS:7843 -> local:7842
2026-05-29 00:12:06,803 WARNING Relay exited (code=1), restarting in 5s...
2026-05-29 00:12:11,806 INFO Relay started  pid=9896  port=7842
2026-05-29 00:12:15,810 INFO SSH tunnel started  pid=18060  VPS:7843 -> local:7842
2026-05-29 00:12:25,811 WARNING Relay exited (code=1), restarting in 5s...
2026-05-29 00:12:30,814 INFO Relay started  pid=16192  port=7842
2026-05-29 00:12:34,837 INFO SSH tunnel started  pid=15664  VPS:7843 -> local:7842
2026-05-29 00:12:44,838 WARNING Relay exited (code=1), restarting in 5s...
2026-05-29 00:12:49,845 INFO Relay started  pid=5312  port=7842
2026-05-29 00:12:53,850 INFO SSH tunnel started  pid=2880  VPS:7843 -> local:7842
2026-05-29 00:13:03,851 WARNING Relay exited (code=1), restarting in 5s...
2026-05-29 00:13:08,854 INFO Relay started  pid=4328  port=7842
2026-05-29 00:13:12,860 INFO SSH tunnel started  pid=16616  VPS:7843 -> local:7842
2026-05-29 00:13:22,862 WARNING Relay exited (code=1), restarting in 5s...
2026-05-29 00:13:27,865 INFO Relay started  pid=216  port=7842
2026-05-29 00:13:31,868 INFO SSH tunnel started  pid=1280  VPS:7843 -> local:7842
2026-05-29 00:13:41,870 WARNING Relay exited (code=1), restarting in 5s...
2026-05-29 00:13:46,878 INFO Relay started  pid=17888  port=7842
2026-05-29 00:13:50,881 INFO SSH tunnel started  pid=17632  VPS:7843 -> local:7842
2026-05-29 00:14:00,882 WARNING Relay exited (code=1), restarting in 5s...
2026-05-29 00:14:05,885 INFO Relay started  pid=1908  port=7842
2026-05-29 00:14:09,890 INFO SSH tunnel started  pid=10936  VPS:7843 -> local:7842
2026-05-29 00:14:19,891 WARNING Relay exited (code=1), restarting in 5s...
2026-05-29 00:14:24,894 INFO Relay started  pid=10792  port=7842
2026-05-29 00:14:28,897 INFO SSH tunnel started  pid=16460  VPS:7843 -> local:7842
2026-05-29 00:14:38,898 WARNING Relay exited (code=1), restarting in 5s...
2026-05-29 00:14:43,901 INFO Relay started  pid=17324  port=7842
2026-05-29 00:14:47,904 INFO SSH tunnel started  pid=9048  VPS:7843 -> local:7842
2026-05-29 00:14:57,906 WARNING Relay exited (code=1), restarting in 5s...
2026-05-29 00:15:02,909 INFO Relay started  pid=17904  port=7842
2026-05-29 00:15:06,913 INFO SSH tunnel started  pid=11796  VPS:7843 -> local:7842
2026-05-29 00:15:16,914 WARNING Relay exited (code=1), restarting in 5s...
2026-05-29 00:15:21,918 INFO Relay started  pid=16352  port=7842
2026-05-29 00:15:25,922 INFO SSH tunnel started  pid=400  VPS:7843 -> local:7842
2026-05-29 00:15:35,924 WARNING Relay exited (code=1), restarting in 5s...
2026-05-29 00:15:40,927 INFO Relay started  pid=18284  port=7842
2026-05-29 00:15:44,931 INFO SSH tunnel started  pid=15196  VPS:7843 -> local:7842
2026-05-29 00:15:54,932 WARNING Relay exited (code=1), restarting in 5s...
2026-05-29 00:15:59,935 INFO Relay started  pid=13952  port=7842
2026-05-29 00:16:03,940 INFO SSH tunnel started  pid=17876  VPS:7843 -> local:7842
2026-05-29 00:16:13,941 WARNING Relay exited (code=1), restarting in 5s...
2026-05-29 00:16:18,946 INFO Relay started  pid=15668  port=7842
2026-05-29 00:16:22,950 INFO SSH tunnel started  pid=5220  VPS:7843 -> local:7842
2026-05-29 00:16:32,951 WARNING Relay exited (code=1), restarting in 5s...
2026-05-29 00:16:37,954 INFO Relay started  pid=12232  port=7842
2026-05-29 00:16:41,958 INFO SSH tunnel started  pid=4124  VPS:7843 -> local:7842
2026-05-29 00:16:51,959 WARNING Relay exited (code=1), restarting in 5s...
2026-05-29 00:16:56,966 INFO Relay started  pid=5636  port=7842
2026-05-29 00:17:00,974 INFO SSH tunnel started  pid=2860  VPS:7843 -> local:7842
2026-05-29 00:17:10,975 WARNING Relay exited (code=1), restarting in 5s...
2026-05-29 00:17:15,978 INFO Relay started  pid=8304  port=7842
2026-05-29 00:17:19,981 INFO SSH tunnel started  pid=13896  VPS:7843 -> local:7842
2026-05-29 00:17:29,983 WARNING Relay exited (code=1), restarting in 5s...
2026-05-29 00:17:34,988 INFO Relay started  pid=16812  port=7842
2026-05-29 00:17:38,993 INFO SSH tunnel started  pid=8108  VPS:7843 -> local:7842
2026-05-29 00:17:48,994 WARNING Relay exited (code=1), restarting in 5s...
2026-05-29 00:17:53,998 INFO Relay started  pid=18240  port=7842
2026-05-29 00:17:58,054 INFO SSH tunnel started  pid=16076  VPS:7843 -> local:7842
2026-05-29 00:18:08,057 WARNING Relay exited (code=1), restarting in 5s...
2026-05-29 00:18:13,060 INFO Relay started  pid=17624  port=7842
2026-05-29 00:18:17,063 INFO SSH tunnel started  pid=8680  VPS:7843 -> local:7842
2026-05-29 00:18:27,067 WARNING Relay exited (code=1), restarting in 5s...
2026-05-29 00:18:32,071 INFO Relay started  pid=10364  port=7842
2026-05-29 00:18:36,073 INFO SSH tunnel started  pid=7652  VPS:7843 -> local:7842
2026-05-29 00:18:46,075 WARNING Relay exited (code=1), restarting in 5s...
2026-05-29 00:18:51,080 INFO Relay started  pid=1432  port=7842
2026-05-29 00:18:55,085 INFO SSH tunnel started  pid=16308  VPS:7843 -> local:7842
2026-05-29 00:19:05,086 WARNING Relay exited (code=1), restarting in 5s...
2026-05-29 00:19:10,089 INFO Relay started  pid=4504  port=7842
2026-05-29 00:19:14,095 INFO SSH tunnel started  pid=17612  VPS:7843 -> local:7842
2026-05-29 00:19:24,096 WARNING Relay exited (code=1), restarting in 5s...
2026-05-29 00:19:29,101 INFO Relay started  pid=17292  port=7842
2026-05-29 00:19:33,108 INFO SSH tunnel started  pid=17508  VPS:7843 -> local:7842
2026-05-29 00:19:43,110 WARNING Relay exited (code=1), restarting in 5s...
2026-05-29 00:19:48,116 INFO Relay started  pid=3636  port=7842
2026-05-29 00:19:52,120 INFO SSH tunnel started  pid=7396  VPS:7843 -> local:7842
2026-05-29 00:20:02,121 WARNING Relay exited (code=1), restarting in 5s...
2026-05-29 00:20:07,124 INFO Relay started  pid=17192  port=7842
2026-05-29 00:20:11,128 INFO SSH tunnel started  pid=13508  VPS:7843 -> local:7842
2026-05-29 00:20:21,129 WARNING Relay exited (code=1), restarting in 5s...
2026-05-29 00:20:26,132 INFO Relay started  pid=16824  port=7842
2026-05-29 00:20:30,136 INFO SSH tunnel started  pid=12400  VPS:7843 -> local:7842
2026-05-29 00:20:40,138 WARNING Relay exited (code=1), restarting in 5s...
2026-05-29 00:20:45,141 INFO Relay started  pid=9988  port=7842
2026-05-29 00:20:49,149 INFO SSH tunnel started  pid=14620  VPS:7843 -> local:7842
2026-05-29 00:20:59,150 WARNING Relay exited (code=1), restarting in 5s...
2026-05-29 00:21:04,153 INFO Relay started  pid=1872  port=7842
2026-05-29 00:21:08,156 INFO SSH tunnel started  pid=11600  VPS:7843 -> local:7842
2026-05-29 00:21:18,158 WARNING Relay exited (code=1), restarting in 5s...
2026-05-29 00:21:23,163 INFO Relay started  pid=16516  port=7842
2026-05-29 00:21:27,169 INFO SSH tunnel started  pid=17972  VPS:7843 -> local:7842
2026-05-29 00:21:37,170 WARNING Relay exited (code=1), restarting in 5s...
2026-05-29 00:21:42,181 INFO Relay started  pid=3620  port=7842
2026-05-29 00:21:46,185 INFO SSH tunnel started  pid=11168  VPS:7843 -> local:7842
2026-05-29 00:21:56,186 WARNING Relay exited (code=1), restarting in 5s...
2026-05-29 00:22:01,189 INFO Relay started  pid=15224  port=7842
2026-05-29 00:22:05,196 INFO SSH tunnel started  pid=4412  VPS:7843 -> local:7842
2026-05-29 00:22:15,197 WARNING Relay exited (code=1), restarting in 5s...
2026-05-29 00:22:20,200 INFO Relay started  pid=8076  port=7842
2026-05-29 00:22:24,204 INFO SSH tunnel started  pid=4552  VPS:7843 -> local:7842
2026-05-29 00:22:34,206 WARNING Relay exited (code=1), restarting in 5s...
2026-05-29 00:22:39,213 INFO Relay started  pid=5196  port=7842
2026-05-29 00:22:43,220 INFO SSH tunnel started  pid=536  VPS:7843 -> local:7842
2026-05-29 00:22:46,866 INFO ==================================================
2026-05-29 00:22:46,866 INFO SparkP2P Relay Keepalive starting
2026-05-29 00:22:46,866 INFO Relay port : 7842
2026-05-29 00:22:46,866 INFO VPS tunnel : root@157.245.175.55  remote port 7843
2026-05-29 00:22:46,866 INFO ==================================================
2026-05-29 00:22:46,873 INFO Relay started  pid=128  port=7842
2026-05-29 00:22:50,881 INFO SSH tunnel started  pid=14464  VPS:7843 -> local:7842
2026-05-29 00:23:00,884 WARNING Relay exited (code=1), restarting in 5s...
2026-05-29 00:23:05,888 INFO Relay started  pid=14488  port=7842
2026-05-29 00:23:09,896 INFO SSH tunnel started  pid=6040  VPS:7843 -> local:7842
2026-05-29 00:23:19,898 WARNING Relay exited (code=1), restarting in 5s...
2026-05-29 00:23:24,903 INFO Relay started  pid=1440  port=7842
2026-05-29 00:23:28,913 INFO SSH tunnel started  pid=18396  VPS:7843 -> local:7842
2026-05-29 00:23:38,986 WARNING Relay exited (code=1), restarting in 5s...
2026-05-29 00:23:43,990 INFO Relay started  pid=16224  port=7842
2026-05-29 00:23:47,997 INFO SSH tunnel started  pid=17072  VPS:7843 -> local:7842
2026-05-29 00:23:57,999 WARNING Relay exited (code=1), restarting in 5s...
2026-05-29 00:24:03,002 INFO Relay started  pid=7896  port=7842
2026-05-29 00:24:07,012 INFO SSH tunnel started  pid=17132  VPS:7843 -> local:7842
2026-05-29 00:24:17,013 WARNING Relay exited (code=1), restarting in 5s...
2026-05-29 00:24:22,740 INFO ==================================================
2026-05-29 00:24:22,741 INFO SparkP2P Relay Keepalive starting
2026-05-29 00:24:22,741 INFO Relay port : 7842
2026-05-29 00:24:22,741 INFO VPS tunnel : root@157.245.175.55  remote port 7843
2026-05-29 00:24:22,741 INFO ==================================================
2026-05-29 00:24:22,749 INFO Relay started  pid=2736  port=7842
2026-05-29 00:24:26,754 INFO SSH tunnel started  pid=3920  VPS:7843 -> local:7842
2026-05-29 00:24:36,755 WARNING Relay exited (code=1), restarting in 5s...
2026-05-29 00:24:41,762 INFO Relay started  pid=11168  port=7842
2026-05-29 00:24:45,768 INFO SSH tunnel started  pid=5140  VPS:7843 -> local:7842
2026-05-29 00:24:55,769 WARNING Relay exited (code=1), restarting in 5s...
2026-05-29 00:25:00,773 INFO Relay started  pid=18180  port=7842
2026-05-29 00:25:04,778 INFO SSH tunnel started  pid=17504  VPS:7843 -> local:7842
2026-05-29 00:25:14,779 WARNING Relay exited (code=1), restarting in 5s...
2026-05-29 00:25:19,782 INFO Relay started  pid=15516  port=7842
2026-05-29 00:25:23,786 INFO SSH tunnel started  pid=15224  VPS:7843 -> local:7842
2026-05-29 00:26:37,243 INFO ==================================================
2026-05-29 00:26:37,244 INFO SparkP2P Relay Keepalive starting
2026-05-29 00:26:37,244 INFO Relay port : 7842
2026-05-29 00:26:37,244 INFO VPS tunnel : root@157.245.175.55  remote port 7843
2026-05-29 00:26:37,244 INFO ==================================================
2026-05-29 00:26:37,252 INFO Relay started  pid=15552  port=7842
2026-05-29 00:26:41,262 INFO SSH tunnel started  pid=15964  VPS:7843 -> local:7842
2026-05-29 00:34:25,601 INFO ==================================================
2026-05-29 00:34:25,602 INFO SparkP2P Relay Keepalive starting
2026-05-29 00:34:25,602 INFO Relay port : 7842
2026-05-29 00:34:25,602 INFO VPS tunnel : root@157.245.175.55  remote port 7843
2026-05-29 00:34:25,602 INFO ==================================================
2026-05-29 00:34:25,612 INFO Relay started  pid=16752  port=7842
2026-05-29 00:34:29,616 INFO SSH tunnel started  pid=17884  VPS:7843 -> local:7842
2026-05-29 00:34:39,617 WARNING Relay exited (code=1), restarting in 5s...
2026-05-29 00:34:44,620 INFO Relay started  pid=17504  port=7842
2026-05-29 00:34:48,631 INFO SSH tunnel started  pid=2856  VPS:7843 -> local:7842
2026-05-29 00:34:58,631 WARNING Relay exited (code=1), restarting in 5s...
2026-05-29 00:35:03,635 INFO Relay started  pid=17848  port=7842
2026-05-29 00:35:07,639 INFO SSH tunnel started  pid=3920  VPS:7843 -> local:7842
2026-05-29 00:35:17,640 WARNING Relay exited (code=1), restarting in 5s...
2026-05-29 00:35:22,644 INFO Relay started  pid=8280  port=7842
2026-05-29 00:35:26,651 INFO SSH tunnel started  pid=16700  VPS:7843 -> local:7842
2026-05-29 00:35:36,653 WARNING Relay exited (code=1), restarting in 5s...
2026-05-29 00:35:41,656 INFO Relay started  pid=15604  port=7842
2026-05-29 00:35:45,661 INFO SSH tunnel started  pid=16812  VPS:7843 -> local:7842
2026-05-29 00:35:55,662 WARNING Relay exited (code=1), restarting in 5s...
2026-05-29 00:36:00,670 INFO Relay started  pid=17724  port=7842
2026-05-29 00:36:04,676 INFO SSH tunnel started  pid=8020  VPS:7843 -> local:7842
2026-05-29 00:36:14,678 WARNING Relay exited (code=1), restarting in 5s...
2026-05-29 00:36:19,681 INFO Relay started  pid=17072  port=7842
2026-05-29 00:36:23,685 INFO SSH tunnel started  pid=8604  VPS:7843 -> local:7842
2026-05-29 00:36:33,686 WARNING Relay exited (code=1), restarting in 5s...
2026-05-29 00:36:38,693 INFO Relay started  pid=14956  port=7842
2026-05-29 00:36:42,768 INFO SSH tunnel started  pid=7956  VPS:7843 -> local:7842
2026-05-29 00:36:52,770 WARNING Relay exited (code=1), restarting in 5s...
2026-05-29 00:36:57,773 INFO Relay started  pid=17344  port=7842
2026-05-29 00:37:01,778 INFO SSH tunnel started  pid=16184  VPS:7843 -> local:7842
2026-05-29 00:37:11,779 WARNING Relay exited (code=1), restarting in 5s...
2026-05-29 00:37:16,783 INFO Relay started  pid=2824  port=7842
2026-05-29 00:37:20,786 INFO SSH tunnel started  pid=15008  VPS:7843 -> local:7842
2026-05-29 00:37:30,787 WARNING Relay exited (code=1), restarting in 5s...
2026-05-29 00:37:35,792 INFO Relay started  pid=10492  port=7842
2026-05-29 00:37:39,796 INFO SSH tunnel started  pid=9128  VPS:7843 -> local:7842
2026-05-29 00:37:49,797 WARNING Relay exited (code=1), restarting in 5s...
2026-05-29 00:37:54,802 INFO Relay started  pid=16320  port=7842
2026-05-29 00:37:58,807 INFO SSH tunnel started  pid=10428  VPS:7843 -> local:7842
2026-05-29 00:38:08,808 WARNING Relay exited (code=1), restarting in 5s...
2026-05-29 00:38:13,811 INFO Relay started  pid=8316  port=7842
2026-05-29 00:38:17,815 INFO SSH tunnel started  pid=240  VPS:7843 -> local:7842
2026-05-29 00:38:27,815 WARNING Relay exited (code=1), restarting in 5s...
2026-05-29 00:38:32,819 INFO Relay started  pid=14952  port=7842
2026-05-29 00:38:36,829 INFO SSH tunnel started  pid=16076  VPS:7843 -> local:7842
2026-05-29 00:38:46,830 WARNING Relay exited (code=1), restarting in 5s...
2026-05-29 00:38:51,833 INFO Relay started  pid=16108  port=7842
2026-05-29 00:38:55,847 INFO SSH tunnel started  pid=15664  VPS:7843 -> local:7842
2026-05-29 00:39:05,848 WARNING Relay exited (code=1), restarting in 5s...
2026-05-29 00:39:10,853 INFO Relay started  pid=1280  port=7842
2026-05-29 00:39:14,858 INFO SSH tunnel started  pid=17352  VPS:7843 -> local:7842
2026-05-29 00:39:24,859 WARNING Relay exited (code=1), restarting in 5s...
2026-05-29 00:39:29,863 INFO Relay started  pid=2496  port=7842
2026-05-29 00:39:33,866 INFO SSH tunnel started  pid=5620  VPS:7843 -> local:7842
2026-05-29 00:39:43,867 WARNING Relay exited (code=1), restarting in 5s...
2026-05-29 00:39:48,871 INFO Relay started  pid=17104  port=7842
2026-05-29 00:39:52,878 INFO SSH tunnel started  pid=14516  VPS:7843 -> local:7842
2026-05-29 00:40:02,879 WARNING Relay exited (code=1), restarting in 5s...
2026-05-29 00:40:07,882 INFO Relay started  pid=14560  port=7842
2026-05-29 00:40:11,888 INFO SSH tunnel started  pid=18320  VPS:7843 -> local:7842
2026-05-29 00:40:21,889 WARNING Relay exited (code=1), restarting in 5s...
2026-05-29 00:40:26,892 INFO Relay started  pid=18248  port=7842
2026-05-29 00:40:30,897 INFO SSH tunnel started  pid=8076  VPS:7843 -> local:7842
2026-05-29 00:40:40,897 WARNING Relay exited (code=1), restarting in 5s...
2026-05-29 00:40:45,901 INFO Relay started  pid=10728  port=7842
2026-05-29 00:40:49,904 INFO SSH tunnel started  pid=16312  VPS:7843 -> local:7842
2026-05-29 00:40:59,906 WARNING Relay exited (code=1), restarting in 5s...
2026-05-29 00:41:04,909 INFO Relay started  pid=16832  port=7842
2026-05-29 00:41:08,913 INFO SSH tunnel started  pid=8624  VPS:7843 -> local:7842
2026-05-29 00:41:18,913 WARNING Relay exited (code=1), restarting in 5s...
2026-05-29 00:41:23,922 INFO Relay started  pid=17196  port=7842
2026-05-29 00:41:27,926 INFO SSH tunnel started  pid=18008  VPS:7843 -> local:7842
2026-05-29 00:41:37,927 WARNING Relay exited (code=1), restarting in 5s...
2026-05-29 00:41:42,930 INFO Relay started  pid=8256  port=7842
2026-05-29 00:41:46,938 INFO SSH tunnel started  pid=13672  VPS:7843 -> local:7842
2026-05-29 00:41:56,939 WARNING Relay exited (code=1), restarting in 5s...
2026-05-29 00:42:01,945 INFO Relay started  pid=9896  port=7842
2026-05-29 00:42:05,950 INFO SSH tunnel started  pid=17540  VPS:7843 -> local:7842
2026-05-29 02:32:16,911 WARNING SSH tunnel exited (code=255), restarting in 10s...
2026-05-29 02:32:26,918 INFO SSH tunnel started  pid=1208  VPS:7843 -> local:7842
2026-05-29 02:32:46,920 WARNING SSH tunnel exited (code=255), restarting in 10s...
2026-05-29 02:32:56,923 INFO SSH tunnel started  pid=17672  VPS:7843 -> local:7842
2026-05-29 02:33:16,925 WARNING SSH tunnel exited (code=255), restarting in 10s...
2026-05-29 02:33:26,927 INFO SSH tunnel started  pid=18268  VPS:7843 -> local:7842
2026-05-29 02:33:46,930 WARNING SSH tunnel exited (code=255), restarting in 10s...
2026-05-29 02:33:56,932 INFO SSH tunnel started  pid=13384  VPS:7843 -> local:7842
2026-05-29 10:21:38,384 INFO ==================================================
2026-05-29 10:21:38,400 INFO SparkP2P Relay Keepalive starting
2026-05-29 10:21:38,400 INFO Relay port : 7842
2026-05-29 10:21:38,400 INFO VPS tunnel : root@157.245.175.55  remote port 7843
2026-05-29 10:21:38,400 INFO ==================================================
2026-05-29 10:21:38,400 INFO Relay started  pid=8828  port=7842
2026-05-29 10:21:42,417 INFO SSH tunnel started  pid=5904  VPS:7843 -> local:7842
2026-05-29 10:21:52,418 WARNING SSH tunnel exited (code=255), restarting in 10s...
2026-05-29 10:22:03,381 INFO SSH tunnel started  pid=11968  VPS:7843 -> local:7842
2026-05-29 15:22:15,697 WARNING Relay exited (code=4294967295), restarting in 5s...
2026-05-29 15:22:20,739 INFO Relay started  pid=13724  port=7842
2026-05-29 15:22:24,752 INFO SSH tunnel started  pid=7536  VPS:7843 -> local:7842
2026-05-29 17:54:15,468 WARNING SSH tunnel exited (code=255), restarting in 10s...
2026-05-29 17:54:25,498 INFO SSH tunnel started  pid=15120  VPS:7843 -> local:7842
2026-05-29 17:54:45,499 WARNING SSH tunnel exited (code=255), restarting in 10s...
2026-05-29 17:54:55,507 INFO SSH tunnel started  pid=17288  VPS:7843 -> local:7842
2026-05-29 17:55:15,509 WARNING SSH tunnel exited (code=255), restarting in 10s...
2026-05-29 17:55:25,515 INFO SSH tunnel started  pid=16388  VPS:7843 -> local:7842
2026-05-29 18:37:17,186 WARNING SSH tunnel exited (code=255), restarting in 10s...
2026-05-29 18:37:27,201 INFO SSH tunnel started  pid=15432  VPS:7843 -> local:7842
2026-05-29 18:37:47,203 WARNING SSH tunnel exited (code=255), restarting in 10s...
2026-05-29 18:37:57,209 INFO SSH tunnel started  pid=10384  VPS:7843 -> local:7842
2026-05-29 18:38:17,210 WARNING SSH tunnel exited (code=255), restarting in 10s...
2026-05-29 18:38:27,217 INFO SSH tunnel started  pid=5236  VPS:7843 -> local:7842
2026-05-29 18:38:47,219 WARNING SSH tunnel exited (code=255), restarting in 10s...
2026-05-29 18:38:57,225 INFO SSH tunnel started  pid=8304  VPS:7843 -> local:7842
2026-05-29 18:39:17,227 WARNING SSH tunnel exited (code=255), restarting in 10s...
2026-05-29 18:39:27,232 INFO SSH tunnel started  pid=2752  VPS:7843 -> local:7842
2026-05-29 18:39:47,232 WARNING SSH tunnel exited (code=255), restarting in 10s...
2026-05-29 18:39:57,237 INFO SSH tunnel started  pid=16900  VPS:7843 -> local:7842
2026-05-29 18:40:17,238 WARNING SSH tunnel exited (code=255), restarting in 10s...
2026-05-29 18:40:27,242 INFO SSH tunnel started  pid=11320  VPS:7843 -> local:7842
2026-05-29 18:40:47,244 WARNING SSH tunnel exited (code=255), restarting in 10s...
2026-05-29 18:40:57,249 INFO SSH tunnel started  pid=15884  VPS:7843 -> local:7842
2026-05-29 18:41:17,250 WARNING SSH tunnel exited (code=255), restarting in 10s...
2026-05-29 18:41:27,254 INFO SSH tunnel started  pid=2732  VPS:7843 -> local:7842
2026-05-30 23:10:14,353 INFO ==================================================
2026-05-30 23:10:14,369 INFO SparkP2P Relay Keepalive starting
2026-05-30 23:10:14,369 INFO Relay port : 7842
2026-05-30 23:10:14,369 INFO VPS tunnel : root@157.245.175.55  remote port 7843
2026-05-30 23:10:14,369 INFO ==================================================
2026-05-30 23:10:14,384 INFO Relay started  pid=8836  port=7842
2026-05-30 23:10:18,432 INFO SSH tunnel started  pid=10172  VPS:7843 -> local:7842
2026-05-31 11:26:09,704 INFO ==================================================
2026-05-31 11:26:09,720 INFO SparkP2P Relay Keepalive starting
2026-05-31 11:26:09,720 INFO Relay port : 7842
2026-05-31 11:26:09,720 INFO VPS tunnel : root@157.245.175.55  remote port 7843
2026-05-31 11:26:09,720 INFO ==================================================
2026-05-31 11:26:09,735 INFO Relay started  pid=9488  port=7842
2026-05-31 11:26:13,745 INFO SSH tunnel started  pid=3480  VPS:7843 -> local:7842
2026-05-31 15:28:04,747 WARNING SSH tunnel exited (code=255), restarting in 10s...
2026-05-31 15:28:14,765 INFO SSH tunnel started  pid=14136  VPS:7843 -> local:7842
2026-05-31 16:00:24,815 WARNING SSH tunnel exited (code=255), restarting in 10s...
2026-05-31 16:00:34,821 INFO SSH tunnel started  pid=7516  VPS:7843 -> local:7842
2026-05-31 16:16:04,849 WARNING SSH tunnel exited (code=255), restarting in 10s...
2026-05-31 16:16:14,854 INFO SSH tunnel started  pid=5272  VPS:7843 -> local:7842
2026-05-31 16:35:54,883 WARNING SSH tunnel exited (code=255), restarting in 10s...
2026-05-31 16:36:04,890 INFO SSH tunnel started  pid=11964  VPS:7843 -> local:7842
2026-05-31 18:18:25,197 WARNING SSH tunnel exited (code=255), restarting in 10s...
2026-05-31 18:18:35,202 INFO SSH tunnel started  pid=17076  VPS:7843 -> local:7842
2026-06-01 10:54:43,413 INFO ==================================================
2026-06-01 10:54:43,445 INFO SparkP2P Relay Keepalive starting
2026-06-01 10:54:43,445 INFO Relay port : 7842
2026-06-01 10:54:43,461 INFO VPS tunnel : root@157.245.175.55  remote port 7843
2026-06-01 10:54:43,476 INFO ==================================================
2026-06-01 10:54:43,523 INFO Relay started  pid=8936  port=7842
2026-06-01 10:54:47,544 INFO SSH tunnel started  pid=9312  VPS:7843 -> local:7842
2026-06-01 12:10:19,345 WARNING SSH tunnel exited (code=255), restarting in 10s...
2026-06-01 12:10:29,355 INFO SSH tunnel started  pid=6712  VPS:7843 -> local:7842
2026-06-01 13:53:49,675 WARNING SSH tunnel exited (code=255), restarting in 10s...
2026-06-01 13:53:59,684 INFO SSH tunnel started  pid=1576  VPS:7843 -> local:7842
2026-06-02 11:33:38,528 INFO ==================================================
2026-06-02 11:33:38,591 INFO SparkP2P Relay Keepalive starting
2026-06-02 11:33:38,591 INFO Relay port : 7842
2026-06-02 11:33:38,606 INFO VPS tunnel : root@157.245.175.55  remote port 7843
2026-06-02 11:33:38,622 INFO ==================================================
2026-06-02 11:33:38,654 INFO Relay started  pid=8988  port=7842
2026-06-02 11:33:42,661 INFO SSH tunnel started  pid=9348  VPS:7843 -> local:7842
2026-06-03 19:29:03,396 INFO ==================================================
2026-06-03 19:29:03,412 INFO SparkP2P Relay Keepalive starting
2026-06-03 19:29:03,412 INFO Relay port : 7842
2026-06-03 19:29:03,412 INFO VPS tunnel : root@157.245.175.55  remote port 7843
2026-06-03 19:29:03,412 INFO ==================================================
2026-06-03 19:29:03,412 INFO Relay started  pid=3488  port=7842
2026-06-03 19:29:07,431 INFO SSH tunnel started  pid=8832  VPS:7843 -> local:7842
2026-06-04 03:11:37,503 WARNING SSH tunnel exited (code=255), restarting in 10s...
2026-06-04 03:11:47,517 INFO SSH tunnel started  pid=16928  VPS:7843 -> local:7842
2026-06-04 03:15:47,525 WARNING SSH tunnel exited (code=255), restarting in 10s...
2026-06-04 03:15:57,530 INFO SSH tunnel started  pid=16356  VPS:7843 -> local:7842
2026-06-04 03:16:07,532 WARNING SSH tunnel exited (code=255), restarting in 10s...
2026-06-04 03:16:17,540 INFO SSH tunnel started  pid=11732  VPS:7843 -> local:7842
2026-06-04 03:16:27,541 WARNING SSH tunnel exited (code=255), restarting in 10s...
2026-06-04 03:16:37,546 INFO SSH tunnel started  pid=12540  VPS:7843 -> local:7842
2026-06-04 03:16:47,548 WARNING SSH tunnel exited (code=255), restarting in 10s...
2026-06-04 03:16:57,553 INFO SSH tunnel started  pid=16152  VPS:7843 -> local:7842
2026-06-04 03:17:17,554 WARNING SSH tunnel exited (code=255), restarting in 10s...
2026-06-04 03:17:27,559 INFO SSH tunnel started  pid=2240  VPS:7843 -> local:7842
2026-06-04 03:17:57,561 WARNING SSH tunnel exited (code=255), restarting in 10s...
2026-06-04 03:18:07,565 INFO SSH tunnel started  pid=7048  VPS:7843 -> local:7842
2026-06-04 03:18:17,567 WARNING SSH tunnel exited (code=255), restarting in 10s...
2026-06-04 03:18:27,572 INFO SSH tunnel started  pid=17052  VPS:7843 -> local:7842
2026-06-04 03:18:37,572 WARNING SSH tunnel exited (code=255), restarting in 10s...
2026-06-04 03:18:47,578 INFO SSH tunnel started  pid=14408  VPS:7843 -> local:7842
2026-06-04 03:19:07,579 WARNING SSH tunnel exited (code=255), restarting in 10s...
2026-06-04 03:19:17,583 INFO SSH tunnel started  pid=3856  VPS:7843 -> local:7842
2026-06-04 03:21:07,588 WARNING SSH tunnel exited (code=255), restarting in 10s...
2026-06-04 03:21:17,592 INFO SSH tunnel started  pid=16328  VPS:7843 -> local:7842
2026-06-04 03:21:27,594 WARNING SSH tunnel exited (code=255), restarting in 10s...
2026-06-04 03:21:37,598 INFO SSH tunnel started  pid=16296  VPS:7843 -> local:7842
2026-06-04 03:21:47,600 WARNING SSH tunnel exited (code=255), restarting in 10s...
2026-06-04 03:21:57,606 INFO SSH tunnel started  pid=16668  VPS:7843 -> local:7842
2026-06-04 03:22:07,607 WARNING SSH tunnel exited (code=255), restarting in 10s...
2026-06-04 03:22:17,613 INFO SSH tunnel started  pid=8740  VPS:7843 -> local:7842
2026-06-04 03:22:27,614 WARNING SSH tunnel exited (code=255), restarting in 10s...
2026-06-04 03:22:37,616 INFO SSH tunnel started  pid=4604  VPS:7843 -> local:7842
2026-06-04 03:22:47,618 WARNING SSH tunnel exited (code=255), restarting in 10s...
2026-06-04 03:22:57,623 INFO SSH tunnel started  pid=8916  VPS:7843 -> local:7842
2026-06-04 03:23:07,624 WARNING SSH tunnel exited (code=255), restarting in 10s...
2026-06-04 03:23:17,629 INFO SSH tunnel started  pid=4028  VPS:7843 -> local:7842
2026-06-04 03:23:27,630 WARNING SSH tunnel exited (code=255), restarting in 10s...
2026-06-04 03:23:37,635 INFO SSH tunnel started  pid=4460  VPS:7843 -> local:7842
2026-06-04 03:23:47,635 WARNING SSH tunnel exited (code=255), restarting in 10s...
2026-06-04 03:23:57,640 INFO SSH tunnel started  pid=11780  VPS:7843 -> local:7842
2026-06-04 03:24:07,642 WARNING SSH tunnel exited (code=255), restarting in 10s...
2026-06-04 03:24:17,647 INFO SSH tunnel started  pid=12936  VPS:7843 -> local:7842
2026-06-04 03:24:27,649 WARNING SSH tunnel exited (code=255), restarting in 10s...
2026-06-04 03:24:37,655 INFO SSH tunnel started  pid=16376  VPS:7843 -> local:7842
2026-06-04 03:24:47,656 WARNING SSH tunnel exited (code=255), restarting in 10s...
2026-06-04 03:24:57,660 INFO SSH tunnel started  pid=1404  VPS:7843 -> local:7842
2026-06-04 03:25:07,662 WARNING SSH tunnel exited (code=255), restarting in 10s...
2026-06-04 03:25:17,667 INFO SSH tunnel started  pid=5552  VPS:7843 -> local:7842
2026-06-04 03:25:27,669 WARNING SSH tunnel exited (code=255), restarting in 10s...
2026-06-04 03:25:37,674 INFO SSH tunnel started  pid=13624  VPS:7843 -> local:7842
2026-06-04 03:25:47,675 WARNING SSH tunnel exited (code=255), restarting in 10s...
2026-06-04 03:25:57,680 INFO SSH tunnel started  pid=16300  VPS:7843 -> local:7842
2026-06-04 03:26:07,681 WARNING SSH tunnel exited (code=255), restarting in 10s...
2026-06-04 03:26:17,686 INFO SSH tunnel started  pid=17212  VPS:7843 -> local:7842
2026-06-04 03:26:27,687 WARNING SSH tunnel exited (code=255), restarting in 10s...
2026-06-04 03:26:37,691 INFO SSH tunnel started  pid=16760  VPS:7843 -> local:7842
2026-06-04 03:26:47,693 WARNING SSH tunnel exited (code=255), restarting in 10s...
2026-06-04 03:26:57,697 INFO SSH tunnel started  pid=15472  VPS:7843 -> local:7842
2026-06-04 03:27:07,698 WARNING SSH tunnel exited (code=255), restarting in 10s...
2026-06-04 03:27:17,703 INFO SSH tunnel started  pid=12240  VPS:7843 -> local:7842
2026-06-04 03:27:27,704 WARNING SSH tunnel exited (code=255), restarting in 10s...
2026-06-04 03:27:37,709 INFO SSH tunnel started  pid=6032  VPS:7843 -> local:7842
2026-06-04 03:27:57,710 WARNING SSH tunnel exited (code=255), restarting in 10s...
2026-06-04 03:28:07,715 INFO SSH tunnel started  pid=16348  VPS:7843 -> local:7842
2026-06-04 03:28:17,716 WARNING SSH tunnel exited (code=255), restarting in 10s...
2026-06-04 03:28:27,720 INFO SSH tunnel started  pid=12160  VPS:7843 -> local:7842
2026-06-04 03:28:37,721 WARNING SSH tunnel exited (code=255), restarting in 10s...
2026-06-04 03:28:47,726 INFO SSH tunnel started  pid=15916  VPS:7843 -> local:7842
2026-06-04 03:28:57,726 WARNING SSH tunnel exited (code=255), restarting in 10s...
2026-06-04 03:29:07,733 INFO SSH tunnel started  pid=11724  VPS:7843 -> local:7842
2026-06-04 03:29:37,734 WARNING SSH tunnel exited (code=255), restarting in 10s...
2026-06-04 03:29:47,739 INFO SSH tunnel started  pid=16624  VPS:7843 -> local:7842
2026-06-04 03:29:57,740 WARNING SSH tunnel exited (code=255), restarting in 10s...
2026-06-04 03:30:07,749 INFO SSH tunnel started  pid=10432  VPS:7843 -> local:7842
2026-06-04 03:30:17,751 WARNING SSH tunnel exited (code=255), restarting in 10s...
2026-06-04 03:30:27,755 INFO SSH tunnel started  pid=15124  VPS:7843 -> local:7842
2026-06-04 03:30:37,756 WARNING SSH tunnel exited (code=255), restarting in 10s...
2026-06-04 03:30:47,761 INFO SSH tunnel started  pid=16772  VPS:7843 -> local:7842
2026-06-04 03:30:57,762 WARNING SSH tunnel exited (code=255), restarting in 10s...
2026-06-04 03:31:07,767 INFO SSH tunnel started  pid=248  VPS:7843 -> local:7842
2026-06-04 03:31:17,767 WARNING SSH tunnel exited (code=255), restarting in 10s...
2026-06-04 03:31:27,772 INFO SSH tunnel started  pid=16912  VPS:7843 -> local:7842
2026-06-04 03:31:37,773 WARNING SSH tunnel exited (code=255), restarting in 10s...
2026-06-04 03:31:47,777 INFO SSH tunnel started  pid=5932  VPS:7843 -> local:7842
2026-06-04 12:23:40,133 INFO ==================================================
2026-06-04 12:23:40,149 INFO SparkP2P Relay Keepalive starting
2026-06-04 12:23:40,149 INFO Relay port : 7842
2026-06-04 12:23:40,149 INFO VPS tunnel : root@157.245.175.55  remote port 7843
2026-06-04 12:23:40,165 INFO ==================================================
2026-06-04 12:23:40,180 INFO Relay started  pid=8696  port=7842
2026-06-04 12:23:44,185 INFO SSH tunnel started  pid=7916  VPS:7843 -> local:7842
2026-06-04 18:28:48,013 WARNING SSH tunnel exited (code=255), restarting in 10s...
2026-06-04 18:28:58,032 INFO SSH tunnel started  pid=7664  VPS:7843 -> local:7842
2026-06-04 18:29:18,034 WARNING SSH tunnel exited (code=255), restarting in 10s...
2026-06-04 18:29:28,039 INFO SSH tunnel started  pid=1716  VPS:7843 -> local:7842
2026-06-04 18:29:38,040 WARNING SSH tunnel exited (code=255), restarting in 10s...
2026-06-04 18:29:48,044 INFO SSH tunnel started  pid=2372  VPS:7843 -> local:7842
2026-06-04 18:29:58,045 WARNING SSH tunnel exited (code=255), restarting in 10s...
2026-06-04 18:30:08,050 INFO SSH tunnel started  pid=2076  VPS:7843 -> local:7842
2026-06-04 18:30:18,050 WARNING SSH tunnel exited (code=255), restarting in 10s...
2026-06-04 18:30:28,055 INFO SSH tunnel started  pid=1756  VPS:7843 -> local:7842
2026-06-04 18:30:38,056 WARNING SSH tunnel exited (code=255), restarting in 10s...
2026-06-04 18:30:48,060 INFO SSH tunnel started  pid=11152  VPS:7843 -> local:7842
2026-06-04 18:30:58,061 WARNING SSH tunnel exited (code=255), restarting in 10s...
2026-06-04 18:31:08,065 INFO SSH tunnel started  pid=2364  VPS:7843 -> local:7842
2026-06-04 18:31:18,066 WARNING SSH tunnel exited (code=255), restarting in 10s...
2026-06-04 18:31:28,071 INFO SSH tunnel started  pid=3060  VPS:7843 -> local:7842
2026-06-04 18:31:38,071 WARNING SSH tunnel exited (code=255), restarting in 10s...
2026-06-04 18:31:48,076 INFO SSH tunnel started  pid=16192  VPS:7843 -> local:7842
2026-06-04 18:31:58,077 WARNING SSH tunnel exited (code=255), restarting in 10s...
2026-06-04 18:32:08,081 INFO SSH tunnel started  pid=11812  VPS:7843 -> local:7842
2026-06-04 18:32:18,082 WARNING SSH tunnel exited (code=255), restarting in 10s...
2026-06-04 18:32:28,087 INFO SSH tunnel started  pid=8816  VPS:7843 -> local:7842
2026-06-04 18:32:38,088 WARNING SSH tunnel exited (code=255), restarting in 10s...
2026-06-04 18:32:48,092 INFO SSH tunnel started  pid=2808  VPS:7843 -> local:7842
2026-06-04 18:32:58,094 WARNING SSH tunnel exited (code=255), restarting in 10s...
2026-06-04 18:33:08,098 INFO SSH tunnel started  pid=16684  VPS:7843 -> local:7842
2026-06-04 18:33:18,099 WARNING SSH tunnel exited (code=255), restarting in 10s...
2026-06-04 18:33:28,103 INFO SSH tunnel started  pid=6588  VPS:7843 -> local:7842
2026-06-04 18:34:48,105 WARNING SSH tunnel exited (code=255), restarting in 10s...
2026-06-04 18:34:58,110 INFO SSH tunnel started  pid=7332  VPS:7843 -> local:7842
2026-06-04 18:35:08,110 WARNING SSH tunnel exited (code=255), restarting in 10s...
2026-06-04 18:35:18,115 INFO SSH tunnel started  pid=5696  VPS:7843 -> local:7842
2026-06-04 18:35:28,115 WARNING SSH tunnel exited (code=255), restarting in 10s...
2026-06-04 18:35:38,120 INFO SSH tunnel started  pid=13368  VPS:7843 -> local:7842
2026-06-04 18:35:48,121 WARNING SSH tunnel exited (code=255), restarting in 10s...
2026-06-04 18:35:58,125 INFO SSH tunnel started  pid=1492  VPS:7843 -> local:7842
2026-06-04 18:36:08,126 WARNING SSH tunnel exited (code=255), restarting in 10s...
2026-06-04 18:36:18,131 INFO SSH tunnel started  pid=7308  VPS:7843 -> local:7842
2026-06-04 18:36:28,132 WARNING SSH tunnel exited (code=255), restarting in 10s...
2026-06-04 18:36:38,136 INFO SSH tunnel started  pid=14800  VPS:7843 -> local:7842
2026-06-04 18:36:48,137 WARNING SSH tunnel exited (code=255), restarting in 10s...
2026-06-04 18:36:58,141 INFO SSH tunnel started  pid=8640  VPS:7843 -> local:7842
2026-06-04 18:37:08,142 WARNING SSH tunnel exited (code=255), restarting in 10s...
2026-06-04 18:37:18,147 INFO SSH tunnel started  pid=13888  VPS:7843 -> local:7842
2026-06-04 18:37:28,147 WARNING SSH tunnel exited (code=255), restarting in 10s...
2026-06-04 18:37:38,152 INFO SSH tunnel started  pid=9972  VPS:7843 -> local:7842
2026-06-04 18:37:48,153 WARNING SSH tunnel exited (code=255), restarting in 10s...
2026-06-04 18:37:58,158 INFO SSH tunnel started  pid=16736  VPS:7843 -> local:7842
2026-06-04 18:38:08,159 WARNING SSH tunnel exited (code=255), restarting in 10s...
2026-06-04 18:38:18,164 INFO SSH tunnel started  pid=16100  VPS:7843 -> local:7842
2026-06-04 18:38:28,165 WARNING SSH tunnel exited (code=255), restarting in 10s...
2026-06-04 18:38:38,170 INFO SSH tunnel started  pid=12040  VPS:7843 -> local:7842
2026-06-04 18:38:48,171 WARNING SSH tunnel exited (code=255), restarting in 10s...
2026-06-04 18:38:58,175 INFO SSH tunnel started  pid=12940  VPS:7843 -> local:7842
2026-06-04 18:39:08,176 WARNING SSH tunnel exited (code=255), restarting in 10s...
2026-06-04 18:39:18,179 INFO SSH tunnel started  pid=6312  VPS:7843 -> local:7842
2026-06-04 18:39:28,180 WARNING SSH tunnel exited (code=255), restarting in 10s...
2026-06-04 18:39:38,184 INFO SSH tunnel started  pid=2932  VPS:7843 -> local:7842
2026-06-04 18:39:48,185 WARNING SSH tunnel exited (code=255), restarting in 10s...
2026-06-04 18:39:58,190 INFO SSH tunnel started  pid=14480  VPS:7843 -> local:7842
2026-06-04 18:40:08,190 WARNING SSH tunnel exited (code=255), restarting in 10s...
2026-06-04 18:40:18,195 INFO SSH tunnel started  pid=16304  VPS:7843 -> local:7842
2026-06-04 18:40:28,195 WARNING SSH tunnel exited (code=255), restarting in 10s...
2026-06-04 18:40:38,198 INFO SSH tunnel started  pid=3388  VPS:7843 -> local:7842
2026-06-04 18:40:48,200 WARNING SSH tunnel exited (code=255), restarting in 10s...
2026-06-04 18:40:58,204 INFO SSH tunnel started  pid=5820  VPS:7843 -> local:7842
2026-06-04 18:41:08,205 WARNING SSH tunnel exited (code=255), restarting in 10s...
2026-06-04 18:41:18,209 INFO SSH tunnel started  pid=7292  VPS:7843 -> local:7842
2026-06-04 18:41:28,210 WARNING SSH tunnel exited (code=255), restarting in 10s...
2026-06-04 18:41:38,214 INFO SSH tunnel started  pid=12612  VPS:7843 -> local:7842
2026-06-04 18:41:48,215 WARNING SSH tunnel exited (code=255), restarting in 10s...
2026-06-04 18:41:58,219 INFO SSH tunnel started  pid=8768  VPS:7843 -> local:7842
2026-06-04 18:42:08,220 WARNING SSH tunnel exited (code=255), restarting in 10s...
2026-06-04 18:42:18,225 INFO SSH tunnel started  pid=16516  VPS:7843 -> local:7842
2026-06-04 18:42:28,225 WARNING SSH tunnel exited (code=255), restarting in 10s...
2026-06-04 18:42:38,228 INFO SSH tunnel started  pid=8520  VPS:7843 -> local:7842
2026-06-04 18:42:48,229 WARNING SSH tunnel exited (code=255), restarting in 10s...
2026-06-04 18:42:58,234 INFO SSH tunnel started  pid=4596  VPS:7843 -> local:7842
2026-06-04 18:43:08,234 WARNING SSH tunnel exited (code=255), restarting in 10s...
2026-06-04 18:43:18,239 INFO SSH tunnel started  pid=12140  VPS:7843 -> local:7842
2026-06-04 18:43:28,240 WARNING SSH tunnel exited (code=255), restarting in 10s...
2026-06-04 18:43:38,244 INFO SSH tunnel started  pid=13920  VPS:7843 -> local:7842
2026-06-04 18:43:48,245 WARNING SSH tunnel exited (code=255), restarting in 10s...
2026-06-04 18:43:58,249 INFO SSH tunnel started  pid=6416  VPS:7843 -> local:7842
2026-06-04 18:44:08,250 WARNING SSH tunnel exited (code=255), restarting in 10s...
2026-06-04 18:44:18,254 INFO SSH tunnel started  pid=13464  VPS:7843 -> local:7842
2026-06-04 18:44:28,255 WARNING SSH tunnel exited (code=255), restarting in 10s...
2026-06-04 18:44:38,260 INFO SSH tunnel started  pid=16260  VPS:7843 -> local:7842
2026-06-04 18:44:48,260 WARNING SSH tunnel exited (code=255), restarting in 10s...
2026-06-04 18:44:58,265 INFO SSH tunnel started  pid=13944  VPS:7843 -> local:7842
2026-06-04 18:45:08,266 WARNING SSH tunnel exited (code=255), restarting in 10s...
2026-06-04 18:45:18,270 INFO SSH tunnel started  pid=17360  VPS:7843 -> local:7842
2026-06-04 18:45:28,271 WARNING SSH tunnel exited (code=255), restarting in 10s...
2026-06-04 18:45:38,275 INFO SSH tunnel started  pid=15616  VPS:7843 -> local:7842
2026-06-04 18:45:48,276 WARNING SSH tunnel exited (code=255), restarting in 10s...
2026-06-04 18:45:58,281 INFO SSH tunnel started  pid=2264  VPS:7843 -> local:7842
2026-06-04 20:15:08,381 WARNING SSH tunnel exited (code=255), restarting in 10s...
2026-06-04 20:15:18,385 INFO SSH tunnel started  pid=9372  VPS:7843 -> local:7842
2026-06-04 20:17:58,388 WARNING SSH tunnel exited (code=255), restarting in 10s...
2026-06-04 20:18:08,392 INFO SSH tunnel started  pid=6888  VPS:7843 -> local:7842
2026-06-04 21:27:09,182 WARNING SSH tunnel exited (code=255), restarting in 10s...
2026-06-04 21:27:19,195 INFO SSH tunnel started  pid=14552  VPS:7843 -> local:7842
2026-06-04 21:35:59,207 WARNING SSH tunnel exited (code=255), restarting in 10s...
2026-06-04 21:36:09,213 INFO SSH tunnel started  pid=14468  VPS:7843 -> local:7842
2026-06-04 21:36:29,214 WARNING SSH tunnel exited (code=255), restarting in 10s...
2026-06-04 21:36:39,220 INFO SSH tunnel started  pid=17136  VPS:7843 -> local:7842
2026-06-04 21:36:59,221 WARNING SSH tunnel exited (code=255), restarting in 10s...
2026-06-04 21:37:09,223 INFO SSH tunnel started  pid=16272  VPS:7843 -> local:7842
2026-06-04 21:37:49,226 WARNING SSH tunnel exited (code=255), restarting in 10s...
2026-06-04 21:37:59,232 INFO SSH tunnel started  pid=8424  VPS:7843 -> local:7842
2026-06-04 21:38:09,233 WARNING SSH tunnel exited (code=255), restarting in 10s...
2026-06-04 21:38:19,237 INFO SSH tunnel started  pid=17224  VPS:7843 -> local:7842
2026-06-04 21:38:29,238 WARNING SSH tunnel exited (code=255), restarting in 10s...
2026-06-04 21:38:39,244 INFO SSH tunnel started  pid=1756  VPS:7843 -> local:7842
2026-06-04 21:39:39,247 WARNING SSH tunnel exited (code=255), restarting in 10s...
2026-06-04 21:39:49,252 INFO SSH tunnel started  pid=13828  VPS:7843 -> local:7842
2026-06-04 21:39:59,253 WARNING SSH tunnel exited (code=255), restarting in 10s...
2026-06-04 21:40:09,258 INFO SSH tunnel started  pid=15824  VPS:7843 -> local:7842
2026-06-04 21:40:29,259 WARNING SSH tunnel exited (code=255), restarting in 10s...
2026-06-04 21:40:39,264 INFO SSH tunnel started  pid=8444  VPS:7843 -> local:7842
2026-06-04 21:40:49,265 WARNING SSH tunnel exited (code=255), restarting in 10s...
2026-06-04 21:40:59,269 INFO SSH tunnel started  pid=8244  VPS:7843 -> local:7842
2026-06-04 21:41:09,270 WARNING SSH tunnel exited (code=255), restarting in 10s...
2026-06-04 21:41:19,275 INFO SSH tunnel started  pid=12040  VPS:7843 -> local:7842
2026-06-04 21:41:29,276 WARNING SSH tunnel exited (code=255), restarting in 10s...
2026-06-04 21:41:39,280 INFO SSH tunnel started  pid=8540  VPS:7843 -> local:7842
2026-06-04 21:41:49,281 WARNING SSH tunnel exited (code=255), restarting in 10s...
2026-06-04 21:41:59,285 INFO SSH tunnel started  pid=13472  VPS:7843 -> local:7842
2026-06-04 21:42:09,286 WARNING SSH tunnel exited (code=255), restarting in 10s...
2026-06-04 21:42:19,290 INFO SSH tunnel started  pid=11480  VPS:7843 -> local:7842
2026-06-04 21:42:29,292 WARNING SSH tunnel exited (code=255), restarting in 10s...
2026-06-04 21:42:39,296 INFO SSH tunnel started  pid=532  VPS:7843 -> local:7842
2026-06-04 21:42:49,297 WARNING SSH tunnel exited (code=255), restarting in 10s...
2026-06-04 21:42:59,301 INFO SSH tunnel started  pid=14552  VPS:7843 -> local:7842
2026-06-04 21:43:09,302 WARNING SSH tunnel exited (code=255), restarting in 10s...
2026-06-04 21:43:19,307 INFO SSH tunnel started  pid=16912  VPS:7843 -> local:7842
2026-06-04 21:43:29,309 WARNING SSH tunnel exited (code=255), restarting in 10s...
2026-06-04 21:43:39,313 INFO SSH tunnel started  pid=13852  VPS:7843 -> local:7842
2026-06-04 21:43:49,314 WARNING SSH tunnel exited (code=255), restarting in 10s...
2026-06-04 21:43:59,319 INFO SSH tunnel started  pid=5796  VPS:7843 -> local:7842
2026-06-04 21:44:09,320 WARNING SSH tunnel exited (code=255), restarting in 10s...
2026-06-04 21:44:19,324 INFO SSH tunnel started  pid=11848  VPS:7843 -> local:7842
2026-06-04 21:44:29,429 WARNING SSH tunnel exited (code=255), restarting in 10s...
2026-06-04 21:44:39,433 INFO SSH tunnel started  pid=8680  VPS:7843 -> local:7842
2026-06-04 21:44:49,435 WARNING SSH tunnel exited (code=255), restarting in 10s...
2026-06-04 21:44:59,439 INFO SSH tunnel started  pid=15876  VPS:7843 -> local:7842
2026-06-04 21:45:09,440 WARNING SSH tunnel exited (code=255), restarting in 10s...
2026-06-04 21:45:19,444 INFO SSH tunnel started  pid=1332  VPS:7843 -> local:7842
2026-06-04 21:45:29,446 WARNING SSH tunnel exited (code=255), restarting in 10s...
2026-06-04 21:45:39,450 INFO SSH tunnel started  pid=3632  VPS:7843 -> local:7842
2026-06-04 21:45:49,452 WARNING SSH tunnel exited (code=255), restarting in 10s...
2026-06-04 21:45:59,456 INFO SSH tunnel started  pid=2512  VPS:7843 -> local:7842
2026-06-04 21:46:09,457 WARNING SSH tunnel exited (code=255), restarting in 10s...
2026-06-04 21:46:19,462 INFO SSH tunnel started  pid=2288  VPS:7843 -> local:7842
2026-06-04 21:46:29,464 WARNING SSH tunnel exited (code=255), restarting in 10s...
2026-06-04 21:46:39,468 INFO SSH tunnel started  pid=8540  VPS:7843 -> local:7842
2026-06-04 21:46:49,469 WARNING SSH tunnel exited (code=255), restarting in 10s...
2026-06-04 21:46:59,473 INFO SSH tunnel started  pid=9092  VPS:7843 -> local:7842
2026-06-04 21:47:09,474 WARNING SSH tunnel exited (code=255), restarting in 10s...
2026-06-04 21:47:19,480 INFO SSH tunnel started  pid=7912  VPS:7843 -> local:7842
2026-06-04 21:47:29,481 WARNING SSH tunnel exited (code=255), restarting in 10s...
2026-06-04 21:47:39,485 INFO SSH tunnel started  pid=16688  VPS:7843 -> local:7842
2026-06-04 21:47:59,486 WARNING SSH tunnel exited (code=255), restarting in 10s...
2026-06-04 21:48:09,491 INFO SSH tunnel started  pid=9280  VPS:7843 -> local:7842
2026-06-04 21:48:29,492 WARNING SSH tunnel exited (code=255), restarting in 10s...
2026-06-04 21:48:39,496 INFO SSH tunnel started  pid=5880  VPS:7843 -> local:7842
2026-06-04 21:48:59,498 WARNING SSH tunnel exited (code=255), restarting in 10s...
2026-06-04 21:49:09,503 INFO SSH tunnel started  pid=15444  VPS:7843 -> local:7842
2026-06-04 21:49:29,598 WARNING SSH tunnel exited (code=255), restarting in 10s...
2026-06-04 21:49:39,603 INFO SSH tunnel started  pid=17504  VPS:7843 -> local:7842
2026-06-04 21:49:59,604 WARNING SSH tunnel exited (code=255), restarting in 10s...
2026-06-04 21:50:09,609 INFO SSH tunnel started  pid=17588  VPS:7843 -> local:7842
2026-06-04 21:51:49,612 WARNING SSH tunnel exited (code=255), restarting in 10s...
2026-06-04 21:51:59,616 INFO SSH tunnel started  pid=18120  VPS:7843 -> local:7842
2026-06-04 21:52:09,617 WARNING SSH tunnel exited (code=255), restarting in 10s...
2026-06-04 21:52:19,623 INFO SSH tunnel started  pid=18236  VPS:7843 -> local:7842
2026-06-04 21:52:29,624 WARNING SSH tunnel exited (code=255), restarting in 10s...
2026-06-04 21:52:39,628 INFO SSH tunnel started  pid=10276  VPS:7843 -> local:7842
2026-06-04 21:53:59,630 WARNING SSH tunnel exited (code=255), restarting in 10s...
2026-06-04 21:54:09,635 INFO SSH tunnel started  pid=6964  VPS:7843 -> local:7842
2026-06-04 21:54:49,637 WARNING SSH tunnel exited (code=255), restarting in 10s...
2026-06-04 21:54:59,641 INFO SSH tunnel started  pid=8680  VPS:7843 -> local:7842
2026-06-04 21:55:19,642 WARNING SSH tunnel exited (code=255), restarting in 10s...
2026-06-04 21:55:29,647 INFO SSH tunnel started  pid=14780  VPS:7843 -> local:7842
2026-06-04 22:00:15,636 WARNING SSH tunnel exited (code=255), restarting in 10s...
2026-06-04 22:00:25,641 INFO SSH tunnel started  pid=18312  VPS:7843 -> local:7842
2026-06-04 22:00:45,642 WARNING SSH tunnel exited (code=255), restarting in 10s...
2026-06-04 22:00:55,647 INFO SSH tunnel started  pid=264  VPS:7843 -> local:7842
2026-06-04 22:01:05,648 WARNING SSH tunnel exited (code=255), restarting in 10s...
2026-06-04 22:01:15,652 INFO SSH tunnel started  pid=3208  VPS:7843 -> local:7842
2026-06-04 22:01:25,653 WARNING SSH tunnel exited (code=255), restarting in 10s...
2026-06-04 22:01:35,657 INFO SSH tunnel started  pid=16540  VPS:7843 -> local:7842
2026-06-04 22:01:45,658 WARNING SSH tunnel exited (code=255), restarting in 10s...
2026-06-04 22:01:55,662 INFO SSH tunnel started  pid=11804  VPS:7843 -> local:7842
2026-06-04 22:02:05,663 WARNING SSH tunnel exited (code=255), restarting in 10s...
2026-06-04 22:02:15,668 INFO SSH tunnel started  pid=17128  VPS:7843 -> local:7842
2026-06-04 22:02:25,668 WARNING SSH tunnel exited (code=255), restarting in 10s...
2026-06-04 22:02:35,673 INFO SSH tunnel started  pid=8680  VPS:7843 -> local:7842
2026-06-04 22:02:45,674 WARNING SSH tunnel exited (code=255), restarting in 10s...
2026-06-04 22:02:55,678 INFO SSH tunnel started  pid=9092  VPS:7843 -> local:7842
2026-06-04 22:03:05,679 WARNING SSH tunnel exited (code=255), restarting in 10s...
2026-06-04 22:03:15,683 INFO SSH tunnel started  pid=6548  VPS:7843 -> local:7842
2026-06-04 22:03:25,684 WARNING SSH tunnel exited (code=255), restarting in 10s...
2026-06-04 22:03:35,689 INFO SSH tunnel started  pid=9368  VPS:7843 -> local:7842
2026-06-04 22:03:45,689 WARNING SSH tunnel exited (code=255), restarting in 10s...
2026-06-04 22:03:55,694 INFO SSH tunnel started  pid=6832  VPS:7843 -> local:7842
2026-06-04 22:04:05,694 WARNING SSH tunnel exited (code=255), restarting in 10s...
2026-06-04 22:04:15,699 INFO SSH tunnel started  pid=3496  VPS:7843 -> local:7842
2026-06-04 22:04:25,700 WARNING SSH tunnel exited (code=255), restarting in 10s...
2026-06-04 22:04:35,704 INFO SSH tunnel started  pid=15516  VPS:7843 -> local:7842
2026-06-04 22:04:45,706 WARNING SSH tunnel exited (code=255), restarting in 10s...
2026-06-04 22:04:55,710 INFO SSH tunnel started  pid=16576  VPS:7843 -> local:7842
2026-06-04 22:05:05,712 WARNING SSH tunnel exited (code=255), restarting in 10s...
2026-06-04 22:05:15,716 INFO SSH tunnel started  pid=14472  VPS:7843 -> local:7842
2026-06-04 22:05:25,717 WARNING SSH tunnel exited (code=255), restarting in 10s...
2026-06-04 22:05:35,721 INFO SSH tunnel started  pid=7460  VPS:7843 -> local:7842
2026-06-04 22:05:45,722 WARNING SSH tunnel exited (code=255), restarting in 10s...
2026-06-04 22:05:55,725 INFO SSH tunnel started  pid=15636  VPS:7843 -> local:7842
2026-06-04 22:06:05,726 WARNING SSH tunnel exited (code=255), restarting in 10s...
2026-06-04 22:06:15,730 INFO SSH tunnel started  pid=3712  VPS:7843 -> local:7842
2026-06-04 22:06:25,731 WARNING SSH tunnel exited (code=255), restarting in 10s...
2026-06-04 22:06:35,736 INFO SSH tunnel started  pid=16556  VPS:7843 -> local:7842
2026-06-04 22:06:45,737 WARNING SSH tunnel exited (code=255), restarting in 10s...
2026-06-04 22:06:55,742 INFO SSH tunnel started  pid=17288  VPS:7843 -> local:7842
2026-06-04 22:07:05,743 WARNING SSH tunnel exited (code=255), restarting in 10s...
2026-06-04 22:07:15,746 INFO SSH tunnel started  pid=9284  VPS:7843 -> local:7842
2026-06-04 22:07:25,747 WARNING SSH tunnel exited (code=255), restarting in 10s...
2026-06-04 22:07:35,751 INFO SSH tunnel started  pid=11892  VPS:7843 -> local:7842
2026-06-04 22:07:45,752 WARNING SSH tunnel exited (code=255), restarting in 10s...
2026-06-04 22:07:55,757 INFO SSH tunnel started  pid=16300  VPS:7843 -> local:7842
2026-06-04 22:08:05,758 WARNING SSH tunnel exited (code=255), restarting in 10s...
2026-06-04 22:08:15,762 INFO SSH tunnel started  pid=12400  VPS:7843 -> local:7842
2026-06-04 22:08:25,763 WARNING SSH tunnel exited (code=255), restarting in 10s...
2026-06-04 22:08:35,767 INFO SSH tunnel started  pid=4500  VPS:7843 -> local:7842
2026-06-04 22:08:45,768 WARNING SSH tunnel exited (code=255), restarting in 10s...
2026-06-04 22:08:55,773 INFO SSH tunnel started  pid=12420  VPS:7843 -> local:7842
2026-06-04 22:09:05,773 WARNING SSH tunnel exited (code=255), restarting in 10s...
2026-06-04 22:09:15,778 INFO SSH tunnel started  pid=15388  VPS:7843 -> local:7842
2026-06-04 22:09:25,779 WARNING SSH tunnel exited (code=255), restarting in 10s...
2026-06-04 22:09:35,783 INFO SSH tunnel started  pid=11860  VPS:7843 -> local:7842
2026-06-04 22:09:45,784 WARNING SSH tunnel exited (code=255), restarting in 10s...
2026-06-04 22:09:55,788 INFO SSH tunnel started  pid=10888  VPS:7843 -> local:7842
2026-06-04 22:10:05,789 WARNING SSH tunnel exited (code=255), restarting in 10s...
2026-06-04 22:10:15,794 INFO SSH tunnel started  pid=16576  VPS:7843 -> local:7842
2026-06-04 22:10:25,794 WARNING SSH tunnel exited (code=255), restarting in 10s...
2026-06-04 22:10:35,799 INFO SSH tunnel started  pid=17556  VPS:7843 -> local:7842
2026-06-04 22:10:45,800 WARNING SSH tunnel exited (code=255), restarting in 10s...
2026-06-04 22:10:55,803 INFO SSH tunnel started  pid=14908  VPS:7843 -> local:7842
2026-06-04 22:11:05,804 WARNING SSH tunnel exited (code=255), restarting in 10s...
2026-06-04 22:11:15,808 INFO SSH tunnel started  pid=2992  VPS:7843 -> local:7842
2026-06-04 22:11:25,810 WARNING SSH tunnel exited (code=255), restarting in 10s...
2026-06-04 22:11:35,814 INFO SSH tunnel started  pid=12380  VPS:7843 -> local:7842
2026-06-04 22:11:45,815 WARNING SSH tunnel exited (code=255), restarting in 10s...
2026-06-04 22:11:55,818 INFO SSH tunnel started  pid=4396  VPS:7843 -> local:7842
2026-06-04 22:12:05,818 WARNING SSH tunnel exited (code=255), restarting in 10s...
2026-06-04 22:12:15,823 INFO SSH tunnel started  pid=18104  VPS:7843 -> local:7842
2026-06-04 22:12:25,823 WARNING SSH tunnel exited (code=255), restarting in 10s...
2026-06-04 22:12:35,828 INFO SSH tunnel started  pid=17856  VPS:7843 -> local:7842
2026-06-04 22:12:45,828 WARNING SSH tunnel exited (code=255), restarting in 10s...
2026-06-04 22:12:55,833 INFO SSH tunnel started  pid=5468  VPS:7843 -> local:7842
2026-06-04 22:13:05,834 WARNING SSH tunnel exited (code=255), restarting in 10s...
2026-06-04 22:13:15,838 INFO SSH tunnel started  pid=12332  VPS:7843 -> local:7842
2026-06-04 22:13:25,840 WARNING SSH tunnel exited (code=255), restarting in 10s...
2026-06-04 22:13:35,844 INFO SSH tunnel started  pid=17672  VPS:7843 -> local:7842
2026-06-04 22:13:45,845 WARNING SSH tunnel exited (code=255), restarting in 10s...
2026-06-04 22:13:55,848 INFO SSH tunnel started  pid=3156  VPS:7843 -> local:7842
2026-06-04 22:14:05,849 WARNING SSH tunnel exited (code=255), restarting in 10s...
2026-06-04 22:14:15,853 INFO SSH tunnel started  pid=596  VPS:7843 -> local:7842
2026-06-04 22:14:25,854 WARNING SSH tunnel exited (code=255), restarting in 10s...
2026-06-04 22:14:35,859 INFO SSH tunnel started  pid=17984  VPS:7843 -> local:7842
2026-06-04 22:14:45,860 WARNING SSH tunnel exited (code=255), restarting in 10s...
2026-06-04 22:14:55,864 INFO SSH tunnel started  pid=17840  VPS:7843 -> local:7842
2026-06-04 22:15:05,865 WARNING SSH tunnel exited (code=255), restarting in 10s...
2026-06-04 22:15:15,870 INFO SSH tunnel started  pid=17524  VPS:7843 -> local:7842
2026-06-04 22:15:25,871 WARNING SSH tunnel exited (code=255), restarting in 10s...
2026-06-04 22:15:35,876 INFO SSH tunnel started  pid=7564  VPS:7843 -> local:7842
2026-06-04 22:15:45,877 WARNING SSH tunnel exited (code=255), restarting in 10s...
2026-06-04 22:15:55,881 INFO SSH tunnel started  pid=18320  VPS:7843 -> local:7842
2026-06-04 22:16:05,883 WARNING SSH tunnel exited (code=255), restarting in 10s...
2026-06-04 22:16:15,887 INFO SSH tunnel started  pid=9240  VPS:7843 -> local:7842
2026-06-04 22:16:25,888 WARNING SSH tunnel exited (code=255), restarting in 10s...
2026-06-04 22:16:35,892 INFO SSH tunnel started  pid=17576  VPS:7843 -> local:7842
2026-06-04 22:16:45,893 WARNING SSH tunnel exited (code=255), restarting in 10s...
2026-06-04 22:16:55,897 INFO SSH tunnel started  pid=11896  VPS:7843 -> local:7842
2026-06-04 23:15:06,109 WARNING SSH tunnel exited (code=255), restarting in 10s...
2026-06-04 23:15:16,114 INFO SSH tunnel started  pid=3208  VPS:7843 -> local:7842
2026-06-04 23:15:36,116 WARNING SSH tunnel exited (code=255), restarting in 10s...
2026-06-04 23:15:46,120 INFO SSH tunnel started  pid=17616  VPS:7843 -> local:7842
2026-06-04 23:16:56,122 WARNING SSH tunnel exited (code=255), restarting in 10s...
2026-06-04 23:17:06,126 INFO SSH tunnel started  pid=18336  VPS:7843 -> local:7842
2026-06-04 23:17:16,127 WARNING SSH tunnel exited (code=255), restarting in 10s...
2026-06-04 23:17:26,131 INFO SSH tunnel started  pid=18140  VPS:7843 -> local:7842
2026-06-04 23:17:36,132 WARNING SSH tunnel exited (code=255), restarting in 10s...
2026-06-04 23:17:46,135 INFO SSH tunnel started  pid=8312  VPS:7843 -> local:7842
2026-06-04 23:17:56,136 WARNING SSH tunnel exited (code=255), restarting in 10s...
2026-06-04 23:18:06,141 INFO SSH tunnel started  pid=18108  VPS:7843 -> local:7842
2026-06-04 23:18:16,142 WARNING SSH tunnel exited (code=255), restarting in 10s...
2026-06-04 23:18:26,146 INFO SSH tunnel started  pid=16888  VPS:7843 -> local:7842
2026-06-04 23:18:36,148 WARNING SSH tunnel exited (code=255), restarting in 10s...
2026-06-04 23:18:46,152 INFO SSH tunnel started  pid=17988  VPS:7843 -> local:7842
2026-06-04 23:18:56,153 WARNING SSH tunnel exited (code=255), restarting in 10s...
2026-06-04 23:19:06,159 INFO SSH tunnel started  pid=4620  VPS:7843 -> local:7842
2026-06-04 23:19:16,159 WARNING SSH tunnel exited (code=255), restarting in 10s...
2026-06-04 23:19:26,166 INFO SSH tunnel started  pid=996  VPS:7843 -> local:7842
2026-06-04 23:19:36,167 WARNING SSH tunnel exited (code=255), restarting in 10s...
2026-06-04 23:19:46,169 INFO SSH tunnel started  pid=18228  VPS:7843 -> local:7842
2026-06-04 23:19:56,171 WARNING SSH tunnel exited (code=255), restarting in 10s...
2026-06-04 23:20:06,177 INFO SSH tunnel started  pid=4396  VPS:7843 -> local:7842
2026-06-04 23:20:46,179 WARNING SSH tunnel exited (code=255), restarting in 10s...
2026-06-04 23:20:56,182 INFO SSH tunnel started  pid=14888  VPS:7843 -> local:7842
2026-06-04 23:21:06,183 WARNING SSH tunnel exited (code=255), restarting in 10s...
2026-06-04 23:21:16,187 INFO SSH tunnel started  pid=17452  VPS:7843 -> local:7842
2026-06-04 23:21:26,188 WARNING SSH tunnel exited (code=255), restarting in 10s...
2026-06-04 23:21:36,194 INFO SSH tunnel started  pid=6964  VPS:7843 -> local:7842
2026-06-04 23:21:56,196 WARNING SSH tunnel exited (code=255), restarting in 10s...
2026-06-04 23:22:06,198 INFO SSH tunnel started  pid=18016  VPS:7843 -> local:7842
2026-06-04 23:22:16,200 WARNING SSH tunnel exited (code=255), restarting in 10s...
2026-06-04 23:22:26,202 INFO SSH tunnel started  pid=18472  VPS:7843 -> local:7842
2026-06-04 23:22:46,204 WARNING SSH tunnel exited (code=255), restarting in 10s...
2026-06-04 23:22:56,213 INFO SSH tunnel started  pid=10000  VPS:7843 -> local:7842
2026-06-04 23:23:16,213 WARNING SSH tunnel exited (code=255), restarting in 10s...
2026-06-04 23:23:26,218 INFO SSH tunnel started  pid=19188  VPS:7843 -> local:7842
2026-06-04 23:23:36,219 WARNING SSH tunnel exited (code=255), restarting in 10s...
2026-06-04 23:23:46,223 INFO SSH tunnel started  pid=16664  VPS:7843 -> local:7842
2026-06-04 23:24:26,225 WARNING SSH tunnel exited (code=255), restarting in 10s...
2026-06-04 23:24:36,227 INFO SSH tunnel started  pid=17332  VPS:7843 -> local:7842
2026-06-04 23:24:56,229 WARNING SSH tunnel exited (code=255), restarting in 10s...
2026-06-04 23:25:06,233 INFO SSH tunnel started  pid=16812  VPS:7843 -> local:7842
2026-06-04 23:25:16,234 WARNING SSH tunnel exited (code=255), restarting in 10s...
2026-06-04 23:25:26,242 INFO SSH tunnel started  pid=19060  VPS:7843 -> local:7842
2026-06-04 23:25:46,243 WARNING SSH tunnel exited (code=255), restarting in 10s...
2026-06-04 23:25:56,246 INFO SSH tunnel started  pid=5308  VPS:7843 -> local:7842
2026-06-04 23:26:06,248 WARNING SSH tunnel exited (code=255), restarting in 10s...
2026-06-04 23:26:16,256 INFO SSH tunnel started  pid=18720  VPS:7843 -> local:7842
2026-06-04 23:26:26,258 WARNING SSH tunnel exited (code=255), restarting in 10s...
2026-06-04 23:26:36,262 INFO SSH tunnel started  pid=19004  VPS:7843 -> local:7842
2026-06-04 23:26:46,264 WARNING SSH tunnel exited (code=255), restarting in 10s...
2026-06-04 23:26:56,267 INFO SSH tunnel started  pid=18212  VPS:7843 -> local:7842
2026-06-04 23:27:06,267 WARNING SSH tunnel exited (code=255), restarting in 10s...
2026-06-04 23:27:16,272 INFO SSH tunnel started  pid=19104  VPS:7843 -> local:7842
2026-06-04 23:27:36,274 WARNING SSH tunnel exited (code=255), restarting in 10s...
2026-06-04 23:27:46,278 INFO SSH tunnel started  pid=10012  VPS:7843 -> local:7842
2026-06-04 23:28:26,280 WARNING SSH tunnel exited (code=255), restarting in 10s...
2026-06-04 23:28:36,287 INFO SSH tunnel started  pid=18528  VPS:7843 -> local:7842
2026-06-04 23:28:46,289 WARNING SSH tunnel exited (code=255), restarting in 10s...
2026-06-04 23:28:56,293 INFO SSH tunnel started  pid=18032  VPS:7843 -> local:7842
2026-06-04 23:29:16,295 WARNING SSH tunnel exited (code=255), restarting in 10s...
2026-06-04 23:29:26,302 INFO SSH tunnel started  pid=19368  VPS:7843 -> local:7842
2026-06-04 23:29:46,320 WARNING SSH tunnel exited (code=255), restarting in 10s...
2026-06-04 23:29:56,325 INFO SSH tunnel started  pid=13488  VPS:7843 -> local:7842
2026-06-04 23:30:06,325 WARNING SSH tunnel exited (code=255), restarting in 10s...
2026-06-04 23:30:16,328 INFO SSH tunnel started  pid=18044  VPS:7843 -> local:7842
2026-06-04 23:30:26,329 WARNING SSH tunnel exited (code=255), restarting in 10s...
2026-06-04 23:30:36,335 INFO SSH tunnel started  pid=4024  VPS:7843 -> local:7842
2026-06-04 23:30:46,336 WARNING SSH tunnel exited (code=255), restarting in 10s...
2026-06-04 23:30:56,339 INFO SSH tunnel started  pid=5368  VPS:7843 -> local:7842
2026-06-04 23:31:06,339 WARNING SSH tunnel exited (code=255), restarting in 10s...
2026-06-04 23:31:16,344 INFO SSH tunnel started  pid=18672  VPS:7843 -> local:7842
2026-06-04 23:31:26,344 WARNING SSH tunnel exited (code=255), restarting in 10s...
2026-06-04 23:31:36,457 INFO SSH tunnel started  pid=9244  VPS:7843 -> local:7842
2026-06-04 23:31:46,459 WARNING SSH tunnel exited (code=255), restarting in 10s...
2026-06-04 23:31:56,467 INFO SSH tunnel started  pid=9016  VPS:7843 -> local:7842
2026-06-04 23:32:06,470 WARNING SSH tunnel exited (code=255), restarting in 10s...
2026-06-04 23:32:16,473 INFO SSH tunnel started  pid=15928  VPS:7843 -> local:7842
2026-06-04 23:32:26,474 WARNING SSH tunnel exited (code=255), restarting in 10s...
2026-06-04 23:32:36,479 INFO SSH tunnel started  pid=16148  VPS:7843 -> local:7842
2026-06-04 23:32:56,480 WARNING SSH tunnel exited (code=255), restarting in 10s...
2026-06-04 23:33:06,483 INFO SSH tunnel started  pid=17964  VPS:7843 -> local:7842
2026-06-04 23:33:26,483 WARNING SSH tunnel exited (code=255), restarting in 10s...
2026-06-04 23:33:36,488 INFO SSH tunnel started  pid=16252  VPS:7843 -> local:7842
2026-06-04 23:33:56,489 WARNING SSH tunnel exited (code=255), restarting in 10s...
2026-06-04 23:34:06,495 INFO SSH tunnel started  pid=12056  VPS:7843 -> local:7842
2026-06-04 23:34:26,564 WARNING SSH tunnel exited (code=255), restarting in 10s...
2026-06-04 23:34:36,569 INFO SSH tunnel started  pid=18424  VPS:7843 -> local:7842
2026-06-04 23:34:56,570 WARNING SSH tunnel exited (code=255), restarting in 10s...
2026-06-04 23:35:06,573 INFO SSH tunnel started  pid=9016  VPS:7843 -> local:7842
2026-06-04 23:35:26,574 WARNING SSH tunnel exited (code=255), restarting in 10s...
2026-06-04 23:35:36,579 INFO SSH tunnel started  pid=14908  VPS:7843 -> local:7842
2026-06-04 23:35:56,580 WARNING SSH tunnel exited (code=255), restarting in 10s...
2026-06-04 23:36:06,585 INFO SSH tunnel started  pid=16128  VPS:7843 -> local:7842
2026-06-04 23:36:26,586 WARNING SSH tunnel exited (code=255), restarting in 10s...
2026-06-04 23:36:36,592 INFO SSH tunnel started  pid=16032  VPS:7843 -> local:7842
2026-06-04 23:36:56,593 WARNING SSH tunnel exited (code=255), restarting in 10s...
2026-06-04 23:37:06,599 INFO SSH tunnel started  pid=2360  VPS:7843 -> local:7842
2026-06-04 23:37:26,601 WARNING SSH tunnel exited (code=255), restarting in 10s...
2026-06-04 23:37:36,605 INFO SSH tunnel started  pid=17484  VPS:7843 -> local:7842
2026-06-04 23:39:06,641 WARNING SSH tunnel exited (code=255), restarting in 10s...
2026-06-04 23:39:16,649 INFO SSH tunnel started  pid=15500  VPS:7843 -> local:7842
2026-06-04 23:39:36,650 WARNING SSH tunnel exited (code=255), restarting in 10s...
2026-06-04 23:39:46,657 INFO SSH tunnel started  pid=19424  VPS:7843 -> local:7842
2026-06-04 23:40:06,659 WARNING SSH tunnel exited (code=255), restarting in 10s...
2026-06-04 23:40:16,664 INFO SSH tunnel started  pid=18468  VPS:7843 -> local:7842
2026-06-04 23:40:36,665 WARNING SSH tunnel exited (code=255), restarting in 10s...
2026-06-04 23:40:46,675 INFO SSH tunnel started  pid=8268  VPS:7843 -> local:7842
2026-06-04 23:41:06,677 WARNING SSH tunnel exited (code=255), restarting in 10s...
2026-06-04 23:41:16,681 INFO SSH tunnel started  pid=18120  VPS:7843 -> local:7842
2026-06-04 23:41:36,682 WARNING SSH tunnel exited (code=255), restarting in 10s...
2026-06-04 23:41:46,688 INFO SSH tunnel started  pid=6040  VPS:7843 -> local:7842
2026-06-04 23:42:06,689 WARNING SSH tunnel exited (code=255), restarting in 10s...
2026-06-04 23:42:16,693 INFO SSH tunnel started  pid=7296  VPS:7843 -> local:7842
2026-06-04 23:42:36,694 WARNING SSH tunnel exited (code=255), restarting in 10s...
2026-06-04 23:42:46,697 INFO SSH tunnel started  pid=17880  VPS:7843 -> local:7842
2026-06-04 23:43:06,698 WARNING SSH tunnel exited (code=255), restarting in 10s...
2026-06-04 23:43:16,702 INFO SSH tunnel started  pid=18596  VPS:7843 -> local:7842
2026-06-04 23:43:36,704 WARNING SSH tunnel exited (code=255), restarting in 10s...
2026-06-04 23:43:46,706 INFO SSH tunnel started  pid=9720  VPS:7843 -> local:7842
2026-06-04 23:44:06,708 WARNING SSH tunnel exited (code=255), restarting in 10s...
2026-06-04 23:44:16,712 INFO SSH tunnel started  pid=5592  VPS:7843 -> local:7842
2026-06-04 23:44:36,714 WARNING SSH tunnel exited (code=255), restarting in 10s...
2026-06-04 23:44:46,718 INFO SSH tunnel started  pid=16336  VPS:7843 -> local:7842
2026-06-04 23:44:56,719 WARNING SSH tunnel exited (code=255), restarting in 10s...
2026-06-04 23:45:06,722 INFO SSH tunnel started  pid=16908  VPS:7843 -> local:7842
2026-06-04 23:45:16,723 WARNING SSH tunnel exited (code=255), restarting in 10s...
2026-06-04 23:45:26,726 INFO SSH tunnel started  pid=17328  VPS:7843 -> local:7842
2026-06-04 23:45:36,727 WARNING SSH tunnel exited (code=255), restarting in 10s...
2026-06-04 23:45:46,732 INFO SSH tunnel started  pid=6608  VPS:7843 -> local:7842
2026-06-04 23:45:56,733 WARNING SSH tunnel exited (code=255), restarting in 10s...
2026-06-04 23:46:06,738 INFO SSH tunnel started  pid=8568  VPS:7843 -> local:7842
2026-06-04 23:46:16,754 WARNING SSH tunnel exited (code=255), restarting in 10s...
2026-06-04 23:46:26,758 INFO SSH tunnel started  pid=12332  VPS:7843 -> local:7842
2026-06-05 09:53:42,093 INFO ==================================================
2026-06-05 09:53:42,108 INFO SparkP2P Relay Keepalive starting
2026-06-05 09:53:42,108 INFO Relay port : 7842
2026-06-05 09:53:42,108 INFO VPS tunnel : root@157.245.175.55  remote port 7843
2026-06-05 09:53:42,108 INFO ==================================================
2026-06-05 09:53:42,124 INFO Relay started  pid=1992  port=7842
2026-06-05 09:53:46,143 INFO SSH tunnel started  pid=5420  VPS:7843 -> local:7842
2026-06-05 13:41:39,233 WARNING SSH tunnel exited (code=255), restarting in 10s...
2026-06-05 13:41:49,248 INFO SSH tunnel started  pid=12712  VPS:7843 -> local:7842
2026-06-05 13:42:09,249 WARNING SSH tunnel exited (code=255), restarting in 10s...
2026-06-05 13:42:19,253 INFO SSH tunnel started  pid=400  VPS:7843 -> local:7842
2026-06-05 13:42:39,255 WARNING SSH tunnel exited (code=255), restarting in 10s...
2026-06-05 13:42:49,260 INFO SSH tunnel started  pid=15480  VPS:7843 -> local:7842
2026-06-05 14:21:49,304 WARNING SSH tunnel exited (code=255), restarting in 10s...
2026-06-05 14:21:59,309 INFO SSH tunnel started  pid=13656  VPS:7843 -> local:7842
2026-06-05 14:22:19,310 WARNING SSH tunnel exited (code=255), restarting in 10s...
2026-06-05 14:22:29,314 INFO SSH tunnel started  pid=9016  VPS:7843 -> local:7842
2026-06-05 14:22:39,315 WARNING SSH tunnel exited (code=255), restarting in 10s...
2026-06-05 14:22:49,320 INFO SSH tunnel started  pid=6400  VPS:7843 -> local:7842
2026-06-05 14:22:59,321 WARNING SSH tunnel exited (code=255), restarting in 10s...
2026-06-05 14:23:09,324 INFO SSH tunnel started  pid=7060  VPS:7843 -> local:7842
2026-06-05 14:23:19,325 WARNING SSH tunnel exited (code=255), restarting in 10s...
2026-06-05 14:23:29,329 INFO SSH tunnel started  pid=3024  VPS:7843 -> local:7842
2026-06-05 14:23:39,330 WARNING SSH tunnel exited (code=255), restarting in 10s...
2026-06-05 14:23:49,335 INFO SSH tunnel started  pid=15028  VPS:7843 -> local:7842
2026-06-05 14:23:59,336 WARNING SSH tunnel exited (code=255), restarting in 10s...
2026-06-05 14:24:09,340 INFO SSH tunnel started  pid=14424  VPS:7843 -> local:7842
2026-06-05 14:24:19,341 WARNING SSH tunnel exited (code=255), restarting in 10s...
2026-06-05 14:24:29,345 INFO SSH tunnel started  pid=15380  VPS:7843 -> local:7842
2026-06-05 14:24:39,347 WARNING SSH tunnel exited (code=255), restarting in 10s...
2026-06-05 14:24:49,352 INFO SSH tunnel started  pid=17116  VPS:7843 -> local:7842
2026-06-05 14:24:59,352 WARNING SSH tunnel exited (code=255), restarting in 10s...
2026-06-05 14:25:09,357 INFO SSH tunnel started  pid=7104  VPS:7843 -> local:7842
2026-06-05 14:25:19,358 WARNING SSH tunnel exited (code=255), restarting in 10s...
2026-06-05 14:25:29,362 INFO SSH tunnel started  pid=1844  VPS:7843 -> local:7842
2026-06-05 14:25:39,363 WARNING SSH tunnel exited (code=255), restarting in 10s...
2026-06-05 14:25:49,368 INFO SSH tunnel started  pid=15856  VPS:7843 -> local:7842
2026-06-05 14:25:59,369 WARNING SSH tunnel exited (code=255), restarting in 10s...
2026-06-05 14:26:09,374 INFO SSH tunnel started  pid=9020  VPS:7843 -> local:7842
2026-06-05 14:26:19,375 WARNING SSH tunnel exited (code=255), restarting in 10s...
2026-06-05 14:26:29,380 INFO SSH tunnel started  pid=9928  VPS:7843 -> local:7842
2026-06-05 14:26:39,381 WARNING SSH tunnel exited (code=255), restarting in 10s...
2026-06-05 14:26:49,385 INFO SSH tunnel started  pid=16612  VPS:7843 -> local:7842
2026-06-05 14:26:59,386 WARNING SSH tunnel exited (code=255), restarting in 10s...
2026-06-05 14:27:09,391 INFO SSH tunnel started  pid=15580  VPS:7843 -> local:7842
2026-06-05 14:27:19,393 WARNING SSH tunnel exited (code=255), restarting in 10s...
2026-06-05 14:27:29,397 INFO SSH tunnel started  pid=5724  VPS:7843 -> local:7842
2026-06-05 14:27:39,398 WARNING SSH tunnel exited (code=255), restarting in 10s...
2026-06-05 14:27:49,403 INFO SSH tunnel started  pid=3328  VPS:7843 -> local:7842
2026-06-05 14:27:59,404 WARNING SSH tunnel exited (code=255), restarting in 10s...
2026-06-05 14:28:09,409 INFO SSH tunnel started  pid=1556  VPS:7843 -> local:7842
2026-06-05 14:28:19,409 WARNING SSH tunnel exited (code=255), restarting in 10s...
2026-06-05 14:28:29,414 INFO SSH tunnel started  pid=96  VPS:7843 -> local:7842
2026-06-05 14:28:39,415 WARNING SSH tunnel exited (code=255), restarting in 10s...
2026-06-05 14:28:49,419 INFO SSH tunnel started  pid=3396  VPS:7843 -> local:7842
2026-06-05 14:28:59,420 WARNING SSH tunnel exited (code=255), restarting in 10s...
2026-06-05 14:29:09,425 INFO SSH tunnel started  pid=14868  VPS:7843 -> local:7842
2026-06-05 14:29:19,425 WARNING SSH tunnel exited (code=255), restarting in 10s...
2026-06-05 14:29:29,430 INFO SSH tunnel started  pid=3280  VPS:7843 -> local:7842
2026-06-05 14:29:39,431 WARNING SSH tunnel exited (code=255), restarting in 10s...
2026-06-05 14:29:49,435 INFO SSH tunnel started  pid=15436  VPS:7843 -> local:7842
2026-06-05 14:29:59,436 WARNING SSH tunnel exited (code=255), restarting in 10s...
2026-06-05 14:30:09,440 INFO SSH tunnel started  pid=12216  VPS:7843 -> local:7842
2026-06-05 14:30:19,441 WARNING SSH tunnel exited (code=255), restarting in 10s...
2026-06-05 14:30:29,445 INFO SSH tunnel started  pid=16988  VPS:7843 -> local:7842
2026-06-05 14:30:39,447 WARNING SSH tunnel exited (code=255), restarting in 10s...
2026-06-05 14:30:49,451 INFO SSH tunnel started  pid=16156  VPS:7843 -> local:7842
2026-06-05 14:30:59,452 WARNING SSH tunnel exited (code=255), restarting in 10s...
2026-06-05 14:31:09,456 INFO SSH tunnel started  pid=9088  VPS:7843 -> local:7842
2026-06-05 14:31:19,458 WARNING SSH tunnel exited (code=255), restarting in 10s...
2026-06-05 14:31:29,462 INFO SSH tunnel started  pid=16348  VPS:7843 -> local:7842
2026-06-05 14:31:39,463 WARNING SSH tunnel exited (code=255), restarting in 10s...
2026-06-05 14:31:49,467 INFO SSH tunnel started  pid=1480  VPS:7843 -> local:7842
2026-06-05 14:31:59,468 WARNING SSH tunnel exited (code=255), restarting in 10s...
2026-06-05 14:32:09,473 INFO SSH tunnel started  pid=6440  VPS:7843 -> local:7842
2026-06-05 14:32:19,474 WARNING SSH tunnel exited (code=255), restarting in 10s...
2026-06-05 14:32:29,478 INFO SSH tunnel started  pid=12644  VPS:7843 -> local:7842
2026-06-05 14:32:39,479 WARNING SSH tunnel exited (code=255), restarting in 10s...
2026-06-05 14:32:49,483 INFO SSH tunnel started  pid=5164  VPS:7843 -> local:7842
2026-06-05 14:32:59,485 WARNING SSH tunnel exited (code=255), restarting in 10s...
2026-06-05 14:33:09,489 INFO SSH tunnel started  pid=15392  VPS:7843 -> local:7842
2026-06-05 14:33:19,491 WARNING SSH tunnel exited (code=255), restarting in 10s...
2026-06-05 14:33:29,495 INFO SSH tunnel started  pid=4612  VPS:7843 -> local:7842
2026-06-05 14:33:39,496 WARNING SSH tunnel exited (code=255), restarting in 10s...
2026-06-05 14:33:49,501 INFO SSH tunnel started  pid=15272  VPS:7843 -> local:7842
2026-06-05 14:33:59,502 WARNING SSH tunnel exited (code=255), restarting in 10s...
2026-06-05 14:34:09,506 INFO SSH tunnel started  pid=9632  VPS:7843 -> local:7842
2026-06-05 14:34:19,507 WARNING SSH tunnel exited (code=255), restarting in 10s...
2026-06-05 14:34:29,511 INFO SSH tunnel started  pid=17120  VPS:7843 -> local:7842
2026-06-05 14:34:39,513 WARNING SSH tunnel exited (code=255), restarting in 10s...
2026-06-05 14:34:49,517 INFO SSH tunnel started  pid=7332  VPS:7843 -> local:7842
2026-06-05 14:34:59,518 WARNING SSH tunnel exited (code=255), restarting in 10s...
2026-06-05 14:35:09,522 INFO SSH tunnel started  pid=8852  VPS:7843 -> local:7842
2026-06-05 14:35:19,523 WARNING SSH tunnel exited (code=255), restarting in 10s...
2026-06-05 14:35:29,526 INFO SSH tunnel started  pid=16628  VPS:7843 -> local:7842
2026-06-05 14:35:39,527 WARNING SSH tunnel exited (code=255), restarting in 10s...
2026-06-05 14:35:49,531 INFO SSH tunnel started  pid=16636  VPS:7843 -> local:7842
2026-06-05 14:35:59,532 WARNING SSH tunnel exited (code=255), restarting in 10s...
2026-06-05 14:36:09,536 INFO SSH tunnel started  pid=15908  VPS:7843 -> local:7842
2026-06-05 14:36:19,538 WARNING SSH tunnel exited (code=255), restarting in 10s...
2026-06-05 14:36:29,542 INFO SSH tunnel started  pid=6400  VPS:7843 -> local:7842
2026-06-05 14:36:39,543 WARNING SSH tunnel exited (code=255), restarting in 10s...
2026-06-05 14:36:49,547 INFO SSH tunnel started  pid=12712  VPS:7843 -> local:7842
2026-06-05 14:36:59,548 WARNING SSH tunnel exited (code=255), restarting in 10s...
2026-06-05 14:37:09,553 INFO SSH tunnel started  pid=15984  VPS:7843 -> local:7842
2026-06-05 14:37:19,554 WARNING SSH tunnel exited (code=255), restarting in 10s...
2026-06-05 14:37:29,559 INFO SSH tunnel started  pid=16008  VPS:7843 -> local:7842
2026-06-05 14:37:39,559 WARNING SSH tunnel exited (code=255), restarting in 10s...
2026-06-05 14:37:49,563 INFO SSH tunnel started  pid=7292  VPS:7843 -> local:7842
2026-06-05 14:37:59,565 WARNING SSH tunnel exited (code=255), restarting in 10s...
2026-06-05 14:38:09,569 INFO SSH tunnel started  pid=8224  VPS:7843 -> local:7842
2026-06-05 14:38:19,570 WARNING SSH tunnel exited (code=255), restarting in 10s...
2026-06-05 14:38:29,574 INFO SSH tunnel started  pid=12876  VPS:7843 -> local:7842
2026-06-06 14:47:00,996 INFO ==================================================
2026-06-06 14:47:00,996 INFO SparkP2P Relay Keepalive starting
2026-06-06 14:47:00,996 INFO Relay port : 7842
2026-06-06 14:47:00,996 INFO VPS tunnel : root@157.245.175.55  remote port 7843
2026-06-06 14:47:00,996 INFO ==================================================
2026-06-06 14:47:01,012 INFO Relay started  pid=8912  port=7842
2026-06-06 14:47:05,122 INFO SSH tunnel started  pid=9156  VPS:7843 -> local:7842
2026-06-06 19:44:43,922 WARNING SSH tunnel exited (code=255), restarting in 10s...
2026-06-06 19:44:53,952 INFO SSH tunnel started  pid=9772  VPS:7843 -> local:7842
2026-06-06 19:45:03,954 WARNING SSH tunnel exited (code=255), restarting in 10s...
2026-06-06 19:45:13,958 INFO SSH tunnel started  pid=7024  VPS:7843 -> local:7842
2026-06-06 19:45:23,959 WARNING SSH tunnel exited (code=255), restarting in 10s...
2026-06-06 19:45:33,964 INFO SSH tunnel started  pid=13944  VPS:7843 -> local:7842
2026-06-06 19:45:43,965 WARNING SSH tunnel exited (code=255), restarting in 10s...
2026-06-06 19:45:53,970 INFO SSH tunnel started  pid=1864  VPS:7843 -> local:7842
2026-06-06 19:46:03,971 WARNING SSH tunnel exited (code=255), restarting in 10s...
2026-06-06 19:46:13,977 INFO SSH tunnel started  pid=2624  VPS:7843 -> local:7842
2026-06-06 19:46:23,978 WARNING SSH tunnel exited (code=255), restarting in 10s...
2026-06-06 19:46:33,988 INFO SSH tunnel started  pid=8996  VPS:7843 -> local:7842
2026-06-06 19:46:43,990 WARNING SSH tunnel exited (code=255), restarting in 10s...
2026-06-06 19:46:53,993 INFO SSH tunnel started  pid=18356  VPS:7843 -> local:7842
2026-06-06 19:47:13,994 WARNING SSH tunnel exited (code=255), restarting in 10s...
2026-06-06 19:47:24,001 INFO SSH tunnel started  pid=18032  VPS:7843 -> local:7842
2026-06-06 19:47:34,002 WARNING SSH tunnel exited (code=255), restarting in 10s...
2026-06-06 19:47:44,005 INFO SSH tunnel started  pid=10268  VPS:7843 -> local:7842
2026-06-06 19:47:54,005 WARNING SSH tunnel exited (code=255), restarting in 10s...
2026-06-06 19:48:04,008 INFO SSH tunnel started  pid=17196  VPS:7843 -> local:7842
2026-06-06 19:48:14,009 WARNING SSH tunnel exited (code=255), restarting in 10s...
2026-06-06 19:48:24,015 INFO SSH tunnel started  pid=18272  VPS:7843 -> local:7842
2026-06-06 19:48:34,016 WARNING SSH tunnel exited (code=255), restarting in 10s...
2026-06-06 19:48:44,021 INFO SSH tunnel started  pid=9280  VPS:7843 -> local:7842
2026-06-06 19:49:14,023 WARNING SSH tunnel exited (code=255), restarting in 10s...
2026-06-06 19:49:24,025 INFO SSH tunnel started  pid=16544  VPS:7843 -> local:7842
2026-06-06 19:49:34,030 WARNING SSH tunnel exited (code=255), restarting in 10s...
2026-06-06 19:49:44,036 INFO SSH tunnel started  pid=17792  VPS:7843 -> local:7842
2026-06-06 19:49:54,037 WARNING SSH tunnel exited (code=255), restarting in 10s...
2026-06-06 19:50:04,040 INFO SSH tunnel started  pid=17900  VPS:7843 -> local:7842
2026-06-06 19:50:14,040 WARNING SSH tunnel exited (code=255), restarting in 10s...
2026-06-06 19:50:24,045 INFO SSH tunnel started  pid=14896  VPS:7843 -> local:7842
2026-06-06 19:50:34,046 WARNING SSH tunnel exited (code=255), restarting in 10s...
2026-06-06 19:50:44,050 INFO SSH tunnel started  pid=16840  VPS:7843 -> local:7842
2026-06-06 19:50:54,050 WARNING SSH tunnel exited (code=255), restarting in 10s...
2026-06-06 19:51:04,055 INFO SSH tunnel started  pid=17708  VPS:7843 -> local:7842
2026-06-06 19:51:14,056 WARNING SSH tunnel exited (code=255), restarting in 10s...
2026-06-06 19:51:24,062 INFO SSH tunnel started  pid=15608  VPS:7843 -> local:7842
2026-06-06 19:51:44,063 WARNING SSH tunnel exited (code=255), restarting in 10s...
2026-06-06 19:51:54,067 INFO SSH tunnel started  pid=6196  VPS:7843 -> local:7842
2026-06-06 19:52:04,068 WARNING SSH tunnel exited (code=255), restarting in 10s...
2026-06-06 19:52:14,070 INFO SSH tunnel started  pid=18364  VPS:7843 -> local:7842
2026-06-06 19:52:24,071 WARNING SSH tunnel exited (code=255), restarting in 10s...
2026-06-06 19:52:34,075 INFO SSH tunnel started  pid=1856  VPS:7843 -> local:7842
2026-06-06 19:52:44,076 WARNING SSH tunnel exited (code=255), restarting in 10s...
2026-06-06 19:52:54,079 INFO SSH tunnel started  pid=8360  VPS:7843 -> local:7842
2026-06-06 19:53:04,080 WARNING SSH tunnel exited (code=255), restarting in 10s...
2026-06-06 19:53:14,085 INFO SSH tunnel started  pid=5660  VPS:7843 -> local:7842
2026-06-06 19:53:24,086 WARNING SSH tunnel exited (code=255), restarting in 10s...
2026-06-06 19:53:34,090 INFO SSH tunnel started  pid=1984  VPS:7843 -> local:7842
2026-06-06 19:53:44,092 WARNING SSH tunnel exited (code=255), restarting in 10s...
2026-06-06 19:53:54,096 INFO SSH tunnel started  pid=15816  VPS:7843 -> local:7842
2026-06-06 19:54:04,097 WARNING SSH tunnel exited (code=255), restarting in 10s...
2026-06-06 19:54:14,100 INFO SSH tunnel started  pid=16772  VPS:7843 -> local:7842
2026-06-06 19:54:24,101 WARNING SSH tunnel exited (code=255), restarting in 10s...
2026-06-06 19:54:34,105 INFO SSH tunnel started  pid=5636  VPS:7843 -> local:7842
2026-06-06 19:54:44,107 WARNING SSH tunnel exited (code=255), restarting in 10s...
2026-06-06 19:54:54,111 INFO SSH tunnel started  pid=4632  VPS:7843 -> local:7842
2026-06-06 19:55:04,112 WARNING SSH tunnel exited (code=255), restarting in 10s...
2026-06-06 19:55:14,114 INFO SSH tunnel started  pid=9004  VPS:7843 -> local:7842
2026-06-06 19:55:24,115 WARNING SSH tunnel exited (code=255), restarting in 10s...
2026-06-06 19:55:34,119 INFO SSH tunnel started  pid=16516  VPS:7843 -> local:7842
2026-06-06 19:55:44,120 WARNING SSH tunnel exited (code=255), restarting in 10s...
2026-06-06 19:55:54,123 INFO SSH tunnel started  pid=4356  VPS:7843 -> local:7842
2026-06-06 19:56:04,126 WARNING SSH tunnel exited (code=255), restarting in 10s...
2026-06-06 19:56:14,131 INFO SSH tunnel started  pid=17836  VPS:7843 -> local:7842
2026-06-06 19:56:24,132 WARNING SSH tunnel exited (code=255), restarting in 10s...
2026-06-06 19:56:34,136 INFO SSH tunnel started  pid=2164  VPS:7843 -> local:7842
2026-06-06 19:56:44,137 WARNING SSH tunnel exited (code=255), restarting in 10s...
2026-06-06 19:56:54,142 INFO SSH tunnel started  pid=5508  VPS:7843 -> local:7842
2026-06-06 19:57:04,143 WARNING SSH tunnel exited (code=255), restarting in 10s...
2026-06-06 19:57:14,148 INFO SSH tunnel started  pid=3264  VPS:7843 -> local:7842
2026-06-06 19:57:24,148 WARNING SSH tunnel exited (code=255), restarting in 10s...
2026-06-06 19:57:34,153 INFO SSH tunnel started  pid=8616  VPS:7843 -> local:7842
2026-06-06 19:57:44,154 WARNING SSH tunnel exited (code=255), restarting in 10s...
2026-06-06 19:57:54,159 INFO SSH tunnel started  pid=14320  VPS:7843 -> local:7842
2026-06-06 19:58:04,160 WARNING SSH tunnel exited (code=255), restarting in 10s...
2026-06-06 19:58:14,165 INFO SSH tunnel started  pid=11304  VPS:7843 -> local:7842
2026-06-06 19:58:24,167 WARNING SSH tunnel exited (code=255), restarting in 10s...
2026-06-06 19:58:34,171 INFO SSH tunnel started  pid=16624  VPS:7843 -> local:7842
2026-06-06 19:58:44,172 WARNING SSH tunnel exited (code=255), restarting in 10s...
2026-06-06 19:58:54,176 INFO SSH tunnel started  pid=16396  VPS:7843 -> local:7842
2026-06-06 19:59:04,177 WARNING SSH tunnel exited (code=255), restarting in 10s...
2026-06-06 19:59:14,182 INFO SSH tunnel started  pid=17740  VPS:7843 -> local:7842
2026-06-06 19:59:24,183 WARNING SSH tunnel exited (code=255), restarting in 10s...
2026-06-06 19:59:34,187 INFO SSH tunnel started  pid=14580  VPS:7843 -> local:7842
2026-06-06 19:59:44,188 WARNING SSH tunnel exited (code=255), restarting in 10s...
2026-06-06 19:59:54,192 INFO SSH tunnel started  pid=11204  VPS:7843 -> local:7842
2026-06-06 20:00:04,193 WARNING SSH tunnel exited (code=255), restarting in 10s...
2026-06-06 20:00:14,198 INFO SSH tunnel started  pid=10860  VPS:7843 -> local:7842
2026-06-06 20:00:24,200 WARNING SSH tunnel exited (code=255), restarting in 10s...
2026-06-06 20:00:34,205 INFO SSH tunnel started  pid=7276  VPS:7843 -> local:7842
2026-06-06 20:00:44,206 WARNING SSH tunnel exited (code=255), restarting in 10s...
2026-06-06 20:00:54,210 INFO SSH tunnel started  pid=3108  VPS:7843 -> local:7842
2026-06-06 20:01:04,211 WARNING SSH tunnel exited (code=255), restarting in 10s...
2026-06-06 20:01:14,216 INFO SSH tunnel started  pid=16860  VPS:7843 -> local:7842
2026-06-06 20:01:24,216 WARNING SSH tunnel exited (code=255), restarting in 10s...
2026-06-06 20:01:34,221 INFO SSH tunnel started  pid=4612  VPS:7843 -> local:7842
2026-06-06 20:01:44,222 WARNING SSH tunnel exited (code=255), restarting in 10s...
2026-06-06 20:01:54,225 INFO SSH tunnel started  pid=18368  VPS:7843 -> local:7842
2026-06-06 20:02:04,225 WARNING SSH tunnel exited (code=255), restarting in 10s...
2026-06-06 20:02:14,230 INFO SSH tunnel started  pid=10044  VPS:7843 -> local:7842
2026-06-06 20:02:24,231 WARNING SSH tunnel exited (code=255), restarting in 10s...
2026-06-06 20:02:34,236 INFO SSH tunnel started  pid=18392  VPS:7843 -> local:7842
2026-06-06 20:02:44,236 WARNING SSH tunnel exited (code=255), restarting in 10s...
2026-06-06 20:02:54,239 INFO SSH tunnel started  pid=15944  VPS:7843 -> local:7842
2026-06-06 20:03:04,240 WARNING SSH tunnel exited (code=255), restarting in 10s...
2026-06-06 20:03:14,244 INFO SSH tunnel started  pid=17400  VPS:7843 -> local:7842
2026-06-06 20:03:24,246 WARNING SSH tunnel exited (code=255), restarting in 10s...
2026-06-06 20:03:34,251 INFO SSH tunnel started  pid=13496  VPS:7843 -> local:7842
2026-06-06 20:03:44,252 WARNING SSH tunnel exited (code=255), restarting in 10s...
2026-06-06 20:03:54,257 INFO SSH tunnel started  pid=7008  VPS:7843 -> local:7842
2026-06-06 20:04:04,257 WARNING SSH tunnel exited (code=255), restarting in 10s...
2026-06-06 20:04:14,262 INFO SSH tunnel started  pid=6432  VPS:7843 -> local:7842
2026-06-06 20:04:24,263 WARNING SSH tunnel exited (code=255), restarting in 10s...
2026-06-06 20:04:34,267 INFO SSH tunnel started  pid=14456  VPS:7843 -> local:7842
2026-06-06 20:04:44,268 WARNING SSH tunnel exited (code=255), restarting in 10s...
2026-06-06 20:04:54,272 INFO SSH tunnel started  pid=17112  VPS:7843 -> local:7842
2026-06-06 20:05:04,273 WARNING SSH tunnel exited (code=255), restarting in 10s...
2026-06-06 20:05:14,277 INFO SSH tunnel started  pid=14576  VPS:7843 -> local:7842
2026-06-06 20:05:24,278 WARNING SSH tunnel exited (code=255), restarting in 10s...
2026-06-06 20:05:34,283 INFO SSH tunnel started  pid=17932  VPS:7843 -> local:7842
2026-06-06 20:05:44,284 WARNING SSH tunnel exited (code=255), restarting in 10s...
2026-06-06 20:05:54,288 INFO SSH tunnel started  pid=6196  VPS:7843 -> local:7842
2026-06-06 20:06:04,289 WARNING SSH tunnel exited (code=255), restarting in 10s...
2026-06-06 20:06:14,293 INFO SSH tunnel started  pid=18240  VPS:7843 -> local:7842
2026-06-06 20:06:24,294 WARNING SSH tunnel exited (code=255), restarting in 10s...
2026-06-06 20:06:34,299 INFO SSH tunnel started  pid=14160  VPS:7843 -> local:7842
2026-06-06 20:06:44,300 WARNING SSH tunnel exited (code=255), restarting in 10s...
2026-06-06 20:06:54,305 INFO SSH tunnel started  pid=16644  VPS:7843 -> local:7842
2026-06-06 20:07:04,306 WARNING SSH tunnel exited (code=255), restarting in 10s...
2026-06-06 20:07:14,310 INFO SSH tunnel started  pid=6732  VPS:7843 -> local:7842
2026-06-06 20:07:24,311 WARNING SSH tunnel exited (code=255), restarting in 10s...
2026-06-06 20:07:34,316 INFO SSH tunnel started  pid=18296  VPS:7843 -> local:7842
2026-06-06 20:07:44,316 WARNING SSH tunnel exited (code=255), restarting in 10s...
2026-06-06 20:07:54,321 INFO SSH tunnel started  pid=15504  VPS:7843 -> local:7842
2026-06-06 20:08:04,322 WARNING SSH tunnel exited (code=255), restarting in 10s...
2026-06-06 20:08:14,326 INFO SSH tunnel started  pid=12052  VPS:7843 -> local:7842
2026-06-06 20:08:24,327 WARNING SSH tunnel exited (code=255), restarting in 10s...
2026-06-06 20:08:34,332 INFO SSH tunnel started  pid=17080  VPS:7843 -> local:7842
2026-06-06 20:08:44,332 WARNING SSH tunnel exited (code=255), restarting in 10s...
2026-06-06 20:08:54,337 INFO SSH tunnel started  pid=17588  VPS:7843 -> local:7842
2026-06-06 20:09:04,337 WARNING SSH tunnel exited (code=255), restarting in 10s...
2026-06-06 20:09:14,342 INFO SSH tunnel started  pid=9040  VPS:7843 -> local:7842
2026-06-06 20:09:24,343 WARNING SSH tunnel exited (code=255), restarting in 10s...
2026-06-06 20:09:34,345 INFO SSH tunnel started  pid=17628  VPS:7843 -> local:7842
2026-06-06 20:09:44,346 WARNING SSH tunnel exited (code=255), restarting in 10s...
2026-06-06 20:09:54,351 INFO SSH tunnel started  pid=6140  VPS:7843 -> local:7842
2026-06-06 20:10:04,352 WARNING SSH tunnel exited (code=255), restarting in 10s...
2026-06-06 20:10:14,357 INFO SSH tunnel started  pid=7852  VPS:7843 -> local:7842
2026-06-06 20:10:24,358 WARNING SSH tunnel exited (code=255), restarting in 10s...
2026-06-06 20:10:34,360 INFO SSH tunnel started  pid=9732  VPS:7843 -> local:7842
2026-06-06 20:10:44,361 WARNING SSH tunnel exited (code=255), restarting in 10s...
2026-06-06 20:10:54,366 INFO SSH tunnel started  pid=10860  VPS:7843 -> local:7842
2026-06-06 20:11:04,367 WARNING SSH tunnel exited (code=255), restarting in 10s...
2026-06-06 20:11:14,371 INFO SSH tunnel started  pid=17608  VPS:7843 -> local:7842
2026-06-06 20:11:24,372 WARNING SSH tunnel exited (code=255), restarting in 10s...
2026-06-06 20:11:34,375 INFO SSH tunnel started  pid=13736  VPS:7843 -> local:7842
2026-06-06 20:11:44,376 WARNING SSH tunnel exited (code=255), restarting in 10s...
2026-06-06 20:11:54,381 INFO SSH tunnel started  pid=8748  VPS:7843 -> local:7842
2026-06-06 20:12:04,382 WARNING SSH tunnel exited (code=255), restarting in 10s...
2026-06-06 20:12:14,386 INFO SSH tunnel started  pid=16736  VPS:7843 -> local:7842
2026-06-06 20:12:24,387 WARNING SSH tunnel exited (code=255), restarting in 10s...
2026-06-06 20:12:34,391 INFO SSH tunnel started  pid=6380  VPS:7843 -> local:7842
2026-06-06 20:12:44,392 WARNING SSH tunnel exited (code=255), restarting in 10s...
2026-06-06 20:12:54,395 INFO SSH tunnel started  pid=17000  VPS:7843 -> local:7842
2026-06-06 20:13:04,396 WARNING SSH tunnel exited (code=255), restarting in 10s...
2026-06-06 20:13:14,399 INFO SSH tunnel started  pid=9236  VPS:7843 -> local:7842
2026-06-06 20:13:24,399 WARNING SSH tunnel exited (code=255), restarting in 10s...
2026-06-06 20:13:34,403 INFO SSH tunnel started  pid=16012  VPS:7843 -> local:7842
2026-06-06 20:13:44,403 WARNING SSH tunnel exited (code=255), restarting in 10s...
2026-06-06 20:13:54,406 INFO SSH tunnel started  pid=1516  VPS:7843 -> local:7842
2026-06-06 20:14:04,407 WARNING SSH tunnel exited (code=255), restarting in 10s...
2026-06-06 20:14:14,410 INFO SSH tunnel started  pid=96  VPS:7843 -> local:7842
2026-06-06 20:14:24,411 WARNING SSH tunnel exited (code=255), restarting in 10s...
2026-06-06 20:14:34,415 INFO SSH tunnel started  pid=17916  VPS:7843 -> local:7842
2026-06-06 20:14:44,417 WARNING SSH tunnel exited (code=255), restarting in 10s...
2026-06-06 20:14:54,421 INFO SSH tunnel started  pid=1560  VPS:7843 -> local:7842
2026-06-06 20:15:04,422 WARNING SSH tunnel exited (code=255), restarting in 10s...
2026-06-06 20:15:14,424 INFO SSH tunnel started  pid=14304  VPS:7843 -> local:7842
2026-06-06 20:15:24,426 WARNING SSH tunnel exited (code=255), restarting in 10s...
2026-06-06 20:15:34,429 INFO SSH tunnel started  pid=17704  VPS:7843 -> local:7842
2026-06-06 20:15:44,430 WARNING SSH tunnel exited (code=255), restarting in 10s...
2026-06-06 20:15:54,435 INFO SSH tunnel started  pid=17472  VPS:7843 -> local:7842
2026-06-06 20:16:04,436 WARNING SSH tunnel exited (code=255), restarting in 10s...
2026-06-06 20:16:14,440 INFO SSH tunnel started  pid=15184  VPS:7843 -> local:7842
2026-06-06 20:16:24,441 WARNING SSH tunnel exited (code=255), restarting in 10s...
2026-06-06 20:16:34,445 INFO SSH tunnel started  pid=16872  VPS:7843 -> local:7842
2026-06-06 20:16:44,447 WARNING SSH tunnel exited (code=255), restarting in 10s...
2026-06-06 20:16:54,451 INFO SSH tunnel started  pid=16588  VPS:7843 -> local:7842
2026-06-06 20:17:04,452 WARNING SSH tunnel exited (code=255), restarting in 10s...
2026-06-06 20:17:14,457 INFO SSH tunnel started  pid=4320  VPS:7843 -> local:7842
2026-06-06 20:17:24,458 WARNING SSH tunnel exited (code=255), restarting in 10s...
2026-06-06 20:17:34,462 INFO SSH tunnel started  pid=5320  VPS:7843 -> local:7842
2026-06-06 20:17:44,463 WARNING SSH tunnel exited (code=255), restarting in 10s...
2026-06-06 20:17:54,467 INFO SSH tunnel started  pid=16308  VPS:7843 -> local:7842
2026-06-06 20:18:04,468 WARNING SSH tunnel exited (code=255), restarting in 10s...
2026-06-06 20:18:14,472 INFO SSH tunnel started  pid=17820  VPS:7843 -> local:7842
2026-06-06 20:18:24,473 WARNING SSH tunnel exited (code=255), restarting in 10s...
2026-06-06 20:18:34,477 INFO SSH tunnel started  pid=16780  VPS:7843 -> local:7842
2026-06-06 20:18:44,478 WARNING SSH tunnel exited (code=255), restarting in 10s...
2026-06-06 20:18:54,483 INFO SSH tunnel started  pid=14700  VPS:7843 -> local:7842
2026-06-06 20:19:04,483 WARNING SSH tunnel exited (code=255), restarting in 10s...
2026-06-06 20:19:14,488 INFO SSH tunnel started  pid=16680  VPS:7843 -> local:7842
2026-06-06 20:19:24,489 WARNING SSH tunnel exited (code=255), restarting in 10s...
2026-06-06 20:19:34,494 INFO SSH tunnel started  pid=8108  VPS:7843 -> local:7842
2026-06-06 20:19:44,494 WARNING SSH tunnel exited (code=255), restarting in 10s...
2026-06-06 20:19:54,499 INFO SSH tunnel started  pid=15868  VPS:7843 -> local:7842
2026-06-06 20:20:04,500 WARNING SSH tunnel exited (code=255), restarting in 10s...
2026-06-06 20:20:14,504 INFO SSH tunnel started  pid=7024  VPS:7843 -> local:7842
2026-06-06 20:20:24,505 WARNING SSH tunnel exited (code=255), restarting in 10s...
2026-06-06 20:20:34,510 INFO SSH tunnel started  pid=11180  VPS:7843 -> local:7842
2026-06-06 20:20:44,511 WARNING SSH tunnel exited (code=255), restarting in 10s...
2026-06-06 20:20:54,515 INFO SSH tunnel started  pid=6460  VPS:7843 -> local:7842
2026-06-06 20:21:04,516 WARNING SSH tunnel exited (code=255), restarting in 10s...
2026-06-06 20:21:14,520 INFO SSH tunnel started  pid=16116  VPS:7843 -> local:7842
2026-06-06 20:21:24,521 WARNING SSH tunnel exited (code=255), restarting in 10s...
2026-06-06 20:21:34,525 INFO SSH tunnel started  pid=11088  VPS:7843 -> local:7842
2026-06-06 20:21:44,527 WARNING SSH tunnel exited (code=255), restarting in 10s...
2026-06-06 20:21:54,532 INFO SSH tunnel started  pid=11184  VPS:7843 -> local:7842
2026-06-06 20:22:04,532 WARNING SSH tunnel exited (code=255), restarting in 10s...
2026-06-06 20:22:14,537 INFO SSH tunnel started  pid=17260  VPS:7843 -> local:7842
2026-06-06 20:22:24,538 WARNING SSH tunnel exited (code=255), restarting in 10s...
2026-06-06 20:22:34,542 INFO SSH tunnel started  pid=17888  VPS:7843 -> local:7842
2026-06-06 20:22:44,543 WARNING SSH tunnel exited (code=255), restarting in 10s...
2026-06-06 20:22:54,547 INFO SSH tunnel started  pid=1664  VPS:7843 -> local:7842
2026-06-06 20:23:04,549 WARNING SSH tunnel exited (code=255), restarting in 10s...
2026-06-06 20:23:14,553 INFO SSH tunnel started  pid=2928  VPS:7843 -> local:7842
2026-06-06 20:23:24,554 WARNING SSH tunnel exited (code=255), restarting in 10s...
2026-06-06 20:23:34,558 INFO SSH tunnel started  pid=7368  VPS:7843 -> local:7842
2026-06-06 20:23:44,559 WARNING SSH tunnel exited (code=255), restarting in 10s...
2026-06-06 20:23:54,564 INFO SSH tunnel started  pid=17760  VPS:7843 -> local:7842
2026-06-06 20:24:04,564 WARNING SSH tunnel exited (code=255), restarting in 10s...
2026-06-06 20:24:14,569 INFO SSH tunnel started  pid=12752  VPS:7843 -> local:7842
2026-06-06 20:24:24,569 WARNING SSH tunnel exited (code=255), restarting in 10s...
2026-06-06 20:24:34,574 INFO SSH tunnel started  pid=9524  VPS:7843 -> local:7842
2026-06-06 20:24:44,575 WARNING SSH tunnel exited (code=255), restarting in 10s...
2026-06-06 20:24:54,579 INFO SSH tunnel started  pid=16224  VPS:7843 -> local:7842
2026-06-06 20:25:04,580 WARNING SSH tunnel exited (code=255), restarting in 10s...
2026-06-06 20:25:14,585 INFO SSH tunnel started  pid=11880  VPS:7843 -> local:7842
2026-06-06 20:25:24,586 WARNING SSH tunnel exited (code=255), restarting in 10s...
2026-06-06 20:25:34,590 INFO SSH tunnel started  pid=17464  VPS:7843 -> local:7842
2026-06-06 20:25:44,592 WARNING SSH tunnel exited (code=255), restarting in 10s...
2026-06-06 20:25:54,596 INFO SSH tunnel started  pid=17440  VPS:7843 -> local:7842
2026-06-06 20:26:04,597 WARNING SSH tunnel exited (code=255), restarting in 10s...
2026-06-06 20:26:14,601 INFO SSH tunnel started  pid=17276  VPS:7843 -> local:7842
2026-06-06 20:26:24,602 WARNING SSH tunnel exited (code=255), restarting in 10s...
2026-06-06 20:26:34,607 INFO SSH tunnel started  pid=4800  VPS:7843 -> local:7842
2026-06-06 20:26:44,608 WARNING SSH tunnel exited (code=255), restarting in 10s...
2026-06-06 20:26:54,612 INFO SSH tunnel started  pid=17788  VPS:7843 -> local:7842
2026-06-06 20:27:04,613 WARNING SSH tunnel exited (code=255), restarting in 10s...
2026-06-06 20:27:14,617 INFO SSH tunnel started  pid=3208  VPS:7843 -> local:7842
2026-06-06 20:27:24,619 WARNING SSH tunnel exited (code=255), restarting in 10s...
2026-06-06 20:27:34,623 INFO SSH tunnel started  pid=14216  VPS:7843 -> local:7842
2026-06-06 20:27:44,624 WARNING SSH tunnel exited (code=255), restarting in 10s...
2026-06-06 20:27:54,628 INFO SSH tunnel started  pid=8204  VPS:7843 -> local:7842
2026-06-06 20:28:04,629 WARNING SSH tunnel exited (code=255), restarting in 10s...
2026-06-06 20:28:14,634 INFO SSH tunnel started  pid=9260  VPS:7843 -> local:7842
2026-06-06 20:28:24,635 WARNING SSH tunnel exited (code=255), restarting in 10s...
2026-06-06 20:28:34,639 INFO SSH tunnel started  pid=13944  VPS:7843 -> local:7842
2026-06-06 20:28:44,640 WARNING SSH tunnel exited (code=255), restarting in 10s...
2026-06-06 20:28:54,644 INFO SSH tunnel started  pid=9676  VPS:7843 -> local:7842
2026-06-06 20:29:04,645 WARNING SSH tunnel exited (code=255), restarting in 10s...
2026-06-06 20:29:14,650 INFO SSH tunnel started  pid=15684  VPS:7843 -> local:7842
2026-06-06 20:29:24,651 WARNING SSH tunnel exited (code=255), restarting in 10s...
2026-06-06 20:29:34,655 INFO SSH tunnel started  pid=10940  VPS:7843 -> local:7842
2026-06-06 20:29:44,656 WARNING SSH tunnel exited (code=255), restarting in 10s...
2026-06-06 20:29:54,660 INFO SSH tunnel started  pid=14596  VPS:7843 -> local:7842
2026-06-06 20:30:04,662 WARNING SSH tunnel exited (code=255), restarting in 10s...
2026-06-06 20:30:14,666 INFO SSH tunnel started  pid=17848  VPS:7843 -> local:7842
2026-06-06 20:30:24,667 WARNING SSH tunnel exited (code=255), restarting in 10s...
2026-06-06 20:30:34,671 INFO SSH tunnel started  pid=17052  VPS:7843 -> local:7842
2026-06-06 20:30:44,672 WARNING SSH tunnel exited (code=255), restarting in 10s...
2026-06-06 20:30:54,677 INFO SSH tunnel started  pid=14460  VPS:7843 -> local:7842
2026-06-06 20:31:04,678 WARNING SSH tunnel exited (code=255), restarting in 10s...
2026-06-06 20:31:14,682 INFO SSH tunnel started  pid=17416  VPS:7843 -> local:7842
2026-06-06 20:31:24,683 WARNING SSH tunnel exited (code=255), restarting in 10s...
2026-06-06 20:31:34,687 INFO SSH tunnel started  pid=2012  VPS:7843 -> local:7842
2026-06-06 20:31:44,688 WARNING SSH tunnel exited (code=255), restarting in 10s...
2026-06-06 20:31:54,692 INFO SSH tunnel started  pid=8900  VPS:7843 -> local:7842
2026-06-06 20:32:04,693 WARNING SSH tunnel exited (code=255), restarting in 10s...
2026-06-06 20:32:14,697 INFO SSH tunnel started  pid=16364  VPS:7843 -> local:7842
2026-06-06 20:32:24,698 WARNING SSH tunnel exited (code=255), restarting in 10s...
2026-06-06 20:32:34,702 INFO SSH tunnel started  pid=3092  VPS:7843 -> local:7842
2026-06-06 20:32:44,703 WARNING SSH tunnel exited (code=255), restarting in 10s...
2026-06-06 20:32:54,708 INFO SSH tunnel started  pid=16560  VPS:7843 -> local:7842
2026-06-06 20:33:04,709 WARNING SSH tunnel exited (code=255), restarting in 10s...
2026-06-06 20:33:14,712 INFO SSH tunnel started  pid=10716  VPS:7843 -> local:7842
2026-06-06 20:33:24,712 WARNING SSH tunnel exited (code=255), restarting in 10s...
2026-06-06 20:33:34,716 INFO SSH tunnel started  pid=420  VPS:7843 -> local:7842
2026-06-06 20:33:44,717 WARNING SSH tunnel exited (code=255), restarting in 10s...
2026-06-06 20:33:54,722 INFO SSH tunnel started  pid=9848  VPS:7843 -> local:7842
2026-06-06 20:34:04,722 WARNING SSH tunnel exited (code=255), restarting in 10s...
2026-06-06 20:34:14,727 INFO SSH tunnel started  pid=11312  VPS:7843 -> local:7842
2026-06-06 20:34:24,728 WARNING SSH tunnel exited (code=255), restarting in 10s...
2026-06-06 20:34:34,732 INFO SSH tunnel started  pid=18016  VPS:7843 -> local:7842
2026-06-06 20:34:44,733 WARNING SSH tunnel exited (code=255), restarting in 10s...
2026-06-06 20:34:54,738 INFO SSH tunnel started  pid=5276  VPS:7843 -> local:7842
2026-06-06 20:35:04,738 WARNING SSH tunnel exited (code=255), restarting in 10s...
2026-06-06 20:35:14,743 INFO SSH tunnel started  pid=13512  VPS:7843 -> local:7842
2026-06-06 20:35:24,743 WARNING SSH tunnel exited (code=255), restarting in 10s...
2026-06-06 20:35:34,748 INFO SSH tunnel started  pid=8260  VPS:7843 -> local:7842
2026-06-06 20:35:44,748 WARNING SSH tunnel exited (code=255), restarting in 10s...
2026-06-06 20:35:54,753 INFO SSH tunnel started  pid=16248  VPS:7843 -> local:7842
2026-06-06 20:36:04,754 WARNING SSH tunnel exited (code=255), restarting in 10s...
2026-06-06 20:36:14,758 INFO SSH tunnel started  pid=5416  VPS:7843 -> local:7842
2026-06-06 20:36:24,759 WARNING SSH tunnel exited (code=255), restarting in 10s...
2026-06-06 20:36:34,763 INFO SSH tunnel started  pid=528  VPS:7843 -> local:7842
2026-06-06 20:36:44,764 WARNING SSH tunnel exited (code=255), restarting in 10s...
2026-06-06 20:36:54,769 INFO SSH tunnel started  pid=8380  VPS:7843 -> local:7842
2026-06-06 20:37:04,770 WARNING SSH tunnel exited (code=255), restarting in 10s...
2026-06-06 20:37:14,774 INFO SSH tunnel started  pid=3556  VPS:7843 -> local:7842
2026-06-06 20:37:24,775 WARNING SSH tunnel exited (code=255), restarting in 10s...
2026-06-06 20:37:34,779 INFO SSH tunnel started  pid=6908  VPS:7843 -> local:7842
2026-06-06 20:37:44,781 WARNING SSH tunnel exited (code=255), restarting in 10s...
2026-06-06 20:37:54,785 INFO SSH tunnel started  pid=18132  VPS:7843 -> local:7842
2026-06-06 20:38:04,786 WARNING SSH tunnel exited (code=255), restarting in 10s...
2026-06-06 20:38:14,791 INFO SSH tunnel started  pid=1964  VPS:7843 -> local:7842
2026-06-06 20:38:24,792 WARNING SSH tunnel exited (code=255), restarting in 10s...
2026-06-06 20:38:34,796 INFO SSH tunnel started  pid=18192  VPS:7843 -> local:7842
2026-06-06 20:38:44,797 WARNING SSH tunnel exited (code=255), restarting in 10s...
2026-06-06 20:38:54,801 INFO SSH tunnel started  pid=16260  VPS:7843 -> local:7842
2026-06-06 20:39:04,802 WARNING SSH tunnel exited (code=255), restarting in 10s...
2026-06-06 20:39:14,807 INFO SSH tunnel started  pid=18232  VPS:7843 -> local:7842
2026-06-06 20:39:24,808 WARNING SSH tunnel exited (code=255), restarting in 10s...
2026-06-06 20:39:34,813 INFO SSH tunnel started  pid=16740  VPS:7843 -> local:7842
2026-06-06 20:39:44,813 WARNING SSH tunnel exited (code=255), restarting in 10s...
2026-06-06 20:39:54,818 INFO SSH tunnel started  pid=6344  VPS:7843 -> local:7842
2026-06-06 20:40:04,819 WARNING SSH tunnel exited (code=255), restarting in 10s...
2026-06-06 20:40:14,823 INFO SSH tunnel started  pid=6380  VPS:7843 -> local:7842
2026-06-06 20:40:24,824 WARNING SSH tunnel exited (code=255), restarting in 10s...
2026-06-06 20:40:34,828 INFO SSH tunnel started  pid=16408  VPS:7843 -> local:7842
2026-06-06 20:40:44,829 WARNING SSH tunnel exited (code=255), restarting in 10s...
2026-06-06 20:40:54,834 INFO SSH tunnel started  pid=8160  VPS:7843 -> local:7842
2026-06-06 20:41:04,835 WARNING SSH tunnel exited (code=255), restarting in 10s...
2026-06-06 20:41:14,839 INFO SSH tunnel started  pid=13772  VPS:7843 -> local:7842
2026-06-06 20:41:24,840 WARNING SSH tunnel exited (code=255), restarting in 10s...
2026-06-06 20:41:34,845 INFO SSH tunnel started  pid=10060  VPS:7843 -> local:7842
2026-06-06 20:41:44,846 WARNING SSH tunnel exited (code=255), restarting in 10s...
2026-06-06 20:41:54,851 INFO SSH tunnel started  pid=17220  VPS:7843 -> local:7842
2026-06-06 20:42:04,852 WARNING SSH tunnel exited (code=255), restarting in 10s...
2026-06-06 20:42:14,856 INFO SSH tunnel started  pid=17880  VPS:7843 -> local:7842
2026-06-06 20:42:24,857 WARNING SSH tunnel exited (code=255), restarting in 10s...
2026-06-06 20:42:34,862 INFO SSH tunnel started  pid=14840  VPS:7843 -> local:7842
2026-06-06 20:42:44,862 WARNING SSH tunnel exited (code=255), restarting in 10s...
2026-06-06 20:42:54,866 INFO SSH tunnel started  pid=14788  VPS:7843 -> local:7842
2026-06-06 20:43:04,868 WARNING SSH tunnel exited (code=255), restarting in 10s...
2026-06-06 20:43:14,872 INFO SSH tunnel started  pid=13480  VPS:7843 -> local:7842
2026-06-06 20:43:24,873 WARNING SSH tunnel exited (code=255), restarting in 10s...
2026-06-06 20:43:34,877 INFO SSH tunnel started  pid=7732  VPS:7843 -> local:7842
2026-06-06 20:43:44,878 WARNING SSH tunnel exited (code=255), restarting in 10s...
2026-06-06 20:43:54,882 INFO SSH tunnel started  pid=14236  VPS:7843 -> local:7842
2026-06-06 20:44:04,883 WARNING SSH tunnel exited (code=255), restarting in 10s...
2026-06-06 20:44:14,887 INFO SSH tunnel started  pid=8596  VPS:7843 -> local:7842
2026-06-06 20:44:24,888 WARNING SSH tunnel exited (code=255), restarting in 10s...
2026-06-06 20:44:34,893 INFO SSH tunnel started  pid=16400  VPS:7843 -> local:7842
2026-06-06 20:44:44,894 WARNING SSH tunnel exited (code=255), restarting in 10s...
2026-06-06 20:44:54,898 INFO SSH tunnel started  pid=6428  VPS:7843 -> local:7842
2026-06-06 20:45:04,899 WARNING SSH tunnel exited (code=255), restarting in 10s...
2026-06-06 20:45:14,904 INFO SSH tunnel started  pid=16304  VPS:7843 -> local:7842
2026-06-06 20:45:24,905 WARNING SSH tunnel exited (code=255), restarting in 10s...
2026-06-06 20:45:34,910 INFO SSH tunnel started  pid=11312  VPS:7843 -> local:7842
2026-06-06 20:45:44,911 WARNING SSH tunnel exited (code=255), restarting in 10s...
2026-06-06 20:45:54,915 INFO SSH tunnel started  pid=17428  VPS:7843 -> local:7842
2026-06-06 20:46:04,916 WARNING SSH tunnel exited (code=255), restarting in 10s...
2026-06-06 20:46:14,920 INFO SSH tunnel started  pid=5636  VPS:7843 -> local:7842
2026-06-06 20:46:24,921 WARNING SSH tunnel exited (code=255), restarting in 10s...
2026-06-06 20:46:34,925 INFO SSH tunnel started  pid=6236  VPS:7843 -> local:7842
2026-06-06 20:46:44,927 WARNING SSH tunnel exited (code=255), restarting in 10s...
2026-06-06 20:46:54,931 INFO SSH tunnel started  pid=5344  VPS:7843 -> local:7842
2026-06-06 20:47:04,932 WARNING SSH tunnel exited (code=255), restarting in 10s...
2026-06-06 20:47:14,936 INFO SSH tunnel started  pid=17008  VPS:7843 -> local:7842
2026-06-06 20:47:24,938 WARNING SSH tunnel exited (code=255), restarting in 10s...
2026-06-06 20:47:34,942 INFO SSH tunnel started  pid=16508  VPS:7843 -> local:7842
2026-06-06 20:47:44,943 WARNING SSH tunnel exited (code=255), restarting in 10s...
2026-06-06 20:47:54,947 INFO SSH tunnel started  pid=7812  VPS:7843 -> local:7842
2026-06-06 20:48:04,948 WARNING SSH tunnel exited (code=255), restarting in 10s...
2026-06-06 20:48:14,952 INFO SSH tunnel started  pid=13484  VPS:7843 -> local:7842
2026-06-06 20:48:24,954 WARNING SSH tunnel exited (code=255), restarting in 10s...
2026-06-06 20:48:34,958 INFO SSH tunnel started  pid=7528  VPS:7843 -> local:7842
2026-06-06 20:48:44,959 WARNING SSH tunnel exited (code=255), restarting in 10s...
2026-06-06 20:48:54,964 INFO SSH tunnel started  pid=17480  VPS:7843 -> local:7842
2026-06-06 20:49:04,965 WARNING SSH tunnel exited (code=255), restarting in 10s...
2026-06-06 20:49:14,969 INFO SSH tunnel started  pid=17988  VPS:7843 -> local:7842
2026-06-06 20:49:24,970 WARNING SSH tunnel exited (code=255), restarting in 10s...
2026-06-06 20:49:34,974 INFO SSH tunnel started  pid=9772  VPS:7843 -> local:7842
2026-06-06 20:49:44,975 WARNING SSH tunnel exited (code=255), restarting in 10s...
2026-06-06 20:49:54,979 INFO SSH tunnel started  pid=10076  VPS:7843 -> local:7842
2026-06-06 20:50:04,981 WARNING SSH tunnel exited (code=255), restarting in 10s...
2026-06-06 20:50:14,985 INFO SSH tunnel started  pid=7904  VPS:7843 -> local:7842
2026-06-06 20:50:24,986 WARNING SSH tunnel exited (code=255), restarting in 10s...
2026-06-06 20:50:34,990 INFO SSH tunnel started  pid=13396  VPS:7843 -> local:7842
2026-06-06 20:50:44,991 WARNING SSH tunnel exited (code=255), restarting in 10s...
2026-06-06 20:50:54,996 INFO SSH tunnel started  pid=16696  VPS:7843 -> local:7842
2026-06-06 20:51:04,996 WARNING SSH tunnel exited (code=255), restarting in 10s...
2026-06-06 20:51:15,001 INFO SSH tunnel started  pid=7148  VPS:7843 -> local:7842
2026-06-06 20:51:25,002 WARNING SSH tunnel exited (code=255), restarting in 10s...
2026-06-06 20:51:35,006 INFO SSH tunnel started  pid=15040  VPS:7843 -> local:7842
2026-06-06 20:51:45,007 WARNING SSH tunnel exited (code=255), restarting in 10s...
2026-06-06 20:51:55,012 INFO SSH tunnel started  pid=18004  VPS:7843 -> local:7842
2026-06-06 20:52:05,012 WARNING SSH tunnel exited (code=255), restarting in 10s...
2026-06-06 20:52:15,017 INFO SSH tunnel started  pid=18000  VPS:7843 -> local:7842
2026-06-06 20:52:25,018 WARNING SSH tunnel exited (code=255), restarting in 10s...
2026-06-06 20:52:35,022 INFO SSH tunnel started  pid=7484  VPS:7843 -> local:7842
2026-06-06 20:52:45,023 WARNING SSH tunnel exited (code=255), restarting in 10s...
2026-06-06 20:52:55,027 INFO SSH tunnel started  pid=14944  VPS:7843 -> local:7842
2026-06-06 20:53:05,028 WARNING SSH tunnel exited (code=255), restarting in 10s...
2026-06-06 20:53:15,032 INFO SSH tunnel started  pid=16828  VPS:7843 -> local:7842
2026-06-06 20:53:25,033 WARNING SSH tunnel exited (code=255), restarting in 10s...
2026-06-06 20:53:35,037 INFO SSH tunnel started  pid=4840  VPS:7843 -> local:7842
2026-06-06 20:53:45,038 WARNING SSH tunnel exited (code=255), restarting in 10s...
2026-06-06 20:53:55,043 INFO SSH tunnel started  pid=13260  VPS:7843 -> local:7842
2026-06-06 20:54:05,044 WARNING SSH tunnel exited (code=255), restarting in 10s...
2026-06-06 20:54:15,048 INFO SSH tunnel started  pid=10048  VPS:7843 -> local:7842
2026-06-06 20:54:25,049 WARNING SSH tunnel exited (code=255), restarting in 10s...
2026-06-06 20:54:35,053 INFO SSH tunnel started  pid=10868  VPS:7843 -> local:7842
2026-06-06 20:54:45,054 WARNING SSH tunnel exited (code=255), restarting in 10s...
2026-06-06 20:54:55,059 INFO SSH tunnel started  pid=17836  VPS:7843 -> local:7842
2026-06-06 20:55:05,060 WARNING SSH tunnel exited (code=255), restarting in 10s...
2026-06-06 20:55:15,064 INFO SSH tunnel started  pid=5612  VPS:7843 -> local:7842
2026-06-06 20:55:25,065 WARNING SSH tunnel exited (code=255), restarting in 10s...
2026-06-06 20:55:35,069 INFO SSH tunnel started  pid=8280  VPS:7843 -> local:7842
2026-06-06 20:55:45,070 WARNING SSH tunnel exited (code=255), restarting in 10s...
2026-06-06 20:55:55,075 INFO SSH tunnel started  pid=14220  VPS:7843 -> local:7842
2026-06-06 20:56:05,076 WARNING SSH tunnel exited (code=255), restarting in 10s...
2026-06-06 20:56:15,081 INFO SSH tunnel started  pid=6464  VPS:7843 -> local:7842
2026-06-06 20:56:25,082 WARNING SSH tunnel exited (code=255), restarting in 10s...
2026-06-06 20:56:35,086 INFO SSH tunnel started  pid=17780  VPS:7843 -> local:7842
2026-06-06 20:56:45,087 WARNING SSH tunnel exited (code=255), restarting in 10s...
2026-06-06 20:56:55,091 INFO SSH tunnel started  pid=256  VPS:7843 -> local:7842
2026-06-06 20:57:05,092 WARNING SSH tunnel exited (code=255), restarting in 10s...
2026-06-06 20:57:15,097 INFO SSH tunnel started  pid=7384  VPS:7843 -> local:7842
2026-06-06 20:57:25,098 WARNING SSH tunnel exited (code=255), restarting in 10s...
2026-06-06 20:57:35,102 INFO SSH tunnel started  pid=15592  VPS:7843 -> local:7842
2026-06-06 20:57:45,103 WARNING SSH tunnel exited (code=255), restarting in 10s...
2026-06-06 20:57:55,108 INFO SSH tunnel started  pid=15752  VPS:7843 -> local:7842
2026-06-06 20:58:05,109 WARNING SSH tunnel exited (code=255), restarting in 10s...
2026-06-06 20:58:15,113 INFO SSH tunnel started  pid=11552  VPS:7843 -> local:7842
2026-06-06 20:58:25,114 WARNING SSH tunnel exited (code=255), restarting in 10s...
2026-06-06 20:58:35,118 INFO SSH tunnel started  pid=15388  VPS:7843 -> local:7842
2026-06-06 20:58:45,119 WARNING SSH tunnel exited (code=255), restarting in 10s...
2026-06-06 20:58:55,123 INFO SSH tunnel started  pid=16068  VPS:7843 -> local:7842
2026-06-06 20:59:05,124 WARNING SSH tunnel exited (code=255), restarting in 10s...
2026-06-06 20:59:15,128 INFO SSH tunnel started  pid=1964  VPS:7843 -> local:7842
2026-06-06 20:59:25,129 WARNING SSH tunnel exited (code=255), restarting in 10s...
2026-06-06 20:59:35,133 INFO SSH tunnel started  pid=17712  VPS:7843 -> local:7842
2026-06-06 20:59:45,134 WARNING SSH tunnel exited (code=255), restarting in 10s...
2026-06-06 20:59:55,138 INFO SSH tunnel started  pid=10076  VPS:7843 -> local:7842
2026-06-06 21:00:05,139 WARNING SSH tunnel exited (code=255), restarting in 10s...
2026-06-06 21:00:15,144 INFO SSH tunnel started  pid=13940  VPS:7843 -> local:7842
2026-06-06 21:00:25,144 WARNING SSH tunnel exited (code=255), restarting in 10s...
2026-06-06 21:00:35,149 INFO SSH tunnel started  pid=9676  VPS:7843 -> local:7842
2026-06-06 21:00:45,150 WARNING SSH tunnel exited (code=255), restarting in 10s...
2026-06-06 21:00:55,155 INFO SSH tunnel started  pid=17052  VPS:7843 -> local:7842
2026-06-06 21:01:05,155 WARNING SSH tunnel exited (code=255), restarting in 10s...
2026-06-06 21:01:15,160 INFO SSH tunnel started  pid=10312  VPS:7843 -> local:7842
2026-06-06 21:01:25,161 WARNING SSH tunnel exited (code=255), restarting in 10s...
2026-06-06 21:01:35,166 INFO SSH tunnel started  pid=3420  VPS:7843 -> local:7842
2026-06-06 21:01:45,167 WARNING SSH tunnel exited (code=255), restarting in 10s...
2026-06-06 21:01:55,171 INFO SSH tunnel started  pid=18252  VPS:7843 -> local:7842
2026-06-06 21:02:05,172 WARNING SSH tunnel exited (code=255), restarting in 10s...
2026-06-06 21:02:15,176 INFO SSH tunnel started  pid=10748  VPS:7843 -> local:7842
2026-06-06 21:02:25,177 WARNING SSH tunnel exited (code=255), restarting in 10s...
2026-06-06 21:02:35,182 INFO SSH tunnel started  pid=5076  VPS:7843 -> local:7842
2026-06-06 21:02:45,183 WARNING SSH tunnel exited (code=255), restarting in 10s...
2026-06-06 21:02:55,187 INFO SSH tunnel started  pid=18256  VPS:7843 -> local:7842
2026-06-06 21:03:05,188 WARNING SSH tunnel exited (code=255), restarting in 10s...
2026-06-06 21:03:15,192 INFO SSH tunnel started  pid=580  VPS:7843 -> local:7842
2026-06-06 21:03:25,194 WARNING SSH tunnel exited (code=255), restarting in 10s...
2026-06-06 21:03:35,198 INFO SSH tunnel started  pid=7152  VPS:7843 -> local:7842
2026-06-06 21:03:45,199 WARNING SSH tunnel exited (code=255), restarting in 10s...
2026-06-06 21:03:55,203 INFO SSH tunnel started  pid=18280  VPS:7843 -> local:7842
2026-06-06 21:04:05,204 WARNING SSH tunnel exited (code=255), restarting in 10s...
2026-06-06 21:04:15,208 INFO SSH tunnel started  pid=9648  VPS:7843 -> local:7842
2026-06-06 21:04:25,209 WARNING SSH tunnel exited (code=255), restarting in 10s...
2026-06-06 21:04:35,211 INFO SSH tunnel started  pid=9084  VPS:7843 -> local:7842
2026-06-06 21:04:45,212 WARNING SSH tunnel exited (code=255), restarting in 10s...
2026-06-06 21:04:55,216 INFO SSH tunnel started  pid=17668  VPS:7843 -> local:7842
2026-06-06 21:05:05,217 WARNING SSH tunnel exited (code=255), restarting in 10s...
2026-06-06 21:05:15,222 INFO SSH tunnel started  pid=1148  VPS:7843 -> local:7842
2026-06-06 21:05:25,222 WARNING SSH tunnel exited (code=255), restarting in 10s...
2026-06-06 21:05:35,227 INFO SSH tunnel started  pid=16756  VPS:7843 -> local:7842
2026-06-06 21:05:45,228 WARNING SSH tunnel exited (code=255), restarting in 10s...
2026-06-06 21:05:55,232 INFO SSH tunnel started  pid=5416  VPS:7843 -> local:7842
2026-06-06 21:06:05,233 WARNING SSH tunnel exited (code=255), restarting in 10s...
2026-06-06 21:06:15,237 INFO SSH tunnel started  pid=6224  VPS:7843 -> local:7842
2026-06-06 21:06:25,238 WARNING SSH tunnel exited (code=255), restarting in 10s...
2026-06-06 21:06:35,241 INFO SSH tunnel started  pid=1228  VPS:7843 -> local:7842
2026-06-06 21:06:45,242 WARNING SSH tunnel exited (code=255), restarting in 10s...
2026-06-06 21:06:55,246 INFO SSH tunnel started  pid=11880  VPS:7843 -> local:7842
2026-06-06 21:07:05,247 WARNING SSH tunnel exited (code=255), restarting in 10s...
2026-06-06 21:07:15,251 INFO SSH tunnel started  pid=17620  VPS:7843 -> local:7842
2026-06-06 21:07:25,253 WARNING SSH tunnel exited (code=255), restarting in 10s...
2026-06-06 21:07:35,257 INFO SSH tunnel started  pid=15428  VPS:7843 -> local:7842
2026-06-06 21:07:45,258 WARNING SSH tunnel exited (code=255), restarting in 10s...
2026-06-06 21:07:55,263 INFO SSH tunnel started  pid=17344  VPS:7843 -> local:7842
2026-06-06 21:08:05,264 WARNING SSH tunnel exited (code=255), restarting in 10s...
2026-06-06 21:08:15,268 INFO SSH tunnel started  pid=7872  VPS:7843 -> local:7842
2026-06-06 21:08:25,269 WARNING SSH tunnel exited (code=255), restarting in 10s...
2026-06-06 21:08:35,274 INFO SSH tunnel started  pid=18036  VPS:7843 -> local:7842
2026-06-06 21:08:45,275 WARNING SSH tunnel exited (code=255), restarting in 10s...
2026-06-06 21:08:55,279 INFO SSH tunnel started  pid=18272  VPS:7843 -> local:7842
2026-06-06 21:09:05,280 WARNING SSH tunnel exited (code=255), restarting in 10s...
2026-06-06 21:09:15,284 INFO SSH tunnel started  pid=14980  VPS:7843 -> local:7842
2026-06-06 21:09:25,285 WARNING SSH tunnel exited (code=255), restarting in 10s...
2026-06-06 21:09:35,290 INFO SSH tunnel started  pid=15480  VPS:7843 -> local:7842
2026-06-06 21:09:45,291 WARNING SSH tunnel exited (code=255), restarting in 10s...
2026-06-06 21:09:55,295 INFO SSH tunnel started  pid=8816  VPS:7843 -> local:7842
2026-06-06 21:10:05,296 WARNING SSH tunnel exited (code=255), restarting in 10s...
2026-06-06 21:10:15,301 INFO SSH tunnel started  pid=11936  VPS:7843 -> local:7842
2026-06-06 21:10:25,302 WARNING SSH tunnel exited (code=255), restarting in 10s...
2026-06-06 21:10:35,306 INFO SSH tunnel started  pid=3780  VPS:7843 -> local:7842
2026-06-06 21:10:45,307 WARNING SSH tunnel exited (code=255), restarting in 10s...
2026-06-06 21:10:55,312 INFO SSH tunnel started  pid=6096  VPS:7843 -> local:7842
2026-06-06 21:11:05,312 WARNING SSH tunnel exited (code=255), restarting in 10s...
2026-06-06 21:11:15,317 INFO SSH tunnel started  pid=16092  VPS:7843 -> local:7842
2026-06-06 21:11:25,317 WARNING SSH tunnel exited (code=255), restarting in 10s...
2026-06-06 21:11:35,322 INFO SSH tunnel started  pid=17928  VPS:7843 -> local:7842
2026-06-06 21:11:45,322 WARNING SSH tunnel exited (code=255), restarting in 10s...
2026-06-06 21:11:55,327 INFO SSH tunnel started  pid=10196  VPS:7843 -> local:7842
2026-06-06 21:12:05,327 WARNING SSH tunnel exited (code=255), restarting in 10s...
2026-06-06 21:12:15,332 INFO SSH tunnel started  pid=16704  VPS:7843 -> local:7842
2026-06-06 21:12:25,333 WARNING SSH tunnel exited (code=255), restarting in 10s...
2026-06-06 21:12:35,337 INFO SSH tunnel started  pid=17872  VPS:7843 -> local:7842
2026-06-06 21:12:45,338 WARNING SSH tunnel exited (code=255), restarting in 10s...
2026-06-06 21:12:55,342 INFO SSH tunnel started  pid=18316  VPS:7843 -> local:7842
2026-06-06 21:13:05,343 WARNING SSH tunnel exited (code=255), restarting in 10s...
2026-06-06 21:13:15,347 INFO SSH tunnel started  pid=3720  VPS:7843 -> local:7842
2026-06-06 21:13:25,348 WARNING SSH tunnel exited (code=255), restarting in 10s...
2026-06-06 21:13:35,353 INFO SSH tunnel started  pid=580  VPS:7843 -> local:7842
2026-06-06 21:13:45,353 WARNING SSH tunnel exited (code=255), restarting in 10s...
2026-06-06 21:13:55,358 INFO SSH tunnel started  pid=2404  VPS:7843 -> local:7842
2026-06-06 21:14:05,358 WARNING SSH tunnel exited (code=255), restarting in 10s...
2026-06-06 21:14:15,361 INFO SSH tunnel started  pid=2716  VPS:7843 -> local:7842
2026-06-06 21:14:25,362 WARNING SSH tunnel exited (code=255), restarting in 10s...
2026-06-06 21:14:35,366 INFO SSH tunnel started  pid=17004  VPS:7843 -> local:7842
2026-06-06 21:14:45,367 WARNING SSH tunnel exited (code=255), restarting in 10s...
2026-06-06 21:14:55,372 INFO SSH tunnel started  pid=8884  VPS:7843 -> local:7842
2026-06-06 21:15:05,372 WARNING SSH tunnel exited (code=255), restarting in 10s...
2026-06-06 21:15:15,377 INFO SSH tunnel started  pid=8000  VPS:7843 -> local:7842
2026-06-06 21:15:25,378 WARNING SSH tunnel exited (code=255), restarting in 10s...
2026-06-06 21:15:35,383 INFO SSH tunnel started  pid=7572  VPS:7843 -> local:7842
2026-06-06 21:15:45,384 WARNING SSH tunnel exited (code=255), restarting in 10s...
2026-06-06 21:15:55,388 INFO SSH tunnel started  pid=4984  VPS:7843 -> local:7842
2026-06-06 21:16:05,389 WARNING SSH tunnel exited (code=255), restarting in 10s...
2026-06-06 21:16:15,393 INFO SSH tunnel started  pid=9636  VPS:7843 -> local:7842
2026-06-06 21:16:25,394 WARNING SSH tunnel exited (code=255), restarting in 10s...
2026-06-06 21:16:35,398 INFO SSH tunnel started  pid=8820  VPS:7843 -> local:7842
2026-06-06 21:16:45,399 WARNING SSH tunnel exited (code=255), restarting in 10s...
2026-06-06 21:16:55,403 INFO SSH tunnel started  pid=9088  VPS:7843 -> local:7842
2026-06-06 21:17:05,405 WARNING SSH tunnel exited (code=255), restarting in 10s...
2026-06-06 21:17:15,409 INFO SSH tunnel started  pid=11780  VPS:7843 -> local:7842
2026-06-06 21:17:25,410 WARNING SSH tunnel exited (code=255), restarting in 10s...
2026-06-06 21:17:35,414 INFO SSH tunnel started  pid=17740  VPS:7843 -> local:7842
2026-06-06 21:17:45,416 WARNING SSH tunnel exited (code=255), restarting in 10s...
2026-06-06 21:17:55,420 INFO SSH tunnel started  pid=7872  VPS:7843 -> local:7842
2026-06-06 21:18:05,421 WARNING SSH tunnel exited (code=255), restarting in 10s...
2026-06-06 21:18:15,425 INFO SSH tunnel started  pid=5508  VPS:7843 -> local:7842
2026-06-06 21:18:25,427 WARNING SSH tunnel exited (code=255), restarting in 10s...
2026-06-06 21:18:35,432 INFO SSH tunnel started  pid=6320  VPS:7843 -> local:7842
2026-06-06 21:18:45,432 WARNING SSH tunnel exited (code=255), restarting in 10s...
2026-06-06 21:18:55,437 INFO SSH tunnel started  pid=18272  VPS:7843 -> local:7842
2026-06-06 21:19:05,438 WARNING SSH tunnel exited (code=255), restarting in 10s...
2026-06-06 21:19:15,442 INFO SSH tunnel started  pid=4844  VPS:7843 -> local:7842
2026-06-06 21:19:25,443 WARNING SSH tunnel exited (code=255), restarting in 10s...
2026-06-06 21:19:35,447 INFO SSH tunnel started  pid=17120  VPS:7843 -> local:7842
2026-06-06 21:19:45,448 WARNING SSH tunnel exited (code=255), restarting in 10s...
2026-06-06 21:19:55,452 INFO SSH tunnel started  pid=18040  VPS:7843 -> local:7842
2026-06-06 21:20:05,453 WARNING SSH tunnel exited (code=255), restarting in 10s...
2026-06-06 21:20:15,456 INFO SSH tunnel started  pid=10768  VPS:7843 -> local:7842
2026-06-06 21:20:25,457 WARNING SSH tunnel exited (code=255), restarting in 10s...
2026-06-06 21:20:35,461 INFO SSH tunnel started  pid=17904  VPS:7843 -> local:7842
2026-06-06 21:20:45,462 WARNING SSH tunnel exited (code=255), restarting in 10s...
2026-06-06 21:20:55,467 INFO SSH tunnel started  pid=7916  VPS:7843 -> local:7842
2026-06-06 21:21:05,468 WARNING SSH tunnel exited (code=255), restarting in 10s...
2026-06-06 21:21:15,472 INFO SSH tunnel started  pid=3268  VPS:7843 -> local:7842
2026-06-06 21:21:25,473 WARNING SSH tunnel exited (code=255), restarting in 10s...
2026-06-06 21:21:35,477 INFO SSH tunnel started  pid=8748  VPS:7843 -> local:7842
2026-06-06 21:21:45,478 WARNING SSH tunnel exited (code=255), restarting in 10s...
2026-06-06 21:21:55,482 INFO SSH tunnel started  pid=10900  VPS:7843 -> local:7842
2026-06-06 21:22:05,483 WARNING SSH tunnel exited (code=255), restarting in 10s...
2026-06-06 21:22:15,487 INFO SSH tunnel started  pid=18260  VPS:7843 -> local:7842
2026-06-06 21:22:25,488 WARNING SSH tunnel exited (code=255), restarting in 10s...
2026-06-06 21:22:35,493 INFO SSH tunnel started  pid=18152  VPS:7843 -> local:7842
2026-06-06 21:22:45,493 WARNING SSH tunnel exited (code=255), restarting in 10s...
2026-06-06 21:22:55,497 INFO SSH tunnel started  pid=14084  VPS:7843 -> local:7842
2026-06-06 21:23:05,498 WARNING SSH tunnel exited (code=255), restarting in 10s...
2026-06-06 21:23:15,503 INFO SSH tunnel started  pid=2012  VPS:7843 -> local:7842
2026-06-06 21:23:25,504 WARNING SSH tunnel exited (code=255), restarting in 10s...
2026-06-06 21:23:35,508 INFO SSH tunnel started  pid=16192  VPS:7843 -> local:7842
2026-06-06 21:23:45,509 WARNING SSH tunnel exited (code=255), restarting in 10s...
2026-06-06 21:23:55,514 INFO SSH tunnel started  pid=5712  VPS:7843 -> local:7842
2026-06-06 21:24:05,515 WARNING SSH tunnel exited (code=255), restarting in 10s...
2026-06-06 21:24:15,519 INFO SSH tunnel started  pid=15444  VPS:7843 -> local:7842
2026-06-06 21:24:25,520 WARNING SSH tunnel exited (code=255), restarting in 10s...
2026-06-06 21:24:35,524 INFO SSH tunnel started  pid=10532  VPS:7843 -> local:7842
2026-06-06 21:24:45,525 WARNING SSH tunnel exited (code=255), restarting in 10s...
2026-06-06 21:24:55,530 INFO SSH tunnel started  pid=15876  VPS:7843 -> local:7842
2026-06-06 21:25:05,531 WARNING SSH tunnel exited (code=255), restarting in 10s...
2026-06-06 21:25:15,535 INFO SSH tunnel started  pid=15880  VPS:7843 -> local:7842
2026-06-06 21:25:25,536 WARNING SSH tunnel exited (code=255), restarting in 10s...
2026-06-06 21:25:35,541 INFO SSH tunnel started  pid=14112  VPS:7843 -> local:7842
2026-06-06 21:25:45,542 WARNING SSH tunnel exited (code=255), restarting in 10s...
2026-06-06 21:25:55,546 INFO SSH tunnel started  pid=1752  VPS:7843 -> local:7842
2026-06-06 21:26:05,547 WARNING SSH tunnel exited (code=255), restarting in 10s...
2026-06-06 21:26:15,551 INFO SSH tunnel started  pid=15784  VPS:7843 -> local:7842
2026-06-06 21:26:25,553 WARNING SSH tunnel exited (code=255), restarting in 10s...
2026-06-06 21:26:35,557 INFO SSH tunnel started  pid=14380  VPS:7843 -> local:7842
2026-06-06 21:26:45,558 WARNING SSH tunnel exited (code=255), restarting in 10s...
2026-06-06 21:26:55,563 INFO SSH tunnel started  pid=18244  VPS:7843 -> local:7842
2026-06-06 21:27:05,563 WARNING SSH tunnel exited (code=255), restarting in 10s...
2026-06-06 21:27:15,568 INFO SSH tunnel started  pid=11980  VPS:7843 -> local:7842
2026-06-06 21:27:25,569 WARNING SSH tunnel exited (code=255), restarting in 10s...
2026-06-06 21:27:35,573 INFO SSH tunnel started  pid=11880  VPS:7843 -> local:7842
2026-06-06 21:27:45,574 WARNING SSH tunnel exited (code=255), restarting in 10s...
2026-06-06 21:27:55,578 INFO SSH tunnel started  pid=10716  VPS:7843 -> local:7842
2026-06-06 21:28:05,579 WARNING SSH tunnel exited (code=255), restarting in 10s...
2026-06-06 21:28:15,584 INFO SSH tunnel started  pid=7852  VPS:7843 -> local:7842
2026-06-06 21:28:25,584 WARNING SSH tunnel exited (code=255), restarting in 10s...
2026-06-06 21:28:35,589 INFO SSH tunnel started  pid=5636  VPS:7843 -> local:7842
2026-06-06 21:28:45,590 WARNING SSH tunnel exited (code=255), restarting in 10s...
2026-06-06 21:28:55,594 INFO SSH tunnel started  pid=17984  VPS:7843 -> local:7842
2026-06-06 21:29:05,595 WARNING SSH tunnel exited (code=255), restarting in 10s...
2026-06-06 21:29:15,599 INFO SSH tunnel started  pid=8880  VPS:7843 -> local:7842
2026-06-06 21:29:25,600 WARNING SSH tunnel exited (code=255), restarting in 10s...
2026-06-06 21:29:35,605 INFO SSH tunnel started  pid=18032  VPS:7843 -> local:7842
2026-06-06 21:29:45,606 WARNING SSH tunnel exited (code=255), restarting in 10s...
2026-06-06 21:29:55,610 INFO SSH tunnel started  pid=7916  VPS:7843 -> local:7842
2026-06-06 21:30:05,611 WARNING SSH tunnel exited (code=255), restarting in 10s...
2026-06-06 21:30:15,615 INFO SSH tunnel started  pid=17308  VPS:7843 -> local:7842
2026-06-06 21:30:25,616 WARNING SSH tunnel exited (code=255), restarting in 10s...
2026-06-06 21:30:35,621 INFO SSH tunnel started  pid=12072  VPS:7843 -> local:7842
2026-06-06 21:30:45,622 WARNING SSH tunnel exited (code=255), restarting in 10s...
2026-06-06 21:30:55,626 INFO SSH tunnel started  pid=13524  VPS:7843 -> local:7842
2026-06-06 21:31:05,627 WARNING SSH tunnel exited (code=255), restarting in 10s...
2026-06-06 21:31:15,632 INFO SSH tunnel started  pid=15564  VPS:7843 -> local:7842
2026-06-06 21:31:25,632 WARNING SSH tunnel exited (code=255), restarting in 10s...
2026-06-06 21:31:35,636 INFO SSH tunnel started  pid=11712  VPS:7843 -> local:7842
2026-06-06 21:31:45,637 WARNING SSH tunnel exited (code=255), restarting in 10s...
2026-06-06 21:31:55,642 INFO SSH tunnel started  pid=3908  VPS:7843 -> local:7842
2026-06-06 21:32:05,642 WARNING SSH tunnel exited (code=255), restarting in 10s...
2026-06-06 21:32:15,647 INFO SSH tunnel started  pid=14788  VPS:7843 -> local:7842
2026-06-06 21:32:25,648 WARNING SSH tunnel exited (code=255), restarting in 10s...
2026-06-06 21:32:35,652 INFO SSH tunnel started  pid=12096  VPS:7843 -> local:7842
2026-06-06 21:32:45,653 WARNING SSH tunnel exited (code=255), restarting in 10s...
2026-06-06 21:32:55,657 INFO SSH tunnel started  pid=9732  VPS:7843 -> local:7842
2026-06-06 21:33:05,658 WARNING SSH tunnel exited (code=255), restarting in 10s...
2026-06-06 21:33:15,663 INFO SSH tunnel started  pid=6436  VPS:7843 -> local:7842
2026-06-06 21:33:25,664 WARNING SSH tunnel exited (code=255), restarting in 10s...
2026-06-06 21:33:35,668 INFO SSH tunnel started  pid=18184  VPS:7843 -> local:7842
2026-06-06 21:33:45,669 WARNING SSH tunnel exited (code=255), restarting in 10s...
2026-06-06 21:33:55,673 INFO SSH tunnel started  pid=1168  VPS:7843 -> local:7842
2026-06-06 21:34:05,674 WARNING SSH tunnel exited (code=255), restarting in 10s...
2026-06-06 21:34:15,679 INFO SSH tunnel started  pid=7276  VPS:7843 -> local:7842
2026-06-06 21:34:25,680 WARNING SSH tunnel exited (code=255), restarting in 10s...
2026-06-06 21:34:35,684 INFO SSH tunnel started  pid=14112  VPS:7843 -> local:7842
2026-06-06 21:34:45,685 WARNING SSH tunnel exited (code=255), restarting in 10s...
2026-06-06 21:34:55,689 INFO SSH tunnel started  pid=2748  VPS:7843 -> local:7842
2026-06-06 21:35:15,691 WARNING SSH tunnel exited (code=255), restarting in 10s...
2026-06-06 21:35:25,695 INFO SSH tunnel started  pid=11204  VPS:7843 -> local:7842
2026-06-06 21:35:35,696 WARNING SSH tunnel exited (code=255), restarting in 10s...
2026-06-06 21:35:45,700 INFO SSH tunnel started  pid=16080  VPS:7843 -> local:7842
2026-06-06 21:35:55,701 WARNING SSH tunnel exited (code=255), restarting in 10s...
2026-06-06 21:36:05,706 INFO SSH tunnel started  pid=11176  VPS:7843 -> local:7842
2026-06-06 21:36:15,706 WARNING SSH tunnel exited (code=255), restarting in 10s...
2026-06-06 21:36:25,711 INFO SSH tunnel started  pid=15056  VPS:7843 -> local:7842
2026-06-06 21:36:35,712 WARNING SSH tunnel exited (code=255), restarting in 10s...
2026-06-06 21:36:45,716 INFO SSH tunnel started  pid=11980  VPS:7843 -> local:7842
2026-06-06 21:36:55,717 WARNING SSH tunnel exited (code=255), restarting in 10s...
2026-06-06 21:37:05,722 INFO SSH tunnel started  pid=2784  VPS:7843 -> local:7842
2026-06-06 21:37:15,723 WARNING SSH tunnel exited (code=255), restarting in 10s...
2026-06-06 21:37:25,727 INFO SSH tunnel started  pid=4428  VPS:7843 -> local:7842
2026-06-06 21:37:35,728 WARNING SSH tunnel exited (code=255), restarting in 10s...
2026-06-06 21:37:45,733 INFO SSH tunnel started  pid=8260  VPS:7843 -> local:7842
2026-06-06 21:37:55,733 WARNING SSH tunnel exited (code=255), restarting in 10s...
2026-06-06 21:38:05,737 INFO SSH tunnel started  pid=17640  VPS:7843 -> local:7842
2026-06-06 21:38:15,738 WARNING SSH tunnel exited (code=255), restarting in 10s...
2026-06-06 21:38:25,742 INFO SSH tunnel started  pid=8280  VPS:7843 -> local:7842
2026-06-06 21:38:35,743 WARNING SSH tunnel exited (code=255), restarting in 10s...
2026-06-06 21:38:45,748 INFO SSH tunnel started  pid=6460  VPS:7843 -> local:7842
2026-06-06 21:38:55,748 WARNING SSH tunnel exited (code=255), restarting in 10s...
2026-06-06 21:39:05,751 INFO SSH tunnel started  pid=5312  VPS:7843 -> local:7842
2026-06-06 21:39:15,752 WARNING SSH tunnel exited (code=255), restarting in 10s...
2026-06-06 21:39:25,757 INFO SSH tunnel started  pid=17940  VPS:7843 -> local:7842
2026-06-06 21:39:35,758 WARNING SSH tunnel exited (code=255), restarting in 10s...
2026-06-06 21:39:45,762 INFO SSH tunnel started  pid=14720  VPS:7843 -> local:7842
2026-06-06 21:39:55,763 WARNING SSH tunnel exited (code=255), restarting in 10s...
2026-06-06 21:40:05,767 INFO SSH tunnel started  pid=5964  VPS:7843 -> local:7842
2026-06-06 21:40:15,768 WARNING SSH tunnel exited (code=255), restarting in 10s...
2026-06-06 21:40:25,772 INFO SSH tunnel started  pid=16588  VPS:7843 -> local:7842
2026-06-06 21:40:35,773 WARNING SSH tunnel exited (code=255), restarting in 10s...
2026-06-06 21:40:45,778 INFO SSH tunnel started  pid=6916  VPS:7843 -> local:7842
2026-06-06 21:40:55,779 WARNING SSH tunnel exited (code=255), restarting in 10s...
2026-06-06 21:41:05,783 INFO SSH tunnel started  pid=17560  VPS:7843 -> local:7842
2026-06-06 21:41:15,784 WARNING SSH tunnel exited (code=255), restarting in 10s...
2026-06-06 21:41:25,788 INFO SSH tunnel started  pid=13980  VPS:7843 -> local:7842
2026-06-06 21:41:35,789 WARNING SSH tunnel exited (code=255), restarting in 10s...
2026-06-06 21:41:45,794 INFO SSH tunnel started  pid=9624  VPS:7843 -> local:7842
2026-06-06 21:41:55,795 WARNING SSH tunnel exited (code=255), restarting in 10s...
2026-06-06 21:42:05,799 INFO SSH tunnel started  pid=14208  VPS:7843 -> local:7842
2026-06-06 21:42:15,799 WARNING SSH tunnel exited (code=255), restarting in 10s...
2026-06-06 21:42:25,804 INFO SSH tunnel started  pid=13604  VPS:7843 -> local:7842
2026-06-06 21:42:35,805 WARNING SSH tunnel exited (code=255), restarting in 10s...
2026-06-06 21:42:45,809 INFO SSH tunnel started  pid=3148  VPS:7843 -> local:7842
2026-06-06 21:42:55,810 WARNING SSH tunnel exited (code=255), restarting in 10s...
2026-06-06 21:43:05,815 INFO SSH tunnel started  pid=16352  VPS:7843 -> local:7842
2026-06-06 21:43:15,815 WARNING SSH tunnel exited (code=255), restarting in 10s...
2026-06-06 21:43:25,820 INFO SSH tunnel started  pid=10868  VPS:7843 -> local:7842
2026-06-06 21:43:35,821 WARNING SSH tunnel exited (code=255), restarting in 10s...
2026-06-06 21:43:45,826 INFO SSH tunnel started  pid=6312  VPS:7843 -> local:7842
2026-06-06 21:43:55,827 WARNING SSH tunnel exited (code=255), restarting in 10s...
2026-06-06 21:44:05,831 INFO SSH tunnel started  pid=12136  VPS:7843 -> local:7842
2026-06-06 21:44:15,832 WARNING SSH tunnel exited (code=255), restarting in 10s...
2026-06-06 21:44:25,836 INFO SSH tunnel started  pid=8108  VPS:7843 -> local:7842
2026-06-06 21:44:35,837 WARNING SSH tunnel exited (code=255), restarting in 10s...
2026-06-06 21:44:45,842 INFO SSH tunnel started  pid=10612  VPS:7843 -> local:7842
2026-06-06 21:44:55,842 WARNING SSH tunnel exited (code=255), restarting in 10s...
2026-06-06 21:45:05,847 INFO SSH tunnel started  pid=7956  VPS:7843 -> local:7842
2026-06-06 21:45:15,848 WARNING SSH tunnel exited (code=255), restarting in 10s...
2026-06-06 21:45:25,852 INFO SSH tunnel started  pid=6380  VPS:7843 -> local:7842
2026-06-06 21:45:35,853 WARNING SSH tunnel exited (code=255), restarting in 10s...
2026-06-06 21:45:45,858 INFO SSH tunnel started  pid=824  VPS:7843 -> local:7842
2026-06-06 21:45:55,859 WARNING SSH tunnel exited (code=255), restarting in 10s...
2026-06-06 21:46:05,863 INFO SSH tunnel started  pid=7820  VPS:7843 -> local:7842
2026-06-06 21:46:15,864 WARNING SSH tunnel exited (code=255), restarting in 10s...
2026-06-06 21:46:25,868 INFO SSH tunnel started  pid=15940  VPS:7843 -> local:7842
2026-06-06 21:46:35,869 WARNING SSH tunnel exited (code=255), restarting in 10s...
2026-06-06 21:46:45,873 INFO SSH tunnel started  pid=7304  VPS:7843 -> local:7842
2026-06-06 21:46:55,874 WARNING SSH tunnel exited (code=255), restarting in 10s...
2026-06-06 21:47:05,879 INFO SSH tunnel started  pid=6936  VPS:7843 -> local:7842
2026-06-06 21:47:15,880 WARNING SSH tunnel exited (code=255), restarting in 10s...
2026-06-06 21:47:25,884 INFO SSH tunnel started  pid=17076  VPS:7843 -> local:7842
2026-06-06 21:47:35,886 WARNING SSH tunnel exited (code=255), restarting in 10s...
2026-06-06 21:47:45,890 INFO SSH tunnel started  pid=15172  VPS:7843 -> local:7842
2026-06-06 21:47:55,891 WARNING SSH tunnel exited (code=255), restarting in 10s...
2026-06-06 21:48:05,896 INFO SSH tunnel started  pid=1716  VPS:7843 -> local:7842
2026-06-06 21:48:15,896 WARNING SSH tunnel exited (code=255), restarting in 10s...
2026-06-06 21:48:25,901 INFO SSH tunnel started  pid=18228  VPS:7843 -> local:7842
2026-06-06 21:48:35,902 WARNING SSH tunnel exited (code=255), restarting in 10s...
2026-06-06 21:48:45,906 INFO SSH tunnel started  pid=12128  VPS:7843 -> local:7842
2026-06-06 21:48:55,907 WARNING SSH tunnel exited (code=255), restarting in 10s...
2026-06-06 21:49:05,912 INFO SSH tunnel started  pid=17492  VPS:7843 -> local:7842
2026-06-06 21:49:15,913 WARNING SSH tunnel exited (code=255), restarting in 10s...
2026-06-06 21:49:25,917 INFO SSH tunnel started  pid=15384  VPS:7843 -> local:7842
2026-06-06 21:49:35,918 WARNING SSH tunnel exited (code=255), restarting in 10s...
2026-06-06 21:49:45,922 INFO SSH tunnel started  pid=16368  VPS:7843 -> local:7842
2026-06-06 21:49:55,923 WARNING SSH tunnel exited (code=255), restarting in 10s...
2026-06-06 21:50:05,927 INFO SSH tunnel started  pid=8820  VPS:7843 -> local:7842
2026-06-06 21:50:15,928 WARNING SSH tunnel exited (code=255), restarting in 10s...
2026-06-06 21:50:25,933 INFO SSH tunnel started  pid=18168  VPS:7843 -> local:7842
2026-06-06 21:50:35,934 WARNING SSH tunnel exited (code=255), restarting in 10s...
2026-06-06 21:50:45,939 INFO SSH tunnel started  pid=6768  VPS:7843 -> local:7842
2026-06-06 21:50:55,940 WARNING SSH tunnel exited (code=255), restarting in 10s...
2026-06-06 21:51:05,944 INFO SSH tunnel started  pid=16148  VPS:7843 -> local:7842
2026-06-06 21:51:15,945 WARNING SSH tunnel exited (code=255), restarting in 10s...
2026-06-06 21:51:25,950 INFO SSH tunnel started  pid=10312  VPS:7843 -> local:7842
2026-06-06 21:51:35,951 WARNING SSH tunnel exited (code=255), restarting in 10s...
2026-06-06 21:51:45,955 INFO SSH tunnel started  pid=6904  VPS:7843 -> local:7842
2026-06-06 21:51:55,957 WARNING SSH tunnel exited (code=255), restarting in 10s...
2026-06-06 21:52:05,961 INFO SSH tunnel started  pid=17624  VPS:7843 -> local:7842
2026-06-06 21:52:15,963 WARNING SSH tunnel exited (code=255), restarting in 10s...
2026-06-06 21:52:25,967 INFO SSH tunnel started  pid=13280  VPS:7843 -> local:7842
2026-06-06 21:52:35,968 WARNING SSH tunnel exited (code=255), restarting in 10s...
2026-06-06 21:52:45,972 INFO SSH tunnel started  pid=672  VPS:7843 -> local:7842
2026-06-06 21:52:55,973 WARNING SSH tunnel exited (code=255), restarting in 10s...
2026-06-06 21:53:05,978 INFO SSH tunnel started  pid=9920  VPS:7843 -> local:7842
2026-06-06 21:53:15,979 WARNING SSH tunnel exited (code=255), restarting in 10s...
2026-06-06 21:53:25,983 INFO SSH tunnel started  pid=16708  VPS:7843 -> local:7842
2026-06-06 21:53:35,984 WARNING SSH tunnel exited (code=255), restarting in 10s...
2026-06-06 21:53:45,988 INFO SSH tunnel started  pid=8108  VPS:7843 -> local:7842
2026-06-06 21:53:55,989 WARNING SSH tunnel exited (code=255), restarting in 10s...
2026-06-06 21:54:05,994 INFO SSH tunnel started  pid=10716  VPS:7843 -> local:7842
2026-06-06 21:54:15,995 WARNING SSH tunnel exited (code=255), restarting in 10s...
2026-06-06 21:54:25,999 INFO SSH tunnel started  pid=1784  VPS:7843 -> local:7842
2026-06-06 21:54:36,000 WARNING SSH tunnel exited (code=255), restarting in 10s...
2026-06-06 21:54:46,005 INFO SSH tunnel started  pid=6000  VPS:7843 -> local:7842
2026-06-06 21:54:56,005 WARNING SSH tunnel exited (code=255), restarting in 10s...
2026-06-06 21:55:06,010 INFO SSH tunnel started  pid=5316  VPS:7843 -> local:7842
2026-06-06 21:55:16,011 WARNING SSH tunnel exited (code=255), restarting in 10s...
2026-06-06 21:55:26,015 INFO SSH tunnel started  pid=4348  VPS:7843 -> local:7842
2026-06-06 21:55:36,016 WARNING SSH tunnel exited (code=255), restarting in 10s...
2026-06-06 21:55:46,020 INFO SSH tunnel started  pid=18032  VPS:7843 -> local:7842
2026-06-06 21:55:56,021 WARNING SSH tunnel exited (code=255), restarting in 10s...
2026-06-06 21:56:06,026 INFO SSH tunnel started  pid=2344  VPS:7843 -> local:7842
2026-06-06 21:56:16,027 WARNING SSH tunnel exited (code=255), restarting in 10s...
2026-06-06 21:56:26,031 INFO SSH tunnel started  pid=10100  VPS:7843 -> local:7842
2026-06-06 21:56:36,032 WARNING SSH tunnel exited (code=255), restarting in 10s...
2026-06-06 21:56:46,037 INFO SSH tunnel started  pid=16868  VPS:7843 -> local:7842
2026-06-07 19:58:10,459 INFO ==================================================
2026-06-07 19:58:10,459 INFO SparkP2P Relay Keepalive starting
2026-06-07 19:58:10,459 INFO Relay port : 7842
2026-06-07 19:58:10,459 INFO VPS tunnel : root@157.245.175.55  remote port 7843
2026-06-07 19:58:10,459 INFO ==================================================
2026-06-07 19:58:10,474 INFO Relay started  pid=7528  port=7842
2026-06-07 19:58:14,509 INFO SSH tunnel started  pid=6968  VPS:7843 -> local:7842
2026-06-07 19:58:24,512 WARNING SSH tunnel exited (code=255), restarting in 10s...
2026-06-07 19:58:35,436 INFO SSH tunnel started  pid=11292  VPS:7843 -> local:7842
2026-06-07 19:58:45,438 WARNING SSH tunnel exited (code=255), restarting in 10s...
2026-06-07 19:58:55,443 INFO SSH tunnel started  pid=14072  VPS:7843 -> local:7842
2026-06-07 19:59:05,444 WARNING SSH tunnel exited (code=255), restarting in 10s...
2026-06-07 19:59:15,449 INFO SSH tunnel started  pid=11148  VPS:7843 -> local:7842
2026-06-07 19:59:25,452 WARNING SSH tunnel exited (code=255), restarting in 10s...
2026-06-07 19:59:35,455 INFO SSH tunnel started  pid=12696  VPS:7843 -> local:7842
2026-06-07 19:59:45,455 WARNING SSH tunnel exited (code=255), restarting in 10s...
2026-06-07 19:59:55,460 INFO SSH tunnel started  pid=11344  VPS:7843 -> local:7842
2026-06-07 20:00:05,461 WARNING SSH tunnel exited (code=255), restarting in 10s...
2026-06-07 20:00:15,466 INFO SSH tunnel started  pid=13760  VPS:7843 -> local:7842
2026-06-07 20:00:25,466 WARNING SSH tunnel exited (code=255), restarting in 10s...
2026-06-07 20:00:35,471 INFO SSH tunnel started  pid=8476  VPS:7843 -> local:7842
2026-06-07 20:00:45,472 WARNING SSH tunnel exited (code=255), restarting in 10s...
2026-06-07 20:00:55,488 INFO SSH tunnel started  pid=12896  VPS:7843 -> local:7842
2026-06-07 20:01:05,489 WARNING SSH tunnel exited (code=255), restarting in 10s...
2026-06-07 20:01:15,493 INFO SSH tunnel started  pid=4636  VPS:7843 -> local:7842
2026-06-07 20:01:25,495 WARNING SSH tunnel exited (code=255), restarting in 10s...
2026-06-07 20:01:35,499 INFO SSH tunnel started  pid=13836  VPS:7843 -> local:7842
2026-06-07 20:01:45,501 WARNING SSH tunnel exited (code=255), restarting in 10s...
2026-06-07 20:01:55,505 INFO SSH tunnel started  pid=14172  VPS:7843 -> local:7842
2026-06-07 20:02:05,506 WARNING SSH tunnel exited (code=255), restarting in 10s...
2026-06-07 20:02:15,511 INFO SSH tunnel started  pid=14492  VPS:7843 -> local:7842
2026-06-07 20:02:25,512 WARNING SSH tunnel exited (code=255), restarting in 10s...
2026-06-07 20:02:35,515 INFO SSH tunnel started  pid=14668  VPS:7843 -> local:7842
2026-06-07 20:02:45,516 WARNING SSH tunnel exited (code=255), restarting in 10s...
2026-06-07 20:02:55,519 INFO SSH tunnel started  pid=14504  VPS:7843 -> local:7842
2026-06-07 20:03:05,520 WARNING SSH tunnel exited (code=255), restarting in 10s...
2026-06-07 20:03:15,524 INFO SSH tunnel started  pid=15512  VPS:7843 -> local:7842
2026-06-07 20:03:25,525 WARNING SSH tunnel exited (code=255), restarting in 10s...
2026-06-07 20:03:35,532 INFO SSH tunnel started  pid=15660  VPS:7843 -> local:7842
2026-06-07 20:03:45,532 WARNING SSH tunnel exited (code=255), restarting in 10s...
2026-06-07 20:03:55,537 INFO SSH tunnel started  pid=15792  VPS:7843 -> local:7842
2026-06-07 20:04:05,538 WARNING SSH tunnel exited (code=255), restarting in 10s...
2026-06-07 20:04:15,543 INFO SSH tunnel started  pid=15804  VPS:7843 -> local:7842
2026-06-07 20:04:25,544 WARNING SSH tunnel exited (code=255), restarting in 10s...
2026-06-07 20:04:35,546 INFO SSH tunnel started  pid=15104  VPS:7843 -> local:7842
2026-06-07 20:04:45,547 WARNING SSH tunnel exited (code=255), restarting in 10s...
2026-06-07 20:04:55,550 INFO SSH tunnel started  pid=3800  VPS:7843 -> local:7842
2026-06-07 20:05:05,551 WARNING SSH tunnel exited (code=255), restarting in 10s...
2026-06-07 20:05:15,556 INFO SSH tunnel started  pid=13992  VPS:7843 -> local:7842
2026-06-07 20:05:25,557 WARNING SSH tunnel exited (code=255), restarting in 10s...
2026-06-07 20:05:35,563 INFO SSH tunnel started  pid=8764  VPS:7843 -> local:7842
2026-06-07 20:05:45,564 WARNING SSH tunnel exited (code=255), restarting in 10s...
2026-06-07 20:05:55,568 INFO SSH tunnel started  pid=14012  VPS:7843 -> local:7842
2026-06-07 20:06:05,570 WARNING SSH tunnel exited (code=255), restarting in 10s...
2026-06-07 20:06:15,574 INFO SSH tunnel started  pid=12624  VPS:7843 -> local:7842
2026-06-07 20:06:25,576 WARNING SSH tunnel exited (code=255), restarting in 10s...
2026-06-07 20:06:35,579 INFO SSH tunnel started  pid=15668  VPS:7843 -> local:7842
2026-06-07 20:06:45,580 WARNING SSH tunnel exited (code=255), restarting in 10s...
2026-06-07 20:06:55,585 INFO SSH tunnel started  pid=9452  VPS:7843 -> local:7842
2026-06-07 20:07:05,587 WARNING SSH tunnel exited (code=255), restarting in 10s...
2026-06-07 20:07:15,589 INFO SSH tunnel started  pid=11096  VPS:7843 -> local:7842
2026-06-07 20:07:25,590 WARNING SSH tunnel exited (code=255), restarting in 10s...
2026-06-07 20:07:35,592 INFO SSH tunnel started  pid=13100  VPS:7843 -> local:7842
2026-06-07 20:07:45,594 WARNING SSH tunnel exited (code=255), restarting in 10s...
2026-06-07 20:07:55,595 INFO SSH tunnel started  pid=1084  VPS:7843 -> local:7842
2026-06-07 20:08:05,597 WARNING SSH tunnel exited (code=255), restarting in 10s...
2026-06-07 20:08:15,820 INFO SSH tunnel started  pid=8232  VPS:7843 -> local:7842
2026-06-07 20:08:25,821 WARNING SSH tunnel exited (code=255), restarting in 10s...
2026-06-07 20:08:35,826 INFO SSH tunnel started  pid=14984  VPS:7843 -> local:7842
2026-06-07 20:08:45,827 WARNING SSH tunnel exited (code=255), restarting in 10s...
2026-06-07 20:08:55,984 INFO SSH tunnel started  pid=8024  VPS:7843 -> local:7842
2026-06-07 20:09:05,988 WARNING SSH tunnel exited (code=255), restarting in 10s...
2026-06-07 20:09:15,993 INFO SSH tunnel started  pid=6616  VPS:7843 -> local:7842
2026-06-07 20:09:25,994 WARNING SSH tunnel exited (code=255), restarting in 10s...
2026-06-07 20:09:35,996 INFO SSH tunnel started  pid=15760  VPS:7843 -> local:7842
2026-06-07 20:09:45,998 WARNING SSH tunnel exited (code=255), restarting in 10s...
2026-06-07 20:09:56,002 INFO SSH tunnel started  pid=1588  VPS:7843 -> local:7842
2026-06-07 20:10:06,003 WARNING SSH tunnel exited (code=255), restarting in 10s...
2026-06-07 20:10:16,008 INFO SSH tunnel started  pid=14132  VPS:7843 -> local:7842
2026-06-07 20:10:26,010 WARNING SSH tunnel exited (code=255), restarting in 10s...
2026-06-07 20:10:36,013 INFO SSH tunnel started  pid=10704  VPS:7843 -> local:7842
2026-06-07 20:10:46,013 WARNING SSH tunnel exited (code=255), restarting in 10s...
2026-06-07 20:10:56,164 INFO SSH tunnel started  pid=14940  VPS:7843 -> local:7842
2026-06-07 20:11:06,166 WARNING SSH tunnel exited (code=255), restarting in 10s...
2026-06-07 20:11:16,169 INFO SSH tunnel started  pid=5560  VPS:7843 -> local:7842
2026-06-07 20:11:26,171 WARNING SSH tunnel exited (code=255), restarting in 10s...
2026-06-07 20:11:36,176 INFO SSH tunnel started  pid=5168  VPS:7843 -> local:7842
2026-06-07 20:11:46,177 WARNING SSH tunnel exited (code=255), restarting in 10s...
2026-06-07 20:11:56,181 INFO SSH tunnel started  pid=16072  VPS:7843 -> local:7842
2026-06-07 20:12:06,183 WARNING SSH tunnel exited (code=255), restarting in 10s...
2026-06-07 20:12:16,188 INFO SSH tunnel started  pid=8880  VPS:7843 -> local:7842
2026-06-07 20:12:26,189 WARNING SSH tunnel exited (code=255), restarting in 10s...
2026-06-07 20:12:36,192 INFO SSH tunnel started  pid=4676  VPS:7843 -> local:7842
2026-06-07 20:12:46,193 WARNING SSH tunnel exited (code=255), restarting in 10s...
2026-06-07 20:12:56,196 INFO SSH tunnel started  pid=1848  VPS:7843 -> local:7842
2026-06-07 20:13:06,196 WARNING SSH tunnel exited (code=255), restarting in 10s...
2026-06-07 20:13:16,200 INFO SSH tunnel started  pid=2344  VPS:7843 -> local:7842
2026-06-07 20:13:26,201 WARNING SSH tunnel exited (code=255), restarting in 10s...
2026-06-07 20:13:36,205 INFO SSH tunnel started  pid=2960  VPS:7843 -> local:7842
2026-06-08 14:26:36,708 INFO ==================================================
2026-06-08 14:26:36,708 INFO SparkP2P Relay Keepalive starting
2026-06-08 14:26:36,708 INFO Relay port : 7842
2026-06-08 14:26:36,708 INFO VPS tunnel : root@157.245.175.55  remote port 7843
2026-06-08 14:26:36,708 INFO ==================================================
2026-06-08 14:26:36,724 INFO Relay started  pid=8152  port=7842
2026-06-08 14:26:40,746 INFO SSH tunnel started  pid=9004  VPS:7843 -> local:7842
2026-06-09 01:17:40,242 WARNING Relay exited (code=1073807364), restarting in 5s...
2026-06-09 09:30:18,781 INFO ==================================================
2026-06-09 09:30:18,781 INFO SparkP2P Relay Keepalive starting
2026-06-09 09:30:18,781 INFO Relay port : 7842
2026-06-09 09:30:18,781 INFO VPS tunnel : root@157.245.175.55  remote port 7843
2026-06-09 09:30:18,781 INFO ==================================================
2026-06-09 09:30:18,797 INFO Relay started  pid=9164  port=7842
2026-06-09 09:30:22,803 INFO SSH tunnel started  pid=9568  VPS:7843 -> local:7842
2026-06-09 14:34:09,476 WARNING SSH tunnel exited (code=255), restarting in 10s...
2026-06-09 14:34:19,488 INFO SSH tunnel started  pid=15032  VPS:7843 -> local:7842
2026-06-10 09:11:56,047 INFO ==================================================
2026-06-10 09:11:56,047 INFO SparkP2P Relay Keepalive starting
2026-06-10 09:11:56,047 INFO Relay port : 7842
2026-06-10 09:11:56,047 INFO VPS tunnel : root@157.245.175.55  remote port 7843
2026-06-10 09:11:56,047 INFO ==================================================
2026-06-10 09:11:56,063 INFO Relay started  pid=9088  port=7842
2026-06-10 09:12:00,099 INFO SSH tunnel started  pid=6908  VPS:7843 -> local:7842
2026-06-10 09:14:37,901 WARNING SSH tunnel exited (code=255), restarting in 10s...
2026-06-10 09:14:47,906 INFO SSH tunnel started  pid=12032  VPS:7843 -> local:7842
2026-06-10 10:05:48,831 INFO ==================================================
2026-06-10 10:05:48,831 INFO SparkP2P Relay Keepalive starting
2026-06-10 10:05:48,831 INFO Relay port : 7842
2026-06-10 10:05:48,831 INFO VPS tunnel : root@157.245.175.55  remote port 7843
2026-06-10 10:05:48,831 INFO ==================================================
2026-06-10 10:05:48,863 INFO Relay started  pid=8340  port=7842
2026-06-10 10:05:52,894 INFO SSH tunnel started  pid=8752  VPS:7843 -> local:7842
2026-06-10 10:06:22,911 WARNING SSH tunnel exited (code=255), restarting in 10s...
2026-06-10 10:06:35,100 INFO SSH tunnel started  pid=14480  VPS:7843 -> local:7842
2026-06-10 10:06:45,101 WARNING SSH tunnel exited (code=255), restarting in 10s...
2026-06-10 10:06:55,103 INFO SSH tunnel started  pid=3600  VPS:7843 -> local:7842
2026-06-10 10:07:05,105 WARNING SSH tunnel exited (code=255), restarting in 10s...
2026-06-10 10:07:15,108 INFO SSH tunnel started  pid=15332  VPS:7843 -> local:7842
2026-06-10 10:07:39,920 WARNING SSH tunnel exited (code=255), restarting in 10s...
2026-06-10 10:07:49,923 INFO SSH tunnel started  pid=9948  VPS:7843 -> local:7842
2026-06-10 10:08:27,224 WARNING SSH tunnel exited (code=255), restarting in 10s...
2026-06-10 10:08:37,227 INFO SSH tunnel started  pid=7456  VPS:7843 -> local:7842
2026-06-10 10:08:47,228 WARNING SSH tunnel exited (code=255), restarting in 10s...
2026-06-10 10:08:57,232 INFO SSH tunnel started  pid=5280  VPS:7843 -> local:7842
2026-06-10 10:09:07,233 WARNING SSH tunnel exited (code=255), restarting in 10s...
2026-06-10 10:09:17,240 INFO SSH tunnel started  pid=696  VPS:7843 -> local:7842
2026-06-10 10:09:27,257 WARNING SSH tunnel exited (code=255), restarting in 10s...
2026-06-10 10:09:37,262 INFO SSH tunnel started  pid=7204  VPS:7843 -> local:7842
2026-06-10 10:09:47,264 WARNING SSH tunnel exited (code=255), restarting in 10s...
2026-06-10 10:09:57,268 INFO SSH tunnel started  pid=5288  VPS:7843 -> local:7842
2026-06-10 10:10:07,269 WARNING SSH tunnel exited (code=255), restarting in 10s...
2026-06-10 10:10:17,283 INFO SSH tunnel started  pid=6460  VPS:7843 -> local:7842
2026-06-10 10:10:27,284 WARNING SSH tunnel exited (code=255), restarting in 10s...
2026-06-10 10:10:37,292 INFO SSH tunnel started  pid=14476  VPS:7843 -> local:7842
2026-06-10 10:10:47,293 WARNING SSH tunnel exited (code=255), restarting in 10s...
2026-06-10 10:10:57,297 INFO SSH tunnel started  pid=9712  VPS:7843 -> local:7842
2026-06-10 10:11:07,298 WARNING SSH tunnel exited (code=255), restarting in 10s...
2026-06-10 10:11:17,337 INFO SSH tunnel started  pid=5412  VPS:7843 -> local:7842
2026-06-10 10:11:27,339 WARNING SSH tunnel exited (code=255), restarting in 10s...
2026-06-10 10:11:37,341 INFO SSH tunnel started  pid=9048  VPS:7843 -> local:7842
2026-06-10 10:11:47,342 WARNING SSH tunnel exited (code=255), restarting in 10s...
2026-06-10 10:11:57,346 INFO SSH tunnel started  pid=8008  VPS:7843 -> local:7842
2026-06-10 10:12:07,347 WARNING SSH tunnel exited (code=255), restarting in 10s...
2026-06-10 10:12:17,351 INFO SSH tunnel started  pid=11548  VPS:7843 -> local:7842
2026-06-10 10:12:27,352 WARNING SSH tunnel exited (code=255), restarting in 10s...
2026-06-10 10:12:37,355 INFO SSH tunnel started  pid=3536  VPS:7843 -> local:7842
2026-06-10 10:12:47,356 WARNING SSH tunnel exited (code=255), restarting in 10s...
2026-06-10 10:12:57,360 INFO SSH tunnel started  pid=15036  VPS:7843 -> local:7842
2026-06-10 10:13:07,361 WARNING SSH tunnel exited (code=255), restarting in 10s...
2026-06-10 10:13:17,366 INFO SSH tunnel started  pid=5256  VPS:7843 -> local:7842
2026-06-10 10:13:27,367 WARNING SSH tunnel exited (code=255), restarting in 10s...
2026-06-10 10:13:37,371 INFO SSH tunnel started  pid=5512  VPS:7843 -> local:7842
2026-06-10 10:13:57,372 WARNING SSH tunnel exited (code=255), restarting in 10s...
2026-06-10 10:14:07,383 INFO SSH tunnel started  pid=2532  VPS:7843 -> local:7842
2026-06-10 10:14:27,384 WARNING SSH tunnel exited (code=255), restarting in 10s...
2026-06-10 10:14:37,389 INFO SSH tunnel started  pid=11824  VPS:7843 -> local:7842
2026-06-10 10:14:47,389 WARNING SSH tunnel exited (code=255), restarting in 10s...
2026-06-10 10:14:57,394 INFO SSH tunnel started  pid=9028  VPS:7843 -> local:7842
2026-06-10 10:15:07,395 WARNING SSH tunnel exited (code=255), restarting in 10s...
2026-06-10 10:15:17,400 INFO SSH tunnel started  pid=4736  VPS:7843 -> local:7842
2026-06-10 10:15:27,401 WARNING SSH tunnel exited (code=255), restarting in 10s...
2026-06-10 10:15:37,405 INFO SSH tunnel started  pid=7164  VPS:7843 -> local:7842
2026-06-10 10:15:57,406 WARNING SSH tunnel exited (code=255), restarting in 10s...
2026-06-10 10:16:07,412 INFO SSH tunnel started  pid=7140  VPS:7843 -> local:7842
2026-06-10 10:16:27,413 WARNING SSH tunnel exited (code=255), restarting in 10s...
2026-06-10 10:16:37,418 INFO SSH tunnel started  pid=14312  VPS:7843 -> local:7842
2026-06-10 10:16:47,419 WARNING SSH tunnel exited (code=255), restarting in 10s...
2026-06-10 10:16:57,423 INFO SSH tunnel started  pid=9836  VPS:7843 -> local:7842
2026-06-10 10:17:07,423 WARNING SSH tunnel exited (code=255), restarting in 10s...
2026-06-10 10:17:17,428 INFO SSH tunnel started  pid=3712  VPS:7843 -> local:7842
2026-06-10 10:17:27,428 WARNING SSH tunnel exited (code=255), restarting in 10s...
2026-06-10 10:17:37,433 INFO SSH tunnel started  pid=4212  VPS:7843 -> local:7842
2026-06-10 10:17:47,434 WARNING SSH tunnel exited (code=255), restarting in 10s...
2026-06-10 10:17:57,438 INFO SSH tunnel started  pid=10272  VPS:7843 -> local:7842
2026-06-10 10:18:07,439 WARNING SSH tunnel exited (code=255), restarting in 10s...
2026-06-10 10:18:17,444 INFO SSH tunnel started  pid=11796  VPS:7843 -> local:7842
2026-06-10 10:18:27,444 WARNING SSH tunnel exited (code=255), restarting in 10s...
2026-06-10 10:18:37,449 INFO SSH tunnel started  pid=11528  VPS:7843 -> local:7842
2026-06-10 10:18:47,450 WARNING SSH tunnel exited (code=255), restarting in 10s...
2026-06-10 10:18:57,454 INFO SSH tunnel started  pid=12772  VPS:7843 -> local:7842
2026-06-10 10:19:07,455 WARNING SSH tunnel exited (code=255), restarting in 10s...
2026-06-10 10:19:17,459 INFO SSH tunnel started  pid=12180  VPS:7843 -> local:7842
2026-06-10 10:19:27,460 WARNING SSH tunnel exited (code=255), restarting in 10s...
2026-06-10 10:19:37,464 INFO SSH tunnel started  pid=14052  VPS:7843 -> local:7842
2026-06-10 10:19:47,466 WARNING SSH tunnel exited (code=255), restarting in 10s...
2026-06-10 10:19:57,470 INFO SSH tunnel started  pid=9344  VPS:7843 -> local:7842
2026-06-10 10:20:07,471 WARNING SSH tunnel exited (code=255), restarting in 10s...
2026-06-10 10:20:17,475 INFO SSH tunnel started  pid=10152  VPS:7843 -> local:7842
2026-06-10 10:20:27,476 WARNING SSH tunnel exited (code=255), restarting in 10s...
2026-06-10 10:20:37,481 INFO SSH tunnel started  pid=6216  VPS:7843 -> local:7842
2026-06-10 10:20:47,481 WARNING SSH tunnel exited (code=255), restarting in 10s...
2026-06-10 10:20:57,485 INFO SSH tunnel started  pid=14396  VPS:7843 -> local:7842
2026-06-10 10:21:07,487 WARNING SSH tunnel exited (code=255), restarting in 10s...
2026-06-10 10:21:17,491 INFO SSH tunnel started  pid=648  VPS:7843 -> local:7842
2026-06-10 10:21:27,492 WARNING SSH tunnel exited (code=255), restarting in 10s...
2026-06-10 10:21:37,497 INFO SSH tunnel started  pid=5876  VPS:7843 -> local:7842
2026-06-10 10:21:57,497 WARNING SSH tunnel exited (code=255), restarting in 10s...
2026-06-10 10:22:07,503 INFO SSH tunnel started  pid=9948  VPS:7843 -> local:7842
2026-06-10 10:22:47,504 WARNING SSH tunnel exited (code=255), restarting in 10s...
2026-06-10 10:22:57,509 INFO SSH tunnel started  pid=6088  VPS:7843 -> local:7842
2026-06-10 10:23:07,509 WARNING SSH tunnel exited (code=255), restarting in 10s...
2026-06-10 10:23:17,514 INFO SSH tunnel started  pid=12324  VPS:7843 -> local:7842
2026-06-10 10:23:27,514 WARNING SSH tunnel exited (code=255), restarting in 10s...
2026-06-10 10:23:37,520 INFO SSH tunnel started  pid=5644  VPS:7843 -> local:7842
2026-06-10 10:23:47,520 WARNING SSH tunnel exited (code=255), restarting in 10s...
2026-06-10 10:23:57,525 INFO SSH tunnel started  pid=12628  VPS:7843 -> local:7842
2026-06-10 10:24:07,526 WARNING SSH tunnel exited (code=255), restarting in 10s...
2026-06-10 10:24:17,530 INFO SSH tunnel started  pid=6904  VPS:7843 -> local:7842
2026-06-10 10:24:27,531 WARNING SSH tunnel exited (code=255), restarting in 10s...
2026-06-10 10:24:37,535 INFO SSH tunnel started  pid=10184  VPS:7843 -> local:7842
2026-06-10 10:24:47,536 WARNING SSH tunnel exited (code=255), restarting in 10s...
2026-06-10 10:24:57,541 INFO SSH tunnel started  pid=11804  VPS:7843 -> local:7842
2026-06-10 10:25:07,541 WARNING SSH tunnel exited (code=255), restarting in 10s...
2026-06-10 10:25:17,544 INFO SSH tunnel started  pid=5748  VPS:7843 -> local:7842
2026-06-10 10:25:27,545 WARNING SSH tunnel exited (code=255), restarting in 10s...
2026-06-10 10:25:37,551 INFO SSH tunnel started  pid=15264  VPS:7843 -> local:7842
2026-06-10 10:25:47,551 WARNING SSH tunnel exited (code=255), restarting in 10s...
2026-06-10 10:25:57,556 INFO SSH tunnel started  pid=4808  VPS:7843 -> local:7842
2026-06-10 10:26:07,556 WARNING SSH tunnel exited (code=255), restarting in 10s...
2026-06-10 10:26:17,561 INFO SSH tunnel started  pid=14868  VPS:7843 -> local:7842
2026-06-10 10:26:27,562 WARNING SSH tunnel exited (code=255), restarting in 10s...
2026-06-10 10:26:37,567 INFO SSH tunnel started  pid=7552  VPS:7843 -> local:7842
2026-06-10 10:26:47,568 WARNING SSH tunnel exited (code=255), restarting in 10s...
2026-06-10 10:26:57,572 INFO SSH tunnel started  pid=2208  VPS:7843 -> local:7842
2026-06-10 10:27:07,573 WARNING SSH tunnel exited (code=255), restarting in 10s...
2026-06-10 10:27:17,578 INFO SSH tunnel started  pid=5504  VPS:7843 -> local:7842
2026-06-10 10:27:27,578 WARNING SSH tunnel exited (code=255), restarting in 10s...
2026-06-10 10:27:37,584 INFO SSH tunnel started  pid=9032  VPS:7843 -> local:7842
2026-06-10 10:27:47,586 WARNING SSH tunnel exited (code=255), restarting in 10s...
2026-06-10 10:27:57,590 INFO SSH tunnel started  pid=10120  VPS:7843 -> local:7842
2026-06-10 10:28:07,591 WARNING SSH tunnel exited (code=255), restarting in 10s...
2026-06-10 10:28:17,595 INFO SSH tunnel started  pid=3672  VPS:7843 -> local:7842
2026-06-10 10:28:27,596 WARNING SSH tunnel exited (code=255), restarting in 10s...
2026-06-10 10:28:37,601 INFO SSH tunnel started  pid=8028  VPS:7843 -> local:7842
2026-06-10 10:28:47,602 WARNING SSH tunnel exited (code=255), restarting in 10s...
2026-06-10 10:28:57,606 INFO SSH tunnel started  pid=3084  VPS:7843 -> local:7842
2026-06-10 10:29:07,607 WARNING SSH tunnel exited (code=255), restarting in 10s...
2026-06-10 10:29:17,611 INFO SSH tunnel started  pid=2688  VPS:7843 -> local:7842
2026-06-10 10:29:27,612 WARNING SSH tunnel exited (code=255), restarting in 10s...
2026-06-10 10:29:37,616 INFO SSH tunnel started  pid=5072  VPS:7843 -> local:7842
2026-06-10 10:29:47,617 WARNING SSH tunnel exited (code=255), restarting in 10s...
2026-06-10 10:29:57,621 INFO SSH tunnel started  pid=14088  VPS:7843 -> local:7842
2026-06-10 10:30:07,622 WARNING SSH tunnel exited (code=255), restarting in 10s...
2026-06-10 10:30:17,626 INFO SSH tunnel started  pid=1060  VPS:7843 -> local:7842
2026-06-10 10:30:27,627 WARNING SSH tunnel exited (code=255), restarting in 10s...
2026-06-10 10:30:37,631 INFO SSH tunnel started  pid=3680  VPS:7843 -> local:7842
2026-06-10 10:30:47,632 WARNING SSH tunnel exited (code=255), restarting in 10s...
2026-06-10 10:30:57,637 INFO SSH tunnel started  pid=14396  VPS:7843 -> local:7842
2026-06-10 10:31:07,637 WARNING SSH tunnel exited (code=255), restarting in 10s...
2026-06-10 10:31:17,642 INFO SSH tunnel started  pid=6400  VPS:7843 -> local:7842
2026-06-10 10:31:37,642 WARNING SSH tunnel exited (code=255), restarting in 10s...
2026-06-10 10:31:47,647 INFO SSH tunnel started  pid=696  VPS:7843 -> local:7842
2026-06-10 10:32:27,648 WARNING SSH tunnel exited (code=255), restarting in 10s...
2026-06-10 10:32:37,652 INFO SSH tunnel started  pid=10188  VPS:7843 -> local:7842
2026-06-10 10:32:47,653 WARNING SSH tunnel exited (code=255), restarting in 10s...
2026-06-10 10:32:57,658 INFO SSH tunnel started  pid=5676  VPS:7843 -> local:7842
2026-06-10 10:33:07,658 WARNING SSH tunnel exited (code=255), restarting in 10s...
2026-06-10 10:33:17,663 INFO SSH tunnel started  pid=4500  VPS:7843 -> local:7842
2026-06-10 10:33:27,664 WARNING SSH tunnel exited (code=255), restarting in 10s...
2026-06-10 10:33:37,668 INFO SSH tunnel started  pid=12632  VPS:7843 -> local:7842
2026-06-10 10:33:47,669 WARNING SSH tunnel exited (code=255), restarting in 10s...
2026-06-10 10:33:57,673 INFO SSH tunnel started  pid=10172  VPS:7843 -> local:7842
2026-06-10 10:34:07,674 WARNING SSH tunnel exited (code=255), restarting in 10s...
2026-06-10 10:34:17,678 INFO SSH tunnel started  pid=3408  VPS:7843 -> local:7842
2026-06-10 10:34:27,679 WARNING SSH tunnel exited (code=255), restarting in 10s...
2026-06-10 10:34:37,683 INFO SSH tunnel started  pid=7016  VPS:7843 -> local:7842
2026-06-10 10:34:47,685 WARNING SSH tunnel exited (code=255), restarting in 10s...
2026-06-10 10:34:57,689 INFO SSH tunnel started  pid=12824  VPS:7843 -> local:7842
2026-06-10 10:35:07,690 WARNING SSH tunnel exited (code=255), restarting in 10s...
2026-06-10 10:35:17,695 INFO SSH tunnel started  pid=6404  VPS:7843 -> local:7842
2026-06-10 10:35:27,696 WARNING SSH tunnel exited (code=255), restarting in 10s...
2026-06-10 10:35:37,700 INFO SSH tunnel started  pid=15128  VPS:7843 -> local:7842
2026-06-10 10:35:47,702 WARNING SSH tunnel exited (code=255), restarting in 10s...
2026-06-10 10:35:57,706 INFO SSH tunnel started  pid=5784  VPS:7843 -> local:7842
2026-06-10 10:36:07,707 WARNING SSH tunnel exited (code=255), restarting in 10s...
2026-06-10 10:36:17,711 INFO SSH tunnel started  pid=8028  VPS:7843 -> local:7842
2026-06-10 10:36:27,712 WARNING SSH tunnel exited (code=255), restarting in 10s...
2026-06-10 10:36:37,718 INFO SSH tunnel started  pid=1708  VPS:7843 -> local:7842
2026-06-10 10:36:47,719 WARNING SSH tunnel exited (code=255), restarting in 10s...
2026-06-10 10:36:57,723 INFO SSH tunnel started  pid=14368  VPS:7843 -> local:7842
2026-06-10 10:37:07,724 WARNING SSH tunnel exited (code=255), restarting in 10s...
2026-06-10 10:37:17,728 INFO SSH tunnel started  pid=9932  VPS:7843 -> local:7842
2026-06-10 10:37:27,729 WARNING SSH tunnel exited (code=255), restarting in 10s...
2026-06-10 10:37:37,734 INFO SSH tunnel started  pid=6828  VPS:7843 -> local:7842
2026-06-10 10:37:47,735 WARNING SSH tunnel exited (code=255), restarting in 10s...
2026-06-10 10:37:57,739 INFO SSH tunnel started  pid=14096  VPS:7843 -> local:7842
2026-06-10 10:38:07,740 WARNING SSH tunnel exited (code=255), restarting in 10s...
2026-06-10 10:38:17,744 INFO SSH tunnel started  pid=6736  VPS:7843 -> local:7842
2026-06-10 10:39:17,747 WARNING SSH tunnel exited (code=255), restarting in 10s...
2026-06-10 10:39:27,751 INFO SSH tunnel started  pid=7416  VPS:7843 -> local:7842
2026-06-10 10:39:37,752 WARNING SSH tunnel exited (code=255), restarting in 10s...
2026-06-10 10:39:47,756 INFO SSH tunnel started  pid=4356  VPS:7843 -> local:7842
2026-06-10 10:39:57,757 WARNING SSH tunnel exited (code=255), restarting in 10s...
2026-06-10 10:40:07,762 INFO SSH tunnel started  pid=4184  VPS:7843 -> local:7842
2026-06-10 10:40:17,763 WARNING SSH tunnel exited (code=255), restarting in 10s...
2026-06-10 10:40:27,767 INFO SSH tunnel started  pid=3712  VPS:7843 -> local:7842
2026-06-10 10:40:37,768 WARNING SSH tunnel exited (code=255), restarting in 10s...
2026-06-10 10:40:47,772 INFO SSH tunnel started  pid=14812  VPS:7843 -> local:7842
2026-06-10 10:40:57,773 WARNING SSH tunnel exited (code=255), restarting in 10s...
2026-06-10 10:41:07,778 INFO SSH tunnel started  pid=14728  VPS:7843 -> local:7842
2026-06-10 10:41:17,779 WARNING SSH tunnel exited (code=255), restarting in 10s...
2026-06-10 10:41:27,781 INFO SSH tunnel started  pid=4964  VPS:7843 -> local:7842
2026-06-10 10:41:37,782 WARNING SSH tunnel exited (code=255), restarting in 10s...
2026-06-10 10:41:47,787 INFO SSH tunnel started  pid=13516  VPS:7843 -> local:7842
2026-06-10 10:41:57,788 WARNING SSH tunnel exited (code=255), restarting in 10s...
2026-06-10 10:42:07,795 INFO SSH tunnel started  pid=8144  VPS:7843 -> local:7842
2026-06-10 10:42:17,796 WARNING SSH tunnel exited (code=255), restarting in 10s...
2026-06-10 10:42:27,798 INFO SSH tunnel started  pid=11928  VPS:7843 -> local:7842
2026-06-10 10:42:37,799 WARNING SSH tunnel exited (code=255), restarting in 10s...
2026-06-10 10:42:47,803 INFO SSH tunnel started  pid=9556  VPS:7843 -> local:7842
2026-06-10 10:42:57,804 WARNING SSH tunnel exited (code=255), restarting in 10s...
2026-06-10 10:43:07,809 INFO SSH tunnel started  pid=11696  VPS:7843 -> local:7842
2026-06-10 10:43:17,810 WARNING SSH tunnel exited (code=255), restarting in 10s...
2026-06-10 10:43:27,815 INFO SSH tunnel started  pid=3676  VPS:7843 -> local:7842
2026-06-10 10:43:37,815 WARNING SSH tunnel exited (code=255), restarting in 10s...
2026-06-10 10:43:47,820 INFO SSH tunnel started  pid=10740  VPS:7843 -> local:7842
2026-06-10 10:43:57,821 WARNING SSH tunnel exited (code=255), restarting in 10s...
2026-06-10 10:44:07,825 INFO SSH tunnel started  pid=4284  VPS:7843 -> local:7842
2026-06-10 10:44:17,827 WARNING SSH tunnel exited (code=255), restarting in 10s...
2026-06-10 10:44:27,831 INFO SSH tunnel started  pid=3636  VPS:7843 -> local:7842
2026-06-10 10:44:37,832 WARNING SSH tunnel exited (code=255), restarting in 10s...
2026-06-10 10:44:47,837 INFO SSH tunnel started  pid=6484  VPS:7843 -> local:7842
2026-06-10 10:44:57,837 WARNING SSH tunnel exited (code=255), restarting in 10s...
2026-06-10 10:45:07,842 INFO SSH tunnel started  pid=1708  VPS:7843 -> local:7842
2026-06-10 10:45:17,843 WARNING SSH tunnel exited (code=255), restarting in 10s...
2026-06-10 10:45:27,848 INFO SSH tunnel started  pid=7684  VPS:7843 -> local:7842
2026-06-10 10:45:37,849 WARNING SSH tunnel exited (code=255), restarting in 10s...
2026-06-10 10:45:47,853 INFO SSH tunnel started  pid=9712  VPS:7843 -> local:7842
2026-06-10 10:45:57,854 WARNING SSH tunnel exited (code=255), restarting in 10s...
2026-06-10 10:46:07,859 INFO SSH tunnel started  pid=15344  VPS:7843 -> local:7842
2026-06-10 10:46:17,860 WARNING SSH tunnel exited (code=255), restarting in 10s...
2026-06-10 10:46:27,864 INFO SSH tunnel started  pid=13436  VPS:7843 -> local:7842
2026-06-10 10:46:47,865 WARNING SSH tunnel exited (code=255), restarting in 10s...
2026-06-10 10:46:57,869 INFO SSH tunnel started  pid=12008  VPS:7843 -> local:7842
2026-06-10 10:47:17,871 WARNING SSH tunnel exited (code=255), restarting in 10s...
2026-06-10 10:47:27,875 INFO SSH tunnel started  pid=13284  VPS:7843 -> local:7842
2026-06-10 10:47:37,876 WARNING SSH tunnel exited (code=255), restarting in 10s...
2026-06-10 10:47:47,880 INFO SSH tunnel started  pid=11796  VPS:7843 -> local:7842
2026-06-10 10:48:07,881 WARNING SSH tunnel exited (code=255), restarting in 10s...
2026-06-10 10:48:17,886 INFO SSH tunnel started  pid=5932  VPS:7843 -> local:7842
2026-06-10 10:48:37,887 WARNING SSH tunnel exited (code=255), restarting in 10s...
2026-06-10 10:48:47,891 INFO SSH tunnel started  pid=12972  VPS:7843 -> local:7842
2026-06-10 10:49:07,892 WARNING SSH tunnel exited (code=255), restarting in 10s...
2026-06-10 10:49:17,897 INFO SSH tunnel started  pid=2188  VPS:7843 -> local:7842
2026-06-10 10:49:37,897 WARNING SSH tunnel exited (code=255), restarting in 10s...
2026-06-10 10:49:47,902 INFO SSH tunnel started  pid=1496  VPS:7843 -> local:7842
2026-06-10 10:49:57,903 WARNING SSH tunnel exited (code=255), restarting in 10s...
2026-06-10 10:50:07,907 INFO SSH tunnel started  pid=14376  VPS:7843 -> local:7842
2026-06-10 10:50:17,908 WARNING SSH tunnel exited (code=255), restarting in 10s...
2026-06-10 10:50:27,912 INFO SSH tunnel started  pid=6856  VPS:7843 -> local:7842
2026-06-10 10:50:37,913 WARNING SSH tunnel exited (code=255), restarting in 10s...
2026-06-10 10:50:47,918 INFO SSH tunnel started  pid=13620  VPS:7843 -> local:7842
2026-06-10 10:50:57,918 WARNING SSH tunnel exited (code=255), restarting in 10s...
2026-06-10 10:51:07,922 INFO SSH tunnel started  pid=10556  VPS:7843 -> local:7842
2026-06-10 10:51:17,923 WARNING SSH tunnel exited (code=255), restarting in 10s...
2026-06-10 10:51:27,928 INFO SSH tunnel started  pid=7832  VPS:7843 -> local:7842
2026-06-10 10:51:37,929 WARNING SSH tunnel exited (code=255), restarting in 10s...
2026-06-10 10:51:47,933 INFO SSH tunnel started  pid=14776  VPS:7843 -> local:7842
2026-06-10 10:51:57,934 WARNING SSH tunnel exited (code=255), restarting in 10s...
2026-06-10 10:52:07,938 INFO SSH tunnel started  pid=5948  VPS:7843 -> local:7842
2026-06-10 10:52:17,939 WARNING SSH tunnel exited (code=255), restarting in 10s...
2026-06-10 10:52:27,943 INFO SSH tunnel started  pid=14832  VPS:7843 -> local:7842
2026-06-10 10:52:37,944 WARNING SSH tunnel exited (code=255), restarting in 10s...
2026-06-10 10:52:47,946 INFO SSH tunnel started  pid=13232  VPS:7843 -> local:7842
2026-06-10 10:52:57,947 WARNING SSH tunnel exited (code=255), restarting in 10s...
2026-06-10 10:53:07,950 INFO SSH tunnel started  pid=10920  VPS:7843 -> local:7842
2026-06-10 10:53:17,951 WARNING SSH tunnel exited (code=255), restarting in 10s...
2026-06-10 10:53:27,955 INFO SSH tunnel started  pid=6404  VPS:7843 -> local:7842
2026-06-10 10:53:37,956 WARNING SSH tunnel exited (code=255), restarting in 10s...
2026-06-10 10:53:47,961 INFO SSH tunnel started  pid=10752  VPS:7843 -> local:7842
2026-06-10 10:53:57,961 WARNING SSH tunnel exited (code=255), restarting in 10s...
2026-06-10 10:54:07,966 INFO SSH tunnel started  pid=11896  VPS:7843 -> local:7842
2026-06-10 10:54:17,966 WARNING SSH tunnel exited (code=255), restarting in 10s...
2026-06-10 10:54:27,971 INFO SSH tunnel started  pid=1752  VPS:7843 -> local:7842
2026-06-10 10:55:47,972 WARNING SSH tunnel exited (code=255), restarting in 10s...
2026-06-10 10:55:57,977 INFO SSH tunnel started  pid=4172  VPS:7843 -> local:7842
2026-06-10 10:56:07,977 WARNING SSH tunnel exited (code=255), restarting in 10s...
2026-06-10 10:56:17,982 INFO SSH tunnel started  pid=10108  VPS:7843 -> local:7842
2026-06-10 10:56:27,983 WARNING SSH tunnel exited (code=255), restarting in 10s...
2026-06-10 10:56:37,987 INFO SSH tunnel started  pid=12180  VPS:7843 -> local:7842
2026-06-10 10:56:57,988 WARNING SSH tunnel exited (code=255), restarting in 10s...
2026-06-10 10:57:07,993 INFO SSH tunnel started  pid=5484  VPS:7843 -> local:7842
2026-06-10 10:57:27,994 WARNING SSH tunnel exited (code=255), restarting in 10s...
2026-06-10 10:57:37,998 INFO SSH tunnel started  pid=5272  VPS:7843 -> local:7842
2026-06-10 10:57:47,999 WARNING SSH tunnel exited (code=255), restarting in 10s...
2026-06-10 10:57:58,003 INFO SSH tunnel started  pid=10224  VPS:7843 -> local:7842
2026-06-10 10:58:08,004 WARNING SSH tunnel exited (code=255), restarting in 10s...
2026-06-10 10:58:18,008 INFO SSH tunnel started  pid=4432  VPS:7843 -> local:7842
2026-06-10 10:58:28,009 WARNING SSH tunnel exited (code=255), restarting in 10s...
2026-06-10 10:58:38,013 INFO SSH tunnel started  pid=15036  VPS:7843 -> local:7842
2026-06-10 10:58:48,014 WARNING SSH tunnel exited (code=255), restarting in 10s...
2026-06-10 10:58:58,018 INFO SSH tunnel started  pid=5072  VPS:7843 -> local:7842
2026-06-10 10:59:08,019 WARNING SSH tunnel exited (code=255), restarting in 10s...
2026-06-10 10:59:18,023 INFO SSH tunnel started  pid=11916  VPS:7843 -> local:7842
2026-06-10 10:59:28,024 WARNING SSH tunnel exited (code=255), restarting in 10s...
2026-06-10 10:59:38,028 INFO SSH tunnel started  pid=5616  VPS:7843 -> local:7842
2026-06-10 10:59:48,029 WARNING SSH tunnel exited (code=255), restarting in 10s...
2026-06-10 10:59:58,034 INFO SSH tunnel started  pid=13956  VPS:7843 -> local:7842
2026-06-10 11:00:08,034 WARNING SSH tunnel exited (code=255), restarting in 10s...
2026-06-10 11:00:18,039 INFO SSH tunnel started  pid=14876  VPS:7843 -> local:7842
2026-06-10 11:00:28,039 WARNING SSH tunnel exited (code=255), restarting in 10s...
2026-06-10 11:00:38,044 INFO SSH tunnel started  pid=10776  VPS:7843 -> local:7842
2026-06-10 11:00:48,045 WARNING SSH tunnel exited (code=255), restarting in 10s...
2026-06-10 11:00:58,050 INFO SSH tunnel started  pid=11644  VPS:7843 -> local:7842
2026-06-10 11:01:08,050 WARNING SSH tunnel exited (code=255), restarting in 10s...
2026-06-10 11:01:18,054 INFO SSH tunnel started  pid=4396  VPS:7843 -> local:7842
2026-06-10 11:01:28,055 WARNING SSH tunnel exited (code=255), restarting in 10s...
2026-06-10 11:01:38,060 INFO SSH tunnel started  pid=4388  VPS:7843 -> local:7842
2026-06-10 11:01:48,061 WARNING SSH tunnel exited (code=255), restarting in 10s...
2026-06-10 11:01:58,065 INFO SSH tunnel started  pid=15332  VPS:7843 -> local:7842
2026-06-10 11:02:08,066 WARNING SSH tunnel exited (code=255), restarting in 10s...
2026-06-10 11:02:18,070 INFO SSH tunnel started  pid=13404  VPS:7843 -> local:7842
2026-06-10 11:02:28,071 WARNING SSH tunnel exited (code=255), restarting in 10s...
2026-06-10 11:02:38,075 INFO SSH tunnel started  pid=2184  VPS:7843 -> local:7842
2026-06-10 11:02:48,076 WARNING SSH tunnel exited (code=255), restarting in 10s...
2026-06-10 11:02:58,081 INFO SSH tunnel started  pid=2644  VPS:7843 -> local:7842
2026-06-10 11:03:58,083 WARNING SSH tunnel exited (code=255), restarting in 10s...
2026-06-10 11:04:08,087 INFO SSH tunnel started  pid=3388  VPS:7843 -> local:7842
2026-06-10 11:04:18,088 WARNING SSH tunnel exited (code=255), restarting in 10s...
2026-06-10 11:04:28,092 INFO SSH tunnel started  pid=14168  VPS:7843 -> local:7842
2026-06-10 11:04:38,093 WARNING SSH tunnel exited (code=255), restarting in 10s...
2026-06-10 11:04:48,098 INFO SSH tunnel started  pid=9116  VPS:7843 -> local:7842
2026-06-10 11:05:48,099 WARNING SSH tunnel exited (code=255), restarting in 10s...
2026-06-10 11:05:58,104 INFO SSH tunnel started  pid=9428  VPS:7843 -> local:7842
2026-06-10 11:06:08,104 WARNING SSH tunnel exited (code=255), restarting in 10s...
2026-06-10 11:06:18,109 INFO SSH tunnel started  pid=11512  VPS:7843 -> local:7842
2026-06-10 11:06:28,110 WARNING SSH tunnel exited (code=255), restarting in 10s...
2026-06-10 11:06:38,115 INFO SSH tunnel started  pid=6264  VPS:7843 -> local:7842
2026-06-10 11:06:48,116 WARNING SSH tunnel exited (code=255), restarting in 10s...
2026-06-10 11:06:58,120 INFO SSH tunnel started  pid=9752  VPS:7843 -> local:7842
2026-06-10 11:07:08,121 WARNING SSH tunnel exited (code=255), restarting in 10s...
2026-06-10 11:07:18,125 INFO SSH tunnel started  pid=5084  VPS:7843 -> local:7842
2026-06-10 11:07:28,126 WARNING SSH tunnel exited (code=255), restarting in 10s...
2026-06-10 11:07:38,129 INFO SSH tunnel started  pid=10224  VPS:7843 -> local:7842
2026-06-10 11:07:48,130 WARNING SSH tunnel exited (code=255), restarting in 10s...
2026-06-10 11:07:58,135 INFO SSH tunnel started  pid=5616  VPS:7843 -> local:7842
2026-06-10 11:08:08,136 WARNING SSH tunnel exited (code=255), restarting in 10s...
2026-06-10 11:08:18,140 INFO SSH tunnel started  pid=2328  VPS:7843 -> local:7842
2026-06-10 11:08:28,141 WARNING SSH tunnel exited (code=255), restarting in 10s...
2026-06-10 11:08:38,144 INFO SSH tunnel started  pid=2396  VPS:7843 -> local:7842
2026-06-10 11:08:48,146 WARNING SSH tunnel exited (code=255), restarting in 10s...
2026-06-10 11:08:58,150 INFO SSH tunnel started  pid=1800  VPS:7843 -> local:7842
2026-06-10 11:09:08,151 WARNING SSH tunnel exited (code=255), restarting in 10s...
2026-06-10 11:09:18,155 INFO SSH tunnel started  pid=2360  VPS:7843 -> local:7842
2026-06-10 11:09:28,156 WARNING SSH tunnel exited (code=255), restarting in 10s...
2026-06-10 11:09:38,160 INFO SSH tunnel started  pid=6096  VPS:7843 -> local:7842
2026-06-10 11:09:48,162 WARNING SSH tunnel exited (code=255), restarting in 10s...
2026-06-10 11:09:58,166 INFO SSH tunnel started  pid=13600  VPS:7843 -> local:7842
2026-06-10 11:10:08,167 WARNING SSH tunnel exited (code=255), restarting in 10s...
2026-06-10 11:10:18,171 INFO SSH tunnel started  pid=14264  VPS:7843 -> local:7842
2026-06-10 11:10:28,172 WARNING SSH tunnel exited (code=255), restarting in 10s...
2026-06-10 11:10:38,176 INFO SSH tunnel started  pid=2184  VPS:7843 -> local:7842
2026-06-10 11:10:48,177 WARNING SSH tunnel exited (code=255), restarting in 10s...
2026-06-10 11:10:58,181 INFO SSH tunnel started  pid=5648  VPS:7843 -> local:7842
2026-06-10 11:11:08,182 WARNING SSH tunnel exited (code=255), restarting in 10s...
2026-06-10 11:11:18,188 INFO SSH tunnel started  pid=6892  VPS:7843 -> local:7842
2026-06-10 11:12:58,190 WARNING SSH tunnel exited (code=255), restarting in 10s...
2026-06-10 11:13:08,194 INFO SSH tunnel started  pid=11696  VPS:7843 -> local:7842
2026-06-10 11:13:28,196 WARNING SSH tunnel exited (code=255), restarting in 10s...
2026-06-10 11:13:38,202 INFO SSH tunnel started  pid=1484  VPS:7843 -> local:7842
2026-06-10 11:13:58,203 WARNING SSH tunnel exited (code=255), restarting in 10s...
2026-06-10 11:14:08,207 INFO SSH tunnel started  pid=596  VPS:7843 -> local:7842
2026-06-10 11:14:48,208 WARNING SSH tunnel exited (code=255), restarting in 10s...
2026-06-10 11:14:58,213 INFO SSH tunnel started  pid=5872  VPS:7843 -> local:7842
2026-06-10 11:15:08,214 WARNING SSH tunnel exited (code=255), restarting in 10s...
2026-06-10 11:15:18,219 INFO SSH tunnel started  pid=6792  VPS:7843 -> local:7842
2026-06-10 11:15:28,220 WARNING SSH tunnel exited (code=255), restarting in 10s...
2026-06-10 11:15:38,225 INFO SSH tunnel started  pid=2400  VPS:7843 -> local:7842
2026-06-10 11:16:18,227 WARNING SSH tunnel exited (code=255), restarting in 10s...
2026-06-10 11:16:28,231 INFO SSH tunnel started  pid=8408  VPS:7843 -> local:7842
2026-06-10 11:16:38,232 WARNING SSH tunnel exited (code=255), restarting in 10s...
2026-06-10 11:16:48,236 INFO SSH tunnel started  pid=4276  VPS:7843 -> local:7842
2026-06-10 11:16:58,237 WARNING SSH tunnel exited (code=255), restarting in 10s...
2026-06-10 11:17:08,241 INFO SSH tunnel started  pid=6120  VPS:7843 -> local:7842
2026-06-10 11:17:18,242 WARNING SSH tunnel exited (code=255), restarting in 10s...
2026-06-10 11:17:28,247 INFO SSH tunnel started  pid=1412  VPS:7843 -> local:7842
2026-06-10 11:17:38,247 WARNING SSH tunnel exited (code=255), restarting in 10s...
2026-06-10 11:17:48,251 INFO SSH tunnel started  pid=10608  VPS:7843 -> local:7842
2026-06-10 11:17:58,252 WARNING SSH tunnel exited (code=255), restarting in 10s...
2026-06-10 11:18:08,257 INFO SSH tunnel started  pid=2328  VPS:7843 -> local:7842
2026-06-10 11:18:48,258 WARNING SSH tunnel exited (code=255), restarting in 10s...
2026-06-10 11:18:58,262 INFO SSH tunnel started  pid=10732  VPS:7843 -> local:7842
2026-06-10 11:19:08,263 WARNING SSH tunnel exited (code=255), restarting in 10s...
2026-06-10 11:19:18,267 INFO SSH tunnel started  pid=4500  VPS:7843 -> local:7842
2026-06-10 11:19:48,268 WARNING SSH tunnel exited (code=255), restarting in 10s...
2026-06-10 11:19:58,272 INFO SSH tunnel started  pid=10248  VPS:7843 -> local:7842
2026-06-10 11:20:48,273 WARNING SSH tunnel exited (code=255), restarting in 10s...
2026-06-10 11:20:58,278 INFO SSH tunnel started  pid=15072  VPS:7843 -> local:7842
2026-06-10 11:22:48,280 WARNING SSH tunnel exited (code=255), restarting in 10s...
2026-06-10 11:22:58,284 INFO SSH tunnel started  pid=15132  VPS:7843 -> local:7842
2026-06-10 11:23:28,286 WARNING SSH tunnel exited (code=255), restarting in 10s...
2026-06-10 11:23:38,290 INFO SSH tunnel started  pid=8012  VPS:7843 -> local:7842
2026-06-10 11:23:48,291 WARNING SSH tunnel exited (code=255), restarting in 10s...
2026-06-10 11:23:58,296 INFO SSH tunnel started  pid=4284  VPS:7843 -> local:7842
2026-06-10 11:24:08,296 WARNING SSH tunnel exited (code=255), restarting in 10s...
2026-06-10 11:24:18,301 INFO SSH tunnel started  pid=8144  VPS:7843 -> local:7842
2026-06-10 11:24:28,302 WARNING SSH tunnel exited (code=255), restarting in 10s...
2026-06-10 11:24:38,306 INFO SSH tunnel started  pid=13672  VPS:7843 -> local:7842
2026-06-10 11:24:48,307 WARNING SSH tunnel exited (code=255), restarting in 10s...
2026-06-10 11:24:58,311 INFO SSH tunnel started  pid=5488  VPS:7843 -> local:7842
2026-06-10 11:25:28,312 WARNING SSH tunnel exited (code=255), restarting in 10s...
2026-06-10 11:25:38,316 INFO SSH tunnel started  pid=10736  VPS:7843 -> local:7842
2026-06-10 11:25:58,318 WARNING SSH tunnel exited (code=255), restarting in 10s...
2026-06-10 11:26:08,323 INFO SSH tunnel started  pid=632  VPS:7843 -> local:7842
2026-06-10 11:26:18,324 WARNING SSH tunnel exited (code=255), restarting in 10s...
2026-06-10 11:26:28,328 INFO SSH tunnel started  pid=11700  VPS:7843 -> local:7842
2026-06-10 11:26:38,329 WARNING SSH tunnel exited (code=255), restarting in 10s...
2026-06-10 11:26:48,333 INFO SSH tunnel started  pid=9524  VPS:7843 -> local:7842
2026-06-10 11:26:58,334 WARNING SSH tunnel exited (code=255), restarting in 10s...
2026-06-10 11:27:08,338 INFO SSH tunnel started  pid=10716  VPS:7843 -> local:7842
2026-06-10 11:27:18,339 WARNING SSH tunnel exited (code=255), restarting in 10s...
2026-06-10 11:27:28,343 INFO SSH tunnel started  pid=9024  VPS:7843 -> local:7842
2026-06-10 11:27:48,344 WARNING SSH tunnel exited (code=255), restarting in 10s...
2026-06-10 11:27:58,350 INFO SSH tunnel started  pid=1536  VPS:7843 -> local:7842
2026-06-10 11:28:28,350 WARNING SSH tunnel exited (code=255), restarting in 10s...
2026-06-10 11:28:38,355 INFO SSH tunnel started  pid=14324  VPS:7843 -> local:7842
2026-06-10 11:28:48,356 WARNING SSH tunnel exited (code=255), restarting in 10s...
2026-06-10 11:28:58,360 INFO SSH tunnel started  pid=6120  VPS:7843 -> local:7842
2026-06-10 11:29:08,361 WARNING SSH tunnel exited (code=255), restarting in 10s...
2026-06-10 11:29:18,365 INFO SSH tunnel started  pid=7236  VPS:7843 -> local:7842
2026-06-10 11:29:28,366 WARNING SSH tunnel exited (code=255), restarting in 10s...
2026-06-10 11:29:38,371 INFO SSH tunnel started  pid=14764  VPS:7843 -> local:7842
2026-06-10 11:30:38,372 WARNING SSH tunnel exited (code=255), restarting in 10s...
2026-06-10 11:30:48,377 INFO SSH tunnel started  pid=3484  VPS:7843 -> local:7842
2026-06-10 11:30:58,377 WARNING SSH tunnel exited (code=255), restarting in 10s...
2026-06-10 11:31:08,382 INFO SSH tunnel started  pid=3388  VPS:7843 -> local:7842
2026-06-10 11:31:18,382 WARNING SSH tunnel exited (code=255), restarting in 10s...
2026-06-10 11:31:28,386 INFO SSH tunnel started  pid=10068  VPS:7843 -> local:7842
2026-06-10 11:31:38,387 WARNING SSH tunnel exited (code=255), restarting in 10s...
2026-06-10 11:31:48,392 INFO SSH tunnel started  pid=8804  VPS:7843 -> local:7842
2026-06-10 11:31:58,393 WARNING SSH tunnel exited (code=255), restarting in 10s...
2026-06-10 11:32:08,397 INFO SSH tunnel started  pid=1084  VPS:7843 -> local:7842
2026-06-10 11:32:18,398 WARNING SSH tunnel exited (code=255), restarting in 10s...
2026-06-10 11:32:28,402 INFO SSH tunnel started  pid=12332  VPS:7843 -> local:7842
2026-06-10 11:32:48,403 WARNING SSH tunnel exited (code=255), restarting in 10s...
2026-06-10 11:32:58,407 INFO SSH tunnel started  pid=7696  VPS:7843 -> local:7842
2026-06-10 11:33:08,409 WARNING SSH tunnel exited (code=255), restarting in 10s...
2026-06-10 11:33:18,414 INFO SSH tunnel started  pid=5892  VPS:7843 -> local:7842
2026-06-10 11:33:38,415 WARNING SSH tunnel exited (code=255), restarting in 10s...
2026-06-10 11:33:48,420 INFO SSH tunnel started  pid=6104  VPS:7843 -> local:7842
2026-06-10 11:33:58,421 WARNING SSH tunnel exited (code=255), restarting in 10s...
2026-06-10 11:34:08,425 INFO SSH tunnel started  pid=11024  VPS:7843 -> local:7842
2026-06-10 11:34:18,426 WARNING SSH tunnel exited (code=255), restarting in 10s...
2026-06-10 11:34:28,430 INFO SSH tunnel started  pid=9440  VPS:7843 -> local:7842
2026-06-10 11:34:38,431 WARNING SSH tunnel exited (code=255), restarting in 10s...
2026-06-10 11:34:48,436 INFO SSH tunnel started  pid=3784  VPS:7843 -> local:7842
2026-06-10 11:34:58,436 WARNING SSH tunnel exited (code=255), restarting in 10s...
2026-06-10 11:35:08,440 INFO SSH tunnel started  pid=7188  VPS:7843 -> local:7842
2026-06-10 11:35:18,441 WARNING SSH tunnel exited (code=255), restarting in 10s...
2026-06-10 11:35:28,445 INFO SSH tunnel started  pid=1060  VPS:7843 -> local:7842
2026-06-10 11:35:38,446 WARNING SSH tunnel exited (code=255), restarting in 10s...
2026-06-10 11:35:48,450 INFO SSH tunnel started  pid=11644  VPS:7843 -> local:7842
2026-06-10 11:36:08,451 WARNING SSH tunnel exited (code=255), restarting in 10s...
2026-06-10 11:36:18,456 INFO SSH tunnel started  pid=3400  VPS:7843 -> local:7842
2026-06-10 11:36:38,457 WARNING SSH tunnel exited (code=255), restarting in 10s...
2026-06-10 11:36:48,461 INFO SSH tunnel started  pid=14096  VPS:7843 -> local:7842
2026-06-10 11:36:58,462 WARNING SSH tunnel exited (code=255), restarting in 10s...
2026-06-10 11:37:08,467 INFO SSH tunnel started  pid=11768  VPS:7843 -> local:7842
2026-06-10 11:37:18,467 WARNING SSH tunnel exited (code=255), restarting in 10s...
2026-06-10 11:37:28,471 INFO SSH tunnel started  pid=2636  VPS:7843 -> local:7842
2026-06-10 11:37:38,472 WARNING SSH tunnel exited (code=255), restarting in 10s...
2026-06-10 11:37:48,476 INFO SSH tunnel started  pid=14324  VPS:7843 -> local:7842
2026-06-10 11:38:48,478 WARNING SSH tunnel exited (code=255), restarting in 10s...
2026-06-10 11:38:58,482 INFO SSH tunnel started  pid=7044  VPS:7843 -> local:7842
2026-06-10 11:39:08,483 WARNING SSH tunnel exited (code=255), restarting in 10s...
2026-06-10 11:39:18,488 INFO SSH tunnel started  pid=10312  VPS:7843 -> local:7842
2026-06-10 11:39:28,488 WARNING SSH tunnel exited (code=255), restarting in 10s...
2026-06-10 11:39:38,493 INFO SSH tunnel started  pid=4184  VPS:7843 -> local:7842
2026-06-10 11:39:48,493 WARNING SSH tunnel exited (code=255), restarting in 10s...
2026-06-10 11:39:58,498 INFO SSH tunnel started  pid=596  VPS:7843 -> local:7842
2026-06-10 11:40:08,499 WARNING SSH tunnel exited (code=255), restarting in 10s...
2026-06-10 11:40:18,503 INFO SSH tunnel started  pid=6828  VPS:7843 -> local:7842
2026-06-10 11:40:28,504 WARNING SSH tunnel exited (code=255), restarting in 10s...
2026-06-10 11:40:38,508 INFO SSH tunnel started  pid=5396  VPS:7843 -> local:7842
2026-06-10 11:40:48,509 WARNING SSH tunnel exited (code=255), restarting in 10s...
2026-06-10 11:40:58,513 INFO SSH tunnel started  pid=11524  VPS:7843 -> local:7842
2026-06-10 11:41:08,514 WARNING SSH tunnel exited (code=255), restarting in 10s...
2026-06-10 11:41:18,518 INFO SSH tunnel started  pid=14700  VPS:7843 -> local:7842
2026-06-10 11:41:28,519 WARNING SSH tunnel exited (code=255), restarting in 10s...
2026-06-10 11:41:38,523 INFO SSH tunnel started  pid=832  VPS:7843 -> local:7842
2026-06-10 11:41:48,524 WARNING SSH tunnel exited (code=255), restarting in 10s...
2026-06-10 11:41:58,529 INFO SSH tunnel started  pid=15128  VPS:7843 -> local:7842
2026-06-10 11:42:08,530 WARNING SSH tunnel exited (code=255), restarting in 10s...
2026-06-10 11:42:18,534 INFO SSH tunnel started  pid=1632  VPS:7843 -> local:7842
2026-06-10 11:42:28,535 WARNING SSH tunnel exited (code=255), restarting in 10s...
2026-06-10 11:42:38,539 INFO SSH tunnel started  pid=2936  VPS:7843 -> local:7842
2026-06-10 11:42:48,540 WARNING SSH tunnel exited (code=255), restarting in 10s...
2026-06-10 11:42:58,544 INFO SSH tunnel started  pid=4552  VPS:7843 -> local:7842
2026-06-10 11:43:08,545 WARNING SSH tunnel exited (code=255), restarting in 10s...
2026-06-10 11:43:18,549 INFO SSH tunnel started  pid=9472  VPS:7843 -> local:7842
2026-06-10 11:43:28,550 WARNING SSH tunnel exited (code=255), restarting in 10s...
2026-06-10 11:43:38,554 INFO SSH tunnel started  pid=9440  VPS:7843 -> local:7842
2026-06-10 11:43:48,556 WARNING SSH tunnel exited (code=255), restarting in 10s...
2026-06-10 11:43:58,560 INFO SSH tunnel started  pid=1992  VPS:7843 -> local:7842
2026-06-10 11:45:48,562 WARNING SSH tunnel exited (code=255), restarting in 10s...
2026-06-10 11:45:58,567 INFO SSH tunnel started  pid=6736  VPS:7843 -> local:7842
2026-06-10 11:46:08,567 WARNING SSH tunnel exited (code=255), restarting in 10s...
2026-06-10 11:46:18,571 INFO SSH tunnel started  pid=5900  VPS:7843 -> local:7842
2026-06-10 11:46:28,572 WARNING SSH tunnel exited (code=255), restarting in 10s...
2026-06-10 11:46:38,577 INFO SSH tunnel started  pid=15344  VPS:7843 -> local:7842
2026-06-10 11:46:48,578 WARNING SSH tunnel exited (code=255), restarting in 10s...
2026-06-10 11:46:58,582 INFO SSH tunnel started  pid=4136  VPS:7843 -> local:7842
2026-06-10 11:48:48,584 WARNING SSH tunnel exited (code=255), restarting in 10s...
2026-06-10 11:48:58,588 INFO SSH tunnel started  pid=10608  VPS:7843 -> local:7842
2026-06-10 11:49:58,590 WARNING SSH tunnel exited (code=255), restarting in 10s...
2026-06-10 11:50:08,594 INFO SSH tunnel started  pid=14444  VPS:7843 -> local:7842
2026-06-10 11:50:28,595 WARNING SSH tunnel exited (code=255), restarting in 10s...
2026-06-10 11:50:38,600 INFO SSH tunnel started  pid=13668  VPS:7843 -> local:7842
2026-06-10 11:50:58,602 WARNING SSH tunnel exited (code=255), restarting in 10s...
2026-06-10 11:51:08,607 INFO SSH tunnel started  pid=13616  VPS:7843 -> local:7842
2026-06-10 11:51:28,608 WARNING SSH tunnel exited (code=255), restarting in 10s...
2026-06-10 11:51:38,612 INFO SSH tunnel started  pid=2888  VPS:7843 -> local:7842
2026-06-10 11:53:28,615 WARNING SSH tunnel exited (code=255), restarting in 10s...
2026-06-10 11:53:38,620 INFO SSH tunnel started  pid=1084  VPS:7843 -> local:7842
2026-06-10 11:53:48,621 WARNING SSH tunnel exited (code=255), restarting in 10s...
2026-06-10 11:53:58,625 INFO SSH tunnel started  pid=11708  VPS:7843 -> local:7842
2026-06-10 11:54:08,626 WARNING SSH tunnel exited (code=255), restarting in 10s...
2026-06-10 11:54:18,631 INFO SSH tunnel started  pid=7196  VPS:7843 -> local:7842
2026-06-10 11:54:38,633 WARNING SSH tunnel exited (code=255), restarting in 10s...
2026-06-10 11:54:48,637 INFO SSH tunnel started  pid=13808  VPS:7843 -> local:7842
2026-06-10 11:55:08,638 WARNING SSH tunnel exited (code=255), restarting in 10s...
2026-06-10 11:55:18,642 INFO SSH tunnel started  pid=4732  VPS:7843 -> local:7842
2026-06-10 11:55:28,643 WARNING SSH tunnel exited (code=255), restarting in 10s...
2026-06-10 11:55:38,647 INFO SSH tunnel started  pid=10156  VPS:7843 -> local:7842
2026-06-10 11:55:48,648 WARNING SSH tunnel exited (code=255), restarting in 10s...
2026-06-10 11:55:58,652 INFO SSH tunnel started  pid=15332  VPS:7843 -> local:7842
2026-06-10 11:56:08,653 WARNING SSH tunnel exited (code=255), restarting in 10s...
2026-06-10 11:56:18,658 INFO SSH tunnel started  pid=8156  VPS:7843 -> local:7842
2026-06-10 11:56:28,658 WARNING SSH tunnel exited (code=255), restarting in 10s...
2026-06-10 11:56:38,663 INFO SSH tunnel started  pid=11452  VPS:7843 -> local:7842
2026-06-10 11:56:48,663 WARNING SSH tunnel exited (code=255), restarting in 10s...
2026-06-10 11:56:58,667 INFO SSH tunnel started  pid=4432  VPS:7843 -> local:7842
2026-06-10 11:57:08,668 WARNING SSH tunnel exited (code=255), restarting in 10s...
2026-06-10 11:57:18,673 INFO SSH tunnel started  pid=11196  VPS:7843 -> local:7842
2026-06-10 11:57:28,673 WARNING SSH tunnel exited (code=255), restarting in 10s...
2026-06-10 11:57:38,678 INFO SSH tunnel started  pid=2208  VPS:7843 -> local:7842
2026-06-10 11:57:48,678 WARNING SSH tunnel exited (code=255), restarting in 10s...
2026-06-10 11:57:58,683 INFO SSH tunnel started  pid=4208  VPS:7843 -> local:7842
2026-06-10 11:58:08,683 WARNING SSH tunnel exited (code=255), restarting in 10s...
2026-06-10 11:58:18,688 INFO SSH tunnel started  pid=7748  VPS:7843 -> local:7842
2026-06-10 11:58:28,688 WARNING SSH tunnel exited (code=255), restarting in 10s...
2026-06-10 11:58:38,692 INFO SSH tunnel started  pid=5508  VPS:7843 -> local:7842
2026-06-10 11:58:48,693 WARNING SSH tunnel exited (code=255), restarting in 10s...
2026-06-10 11:58:58,698 INFO SSH tunnel started  pid=3868  VPS:7843 -> local:7842
2026-06-10 11:59:08,698 WARNING SSH tunnel exited (code=255), restarting in 10s...
2026-06-10 11:59:18,702 INFO SSH tunnel started  pid=10716  VPS:7843 -> local:7842
2026-06-10 11:59:28,703 WARNING SSH tunnel exited (code=255), restarting in 10s...
2026-06-10 11:59:38,707 INFO SSH tunnel started  pid=10276  VPS:7843 -> local:7842
2026-06-10 11:59:48,708 WARNING SSH tunnel exited (code=255), restarting in 10s...
2026-06-10 11:59:58,712 INFO SSH tunnel started  pid=8652  VPS:7843 -> local:7842
2026-06-10 12:00:08,713 WARNING SSH tunnel exited (code=255), restarting in 10s...
2026-06-10 12:00:18,717 INFO SSH tunnel started  pid=2396  VPS:7843 -> local:7842
2026-06-10 12:00:28,718 WARNING SSH tunnel exited (code=255), restarting in 10s...
2026-06-10 12:00:38,723 INFO SSH tunnel started  pid=10708  VPS:7843 -> local:7842
2026-06-10 12:01:28,725 WARNING SSH tunnel exited (code=255), restarting in 10s...
2026-06-10 12:01:38,730 INFO SSH tunnel started  pid=2764  VPS:7843 -> local:7842
2026-06-10 12:01:48,730 WARNING SSH tunnel exited (code=255), restarting in 10s...
2026-06-10 12:01:58,735 INFO SSH tunnel started  pid=14012  VPS:7843 -> local:7842
2026-06-10 12:02:08,736 WARNING SSH tunnel exited (code=255), restarting in 10s...
2026-06-10 12:02:18,740 INFO SSH tunnel started  pid=7044  VPS:7843 -> local:7842
2026-06-10 12:03:58,741 WARNING SSH tunnel exited (code=255), restarting in 10s...
2026-06-10 12:04:08,746 INFO SSH tunnel started  pid=5104  VPS:7843 -> local:7842
2026-06-10 12:12:18,758 WARNING SSH tunnel exited (code=255), restarting in 10s...
2026-06-10 12:12:28,761 INFO SSH tunnel started  pid=5212  VPS:7843 -> local:7842
2026-06-10 12:27:58,777 WARNING SSH tunnel exited (code=255), restarting in 10s...
2026-06-10 12:28:08,782 INFO SSH tunnel started  pid=13640  VPS:7843 -> local:7842
2026-06-10 16:47:09,833 WARNING SSH tunnel exited (code=255), restarting in 10s...
2026-06-10 16:47:19,845 INFO SSH tunnel started  pid=11984  VPS:7843 -> local:7842
2026-06-10 19:58:19,017 INFO ==================================================
2026-06-10 19:58:19,033 INFO SparkP2P Relay Keepalive starting
2026-06-10 19:58:19,033 INFO Relay port : 7842
2026-06-10 19:58:19,033 INFO VPS tunnel : root@157.245.175.55  remote port 7843
2026-06-10 19:58:19,033 INFO ==================================================
2026-06-10 19:58:19,033 INFO Relay started  pid=9048  port=7842
2026-06-10 19:58:23,237 INFO SSH tunnel started  pid=4868  VPS:7843 -> local:7842
2026-06-10 19:58:33,345 WARNING SSH tunnel exited (code=255), restarting in 10s...
2026-06-10 19:58:43,401 INFO SSH tunnel started  pid=11980  VPS:7843 -> local:7842
2026-06-10 19:58:53,403 WARNING SSH tunnel exited (code=255), restarting in 10s...
2026-06-10 19:59:03,407 INFO SSH tunnel started  pid=13308  VPS:7843 -> local:7842
2026-06-10 19:59:13,801 WARNING SSH tunnel exited (code=255), restarting in 10s...
2026-06-10 19:59:23,815 INFO SSH tunnel started  pid=13344  VPS:7843 -> local:7842
2026-06-10 19:59:33,816 WARNING SSH tunnel exited (code=255), restarting in 10s...
2026-06-10 19:59:43,819 INFO SSH tunnel started  pid=15272  VPS:7843 -> local:7842
2026-06-10 19:59:53,824 WARNING SSH tunnel exited (code=255), restarting in 10s...
2026-06-10 20:00:03,835 INFO SSH tunnel started  pid=13872  VPS:7843 -> local:7842
2026-06-10 20:00:13,845 WARNING SSH tunnel exited (code=255), restarting in 10s...
2026-06-10 20:00:23,848 INFO SSH tunnel started  pid=14432  VPS:7843 -> local:7842
2026-06-10 20:00:33,848 WARNING SSH tunnel exited (code=255), restarting in 10s...
2026-06-10 20:00:43,855 INFO SSH tunnel started  pid=708  VPS:7843 -> local:7842
2026-06-10 20:00:53,856 WARNING SSH tunnel exited (code=255), restarting in 10s...
2026-06-10 20:01:03,861 INFO SSH tunnel started  pid=12900  VPS:7843 -> local:7842
2026-06-10 20:01:13,862 WARNING SSH tunnel exited (code=255), restarting in 10s...
2026-06-10 20:01:23,865 INFO SSH tunnel started  pid=10852  VPS:7843 -> local:7842
2026-06-10 20:01:33,866 WARNING SSH tunnel exited (code=255), restarting in 10s...
2026-06-10 20:01:43,873 INFO SSH tunnel started  pid=4548  VPS:7843 -> local:7842
2026-06-10 20:01:53,874 WARNING SSH tunnel exited (code=255), restarting in 10s...
2026-06-10 20:02:03,877 INFO SSH tunnel started  pid=2312  VPS:7843 -> local:7842
2026-06-10 20:02:13,879 WARNING SSH tunnel exited (code=255), restarting in 10s...
2026-06-10 20:02:23,884 INFO SSH tunnel started  pid=708  VPS:7843 -> local:7842
2026-06-10 20:02:33,913 WARNING SSH tunnel exited (code=255), restarting in 10s...
2026-06-10 20:02:44,079 INFO SSH tunnel started  pid=14348  VPS:7843 -> local:7842
2026-06-10 20:02:54,080 WARNING SSH tunnel exited (code=255), restarting in 10s...
2026-06-10 20:03:04,084 INFO SSH tunnel started  pid=7436  VPS:7843 -> local:7842
2026-06-10 20:03:14,085 WARNING SSH tunnel exited (code=255), restarting in 10s...
2026-06-10 20:03:24,090 INFO SSH tunnel started  pid=6956  VPS:7843 -> local:7842
2026-06-10 20:03:34,091 WARNING SSH tunnel exited (code=255), restarting in 10s...
2026-06-10 20:03:44,095 INFO SSH tunnel started  pid=8728  VPS:7843 -> local:7842
2026-06-10 20:03:54,096 WARNING SSH tunnel exited (code=255), restarting in 10s...
2026-06-10 20:04:04,100 INFO SSH tunnel started  pid=4852  VPS:7843 -> local:7842
2026-06-10 20:04:14,101 WARNING SSH tunnel exited (code=255), restarting in 10s...
2026-06-10 20:04:24,106 INFO SSH tunnel started  pid=12752  VPS:7843 -> local:7842
2026-06-10 20:04:34,107 WARNING SSH tunnel exited (code=255), restarting in 10s...
2026-06-10 20:04:44,111 INFO SSH tunnel started  pid=4304  VPS:7843 -> local:7842
2026-06-10 20:04:54,117 WARNING SSH tunnel exited (code=255), restarting in 10s...
2026-06-10 20:05:04,122 INFO SSH tunnel started  pid=3300  VPS:7843 -> local:7842
2026-06-10 20:05:14,123 WARNING SSH tunnel exited (code=255), restarting in 10s...
2026-06-10 20:05:24,127 INFO SSH tunnel started  pid=7512  VPS:7843 -> local:7842
2026-06-10 20:05:34,128 WARNING SSH tunnel exited (code=255), restarting in 10s...
2026-06-10 20:05:44,135 INFO SSH tunnel started  pid=12228  VPS:7843 -> local:7842
2026-06-10 20:05:54,137 WARNING SSH tunnel exited (code=255), restarting in 10s...
2026-06-10 20:06:04,140 INFO SSH tunnel started  pid=5488  VPS:7843 -> local:7842
2026-06-10 20:06:14,142 WARNING SSH tunnel exited (code=255), restarting in 10s...
2026-06-10 20:06:24,147 INFO SSH tunnel started  pid=6100  VPS:7843 -> local:7842
2026-06-10 20:06:34,148 WARNING SSH tunnel exited (code=255), restarting in 10s...
2026-06-10 20:06:44,154 INFO SSH tunnel started  pid=14368  VPS:7843 -> local:7842
2026-06-10 20:06:54,155 WARNING SSH tunnel exited (code=255), restarting in 10s...
2026-06-10 20:07:04,164 INFO SSH tunnel started  pid=11572  VPS:7843 -> local:7842
2026-06-10 20:07:14,165 WARNING SSH tunnel exited (code=255), restarting in 10s...
2026-06-10 20:07:24,167 INFO SSH tunnel started  pid=14976  VPS:7843 -> local:7842
2026-06-10 20:07:34,168 WARNING SSH tunnel exited (code=255), restarting in 10s...
2026-06-10 20:07:44,172 INFO SSH tunnel started  pid=644  VPS:7843 -> local:7842
2026-06-10 20:07:54,173 WARNING SSH tunnel exited (code=255), restarting in 10s...
2026-06-10 20:08:04,178 INFO SSH tunnel started  pid=8964  VPS:7843 -> local:7842
2026-06-10 20:08:14,179 WARNING SSH tunnel exited (code=255), restarting in 10s...
2026-06-10 20:08:24,182 INFO SSH tunnel started  pid=15160  VPS:7843 -> local:7842
2026-06-10 20:08:34,183 WARNING SSH tunnel exited (code=255), restarting in 10s...
2026-06-10 20:08:44,186 INFO SSH tunnel started  pid=14092  VPS:7843 -> local:7842
2026-06-10 20:08:54,187 WARNING SSH tunnel exited (code=255), restarting in 10s...
2026-06-10 20:09:04,193 INFO SSH tunnel started  pid=8828  VPS:7843 -> local:7842
2026-06-10 20:09:14,194 WARNING SSH tunnel exited (code=255), restarting in 10s...
2026-06-10 20:09:24,198 INFO SSH tunnel started  pid=2668  VPS:7843 -> local:7842
2026-06-10 20:09:34,200 WARNING SSH tunnel exited (code=255), restarting in 10s...
2026-06-10 20:09:44,204 INFO SSH tunnel started  pid=11180  VPS:7843 -> local:7842
2026-06-10 20:09:54,205 WARNING SSH tunnel exited (code=255), restarting in 10s...
2026-06-10 20:10:04,209 INFO SSH tunnel started  pid=11824  VPS:7843 -> local:7842
2026-06-10 20:10:14,210 WARNING SSH tunnel exited (code=255), restarting in 10s...
2026-06-10 20:10:24,214 INFO SSH tunnel started  pid=11020  VPS:7843 -> local:7842
2026-06-10 20:10:34,215 WARNING SSH tunnel exited (code=255), restarting in 10s...
2026-06-10 20:10:44,220 INFO SSH tunnel started  pid=9624  VPS:7843 -> local:7842
2026-06-10 20:10:54,220 WARNING SSH tunnel exited (code=255), restarting in 10s...
2026-06-10 20:11:04,225 INFO SSH tunnel started  pid=10436  VPS:7843 -> local:7842
2026-06-10 20:11:14,225 WARNING SSH tunnel exited (code=255), restarting in 10s...
2026-06-10 20:11:24,230 INFO SSH tunnel started  pid=10120  VPS:7843 -> local:7842
2026-06-10 20:11:34,231 WARNING SSH tunnel exited (code=255), restarting in 10s...
2026-06-10 20:11:44,235 INFO SSH tunnel started  pid=15324  VPS:7843 -> local:7842
2026-06-10 20:11:54,236 WARNING SSH tunnel exited (code=255), restarting in 10s...
2026-06-10 20:12:04,241 INFO SSH tunnel started  pid=10872  VPS:7843 -> local:7842
2026-06-10 20:12:14,242 WARNING SSH tunnel exited (code=255), restarting in 10s...
2026-06-10 20:12:24,246 INFO SSH tunnel started  pid=9060  VPS:7843 -> local:7842
2026-06-10 20:12:34,247 WARNING SSH tunnel exited (code=255), restarting in 10s...
2026-06-10 20:12:44,251 INFO SSH tunnel started  pid=5852  VPS:7843 -> local:7842
2026-06-10 20:12:54,253 WARNING SSH tunnel exited (code=255), restarting in 10s...
2026-06-10 20:13:04,257 INFO SSH tunnel started  pid=8028  VPS:7843 -> local:7842
2026-06-10 20:13:14,258 WARNING SSH tunnel exited (code=255), restarting in 10s...
2026-06-10 20:13:24,262 INFO SSH tunnel started  pid=1504  VPS:7843 -> local:7842
2026-06-10 20:13:34,264 WARNING SSH tunnel exited (code=255), restarting in 10s...
2026-06-10 20:13:44,268 INFO SSH tunnel started  pid=14068  VPS:7843 -> local:7842
2026-06-10 20:13:54,269 WARNING SSH tunnel exited (code=255), restarting in 10s...
2026-06-10 20:14:04,274 INFO SSH tunnel started  pid=4084  VPS:7843 -> local:7842
2026-06-10 20:14:14,274 WARNING SSH tunnel exited (code=255), restarting in 10s...
2026-06-10 20:14:24,278 INFO SSH tunnel started  pid=7672  VPS:7843 -> local:7842
2026-06-10 22:06:55,324 WARNING SSH tunnel exited (code=255), restarting in 10s...
2026-06-10 22:07:05,334 INFO SSH tunnel started  pid=8556  VPS:7843 -> local:7842
2026-06-10 22:07:25,335 WARNING SSH tunnel exited (code=255), restarting in 10s...
2026-06-10 22:07:35,339 INFO SSH tunnel started  pid=7520  VPS:7843 -> local:7842
2026-06-10 22:07:55,341 WARNING SSH tunnel exited (code=255), restarting in 10s...
2026-06-10 22:08:05,346 INFO SSH tunnel started  pid=12752  VPS:7843 -> local:7842
2026-06-10 22:08:25,348 WARNING SSH tunnel exited (code=255), restarting in 10s...
2026-06-10 22:08:35,353 INFO SSH tunnel started  pid=1968  VPS:7843 -> local:7842
2026-06-10 22:08:55,354 WARNING SSH tunnel exited (code=255), restarting in 10s...
2026-06-10 22:09:05,358 INFO SSH tunnel started  pid=244  VPS:7843 -> local:7842
2026-06-10 22:09:25,359 WARNING SSH tunnel exited (code=255), restarting in 10s...
2026-06-10 22:09:35,364 INFO SSH tunnel started  pid=12180  VPS:7843 -> local:7842
2026-06-10 22:09:55,365 WARNING SSH tunnel exited (code=255), restarting in 10s...
2026-06-10 22:10:05,369 INFO SSH tunnel started  pid=15164  VPS:7843 -> local:7842
2026-06-10 22:10:25,370 WARNING SSH tunnel exited (code=255), restarting in 10s...
2026-06-10 22:10:35,376 INFO SSH tunnel started  pid=15488  VPS:7843 -> local:7842
2026-06-10 22:10:55,377 WARNING SSH tunnel exited (code=255), restarting in 10s...
2026-06-10 22:11:05,381 INFO SSH tunnel started  pid=15576  VPS:7843 -> local:7842
2026-06-10 22:11:25,382 WARNING SSH tunnel exited (code=255), restarting in 10s...
2026-06-10 22:11:35,387 INFO SSH tunnel started  pid=15920  VPS:7843 -> local:7842
2026-06-10 22:11:45,388 WARNING SSH tunnel exited (code=255), restarting in 10s...
2026-06-10 22:11:55,392 INFO SSH tunnel started  pid=16136  VPS:7843 -> local:7842
2026-06-10 22:12:05,393 WARNING SSH tunnel exited (code=255), restarting in 10s...
2026-06-10 22:12:15,396 INFO SSH tunnel started  pid=15076  VPS:7843 -> local:7842
2026-06-10 22:12:35,397 WARNING SSH tunnel exited (code=255), restarting in 10s...
2026-06-10 22:12:45,401 INFO SSH tunnel started  pid=7932  VPS:7843 -> local:7842
2026-06-10 22:13:05,402 WARNING SSH tunnel exited (code=255), restarting in 10s...
2026-06-10 22:13:15,407 INFO SSH tunnel started  pid=12868  VPS:7843 -> local:7842
2026-06-10 22:13:35,408 WARNING SSH tunnel exited (code=255), restarting in 10s...
2026-06-10 22:13:45,412 INFO SSH tunnel started  pid=11052  VPS:7843 -> local:7842
2026-06-10 22:14:05,413 WARNING SSH tunnel exited (code=255), restarting in 10s...
2026-06-10 22:14:15,417 INFO SSH tunnel started  pid=11180  VPS:7843 -> local:7842
2026-06-10 22:14:35,419 WARNING SSH tunnel exited (code=255), restarting in 10s...
2026-06-10 22:14:45,424 INFO SSH tunnel started  pid=14840  VPS:7843 -> local:7842
2026-06-10 22:15:05,425 WARNING SSH tunnel exited (code=255), restarting in 10s...
2026-06-10 22:15:15,429 INFO SSH tunnel started  pid=15328  VPS:7843 -> local:7842
2026-06-10 22:15:35,430 WARNING SSH tunnel exited (code=255), restarting in 10s...
2026-06-10 22:15:45,436 INFO SSH tunnel started  pid=7292  VPS:7843 -> local:7842
2026-06-10 22:16:05,437 WARNING SSH tunnel exited (code=255), restarting in 10s...
2026-06-10 22:16:15,441 INFO SSH tunnel started  pid=6248  VPS:7843 -> local:7842
2026-06-10 22:16:35,442 WARNING SSH tunnel exited (code=255), restarting in 10s...
2026-06-10 22:16:45,446 INFO SSH tunnel started  pid=7724  VPS:7843 -> local:7842
2026-06-10 22:17:05,447 WARNING SSH tunnel exited (code=255), restarting in 10s...
2026-06-10 22:17:15,452 INFO SSH tunnel started  pid=12048  VPS:7843 -> local:7842
2026-06-10 22:17:35,454 WARNING SSH tunnel exited (code=255), restarting in 10s...
2026-06-10 22:17:45,458 INFO SSH tunnel started  pid=4100  VPS:7843 -> local:7842
2026-06-10 22:18:05,459 WARNING SSH tunnel exited (code=255), restarting in 10s...
2026-06-10 22:18:15,464 INFO SSH tunnel started  pid=528  VPS:7843 -> local:7842
2026-06-10 22:18:35,465 WARNING SSH tunnel exited (code=255), restarting in 10s...
2026-06-10 22:18:45,470 INFO SSH tunnel started  pid=13288  VPS:7843 -> local:7842
2026-06-10 22:19:05,471 WARNING SSH tunnel exited (code=255), restarting in 10s...
2026-06-10 22:19:15,475 INFO SSH tunnel started  pid=4172  VPS:7843 -> local:7842
2026-06-10 22:19:35,476 WARNING SSH tunnel exited (code=255), restarting in 10s...
2026-06-10 22:19:45,480 INFO SSH tunnel started  pid=12752  VPS:7843 -> local:7842
2026-06-10 22:20:05,481 WARNING SSH tunnel exited (code=255), restarting in 10s...
2026-06-10 22:20:15,486 INFO SSH tunnel started  pid=11052  VPS:7843 -> local:7842
2026-06-10 22:20:35,487 WARNING SSH tunnel exited (code=255), restarting in 10s...
2026-06-10 22:20:45,491 INFO SSH tunnel started  pid=5768  VPS:7843 -> local:7842
2026-06-10 22:21:05,492 WARNING SSH tunnel exited (code=255), restarting in 10s...
2026-06-10 22:21:15,497 INFO SSH tunnel started  pid=888  VPS:7843 -> local:7842
2026-06-10 22:21:35,498 WARNING SSH tunnel exited (code=255), restarting in 10s...
2026-06-10 22:21:45,502 INFO SSH tunnel started  pid=4164  VPS:7843 -> local:7842
2026-06-10 22:22:05,504 WARNING SSH tunnel exited (code=255), restarting in 10s...
2026-06-10 22:22:15,509 INFO SSH tunnel started  pid=15424  VPS:7843 -> local:7842
2026-06-10 22:22:35,511 WARNING SSH tunnel exited (code=255), restarting in 10s...
2026-06-10 22:22:45,514 INFO SSH tunnel started  pid=15820  VPS:7843 -> local:7842
2026-06-10 22:23:05,516 WARNING SSH tunnel exited (code=255), restarting in 10s...
2026-06-10 22:23:15,520 INFO SSH tunnel started  pid=11160  VPS:7843 -> local:7842
2026-06-10 22:23:35,521 WARNING SSH tunnel exited (code=255), restarting in 10s...
2026-06-10 22:23:45,525 INFO SSH tunnel started  pid=5284  VPS:7843 -> local:7842
2026-06-10 22:24:05,527 WARNING SSH tunnel exited (code=255), restarting in 10s...
2026-06-10 22:24:15,530 INFO SSH tunnel started  pid=11296  VPS:7843 -> local:7842
2026-06-10 22:24:35,532 WARNING SSH tunnel exited (code=255), restarting in 10s...
2026-06-10 22:24:45,536 INFO SSH tunnel started  pid=12388  VPS:7843 -> local:7842
2026-06-10 22:25:05,537 WARNING SSH tunnel exited (code=255), restarting in 10s...
2026-06-10 22:25:15,541 INFO SSH tunnel started  pid=1420  VPS:7843 -> local:7842
2026-06-10 22:25:35,542 WARNING SSH tunnel exited (code=255), restarting in 10s...
2026-06-10 22:25:45,546 INFO SSH tunnel started  pid=708  VPS:7843 -> local:7842
2026-06-10 22:26:05,547 WARNING SSH tunnel exited (code=255), restarting in 10s...
2026-06-10 22:26:15,552 INFO SSH tunnel started  pid=16132  VPS:7843 -> local:7842
2026-06-10 22:26:35,553 WARNING SSH tunnel exited (code=255), restarting in 10s...
2026-06-10 22:26:45,556 INFO SSH tunnel started  pid=700  VPS:7843 -> local:7842
2026-06-10 22:27:05,557 WARNING SSH tunnel exited (code=255), restarting in 10s...
2026-06-10 22:27:15,561 INFO SSH tunnel started  pid=6180  VPS:7843 -> local:7842
2026-06-10 22:27:35,562 WARNING SSH tunnel exited (code=255), restarting in 10s...
2026-06-10 22:27:45,567 INFO SSH tunnel started  pid=9668  VPS:7843 -> local:7842
2026-06-10 22:28:05,569 WARNING SSH tunnel exited (code=255), restarting in 10s...
2026-06-10 22:28:15,573 INFO SSH tunnel started  pid=15648  VPS:7843 -> local:7842
2026-06-10 22:28:35,574 WARNING SSH tunnel exited (code=255), restarting in 10s...
2026-06-10 22:28:45,577 INFO SSH tunnel started  pid=8032  VPS:7843 -> local:7842
2026-06-10 22:29:05,578 WARNING SSH tunnel exited (code=255), restarting in 10s...
2026-06-10 22:29:15,583 INFO SSH tunnel started  pid=15968  VPS:7843 -> local:7842
2026-06-10 22:29:35,584 WARNING SSH tunnel exited (code=255), restarting in 10s...
2026-06-10 22:29:45,587 INFO SSH tunnel started  pid=12472  VPS:7843 -> local:7842
2026-06-10 22:30:05,589 WARNING SSH tunnel exited (code=255), restarting in 10s...
2026-06-10 22:30:15,593 INFO SSH tunnel started  pid=16048  VPS:7843 -> local:7842
2026-06-10 22:30:35,594 WARNING SSH tunnel exited (code=255), restarting in 10s...
2026-06-10 22:30:45,598 INFO SSH tunnel started  pid=14040  VPS:7843 -> local:7842
2026-06-10 22:31:05,599 WARNING SSH tunnel exited (code=255), restarting in 10s...
2026-06-10 22:31:15,603 INFO SSH tunnel started  pid=9572  VPS:7843 -> local:7842
2026-06-10 22:31:35,604 WARNING SSH tunnel exited (code=255), restarting in 10s...
2026-06-10 22:31:45,609 INFO SSH tunnel started  pid=10976  VPS:7843 -> local:7842
2026-06-10 22:32:05,610 WARNING SSH tunnel exited (code=255), restarting in 10s...
2026-06-10 22:32:15,614 INFO SSH tunnel started  pid=7320  VPS:7843 -> local:7842
2026-06-10 22:32:35,615 WARNING SSH tunnel exited (code=255), restarting in 10s...
2026-06-10 22:32:45,620 INFO SSH tunnel started  pid=15648  VPS:7843 -> local:7842
2026-06-10 22:33:05,621 WARNING SSH tunnel exited (code=255), restarting in 10s...
2026-06-10 22:33:15,625 INFO SSH tunnel started  pid=10252  VPS:7843 -> local:7842
2026-06-10 22:33:35,626 WARNING SSH tunnel exited (code=255), restarting in 10s...
2026-06-10 22:33:45,630 INFO SSH tunnel started  pid=8436  VPS:7843 -> local:7842
2026-06-10 22:34:05,632 WARNING SSH tunnel exited (code=255), restarting in 10s...
2026-06-10 22:34:15,636 INFO SSH tunnel started  pid=1084  VPS:7843 -> local:7842
2026-06-10 22:34:35,637 WARNING SSH tunnel exited (code=255), restarting in 10s...
2026-06-10 22:34:45,642 INFO SSH tunnel started  pid=2860  VPS:7843 -> local:7842
2026-06-10 22:35:05,643 WARNING SSH tunnel exited (code=255), restarting in 10s...
2026-06-10 22:35:15,647 INFO SSH tunnel started  pid=8984  VPS:7843 -> local:7842
2026-06-10 22:35:35,648 WARNING SSH tunnel exited (code=255), restarting in 10s...
2026-06-10 22:35:45,652 INFO SSH tunnel started  pid=16312  VPS:7843 -> local:7842
2026-06-10 22:36:05,653 WARNING SSH tunnel exited (code=255), restarting in 10s...
2026-06-10 22:36:15,658 INFO SSH tunnel started  pid=16144  VPS:7843 -> local:7842
2026-06-10 22:36:35,659 WARNING SSH tunnel exited (code=255), restarting in 10s...
2026-06-10 22:36:45,663 INFO SSH tunnel started  pid=7464  VPS:7843 -> local:7842
2026-06-10 22:37:05,664 WARNING SSH tunnel exited (code=255), restarting in 10s...
2026-06-10 22:37:15,668 INFO SSH tunnel started  pid=5640  VPS:7843 -> local:7842
2026-06-10 22:37:35,669 WARNING SSH tunnel exited (code=255), restarting in 10s...
2026-06-10 22:37:45,674 INFO SSH tunnel started  pid=16332  VPS:7843 -> local:7842
2026-06-10 22:38:05,675 WARNING SSH tunnel exited (code=255), restarting in 10s...
2026-06-10 22:38:15,679 INFO SSH tunnel started  pid=4900  VPS:7843 -> local:7842
2026-06-10 22:38:35,680 WARNING SSH tunnel exited (code=255), restarting in 10s...
2026-06-10 22:38:45,684 INFO SSH tunnel started  pid=8468  VPS:7843 -> local:7842
2026-06-10 22:39:05,685 WARNING SSH tunnel exited (code=255), restarting in 10s...
2026-06-10 22:39:15,688 INFO SSH tunnel started  pid=13376  VPS:7843 -> local:7842
2026-06-10 22:39:35,689 WARNING SSH tunnel exited (code=255), restarting in 10s...
2026-06-10 22:39:45,693 INFO SSH tunnel started  pid=14752  VPS:7843 -> local:7842
2026-06-10 22:40:05,694 WARNING SSH tunnel exited (code=255), restarting in 10s...
2026-06-10 22:40:15,698 INFO SSH tunnel started  pid=1904  VPS:7843 -> local:7842
2026-06-10 22:40:35,699 WARNING SSH tunnel exited (code=255), restarting in 10s...
2026-06-10 22:40:45,704 INFO SSH tunnel started  pid=2056  VPS:7843 -> local:7842
2026-06-10 22:41:05,705 WARNING SSH tunnel exited (code=255), restarting in 10s...
2026-06-10 22:41:15,708 INFO SSH tunnel started  pid=2300  VPS:7843 -> local:7842
2026-06-10 22:41:35,710 WARNING SSH tunnel exited (code=255), restarting in 10s...
2026-06-10 22:41:45,713 INFO SSH tunnel started  pid=15348  VPS:7843 -> local:7842
2026-06-10 22:42:05,714 WARNING SSH tunnel exited (code=255), restarting in 10s...
2026-06-10 22:42:15,719 INFO SSH tunnel started  pid=9440  VPS:7843 -> local:7842
2026-06-10 22:42:35,720 WARNING SSH tunnel exited (code=255), restarting in 10s...
2026-06-10 22:42:45,724 INFO SSH tunnel started  pid=8520  VPS:7843 -> local:7842
2026-06-10 22:43:05,725 WARNING SSH tunnel exited (code=255), restarting in 10s...
2026-06-10 22:43:15,730 INFO SSH tunnel started  pid=11796  VPS:7843 -> local:7842
2026-06-10 22:43:35,732 WARNING SSH tunnel exited (code=255), restarting in 10s...
2026-06-10 22:43:45,736 INFO SSH tunnel started  pid=11640  VPS:7843 -> local:7842
2026-06-10 22:44:05,737 WARNING SSH tunnel exited (code=255), restarting in 10s...
2026-06-10 22:44:15,742 INFO SSH tunnel started  pid=3716  VPS:7843 -> local:7842
2026-06-10 22:44:35,743 WARNING SSH tunnel exited (code=255), restarting in 10s...
2026-06-10 22:44:45,747 INFO SSH tunnel started  pid=11120  VPS:7843 -> local:7842
2026-06-10 22:45:05,748 WARNING SSH tunnel exited (code=255), restarting in 10s...
2026-06-10 22:45:15,753 INFO SSH tunnel started  pid=11016  VPS:7843 -> local:7842
2026-06-10 22:45:35,754 WARNING SSH tunnel exited (code=255), restarting in 10s...
2026-06-10 22:45:45,758 INFO SSH tunnel started  pid=15512  VPS:7843 -> local:7842
2026-06-10 22:46:05,760 WARNING SSH tunnel exited (code=255), restarting in 10s...
2026-06-10 22:46:15,764 INFO SSH tunnel started  pid=1928  VPS:7843 -> local:7842
2026-06-10 22:46:35,765 WARNING SSH tunnel exited (code=255), restarting in 10s...
2026-06-10 22:46:45,769 INFO SSH tunnel started  pid=12448  VPS:7843 -> local:7842
2026-06-10 22:47:05,770 WARNING SSH tunnel exited (code=255), restarting in 10s...
2026-06-10 22:47:15,774 INFO SSH tunnel started  pid=16096  VPS:7843 -> local:7842
2026-06-10 22:47:35,776 WARNING SSH tunnel exited (code=255), restarting in 10s...
2026-06-10 22:47:45,780 INFO SSH tunnel started  pid=9068  VPS:7843 -> local:7842
2026-06-10 22:48:05,781 WARNING SSH tunnel exited (code=255), restarting in 10s...
2026-06-10 22:48:15,785 INFO SSH tunnel started  pid=16288  VPS:7843 -> local:7842
2026-06-10 22:48:35,786 WARNING SSH tunnel exited (code=255), restarting in 10s...
2026-06-10 22:48:45,791 INFO SSH tunnel started  pid=660  VPS:7843 -> local:7842
2026-06-10 22:49:05,792 WARNING SSH tunnel exited (code=255), restarting in 10s...
2026-06-10 22:49:15,796 INFO SSH tunnel started  pid=14644  VPS:7843 -> local:7842
2026-06-10 22:49:35,798 WARNING SSH tunnel exited (code=255), restarting in 10s...
2026-06-10 22:49:45,802 INFO SSH tunnel started  pid=15968  VPS:7843 -> local:7842
2026-06-10 22:50:05,803 WARNING SSH tunnel exited (code=255), restarting in 10s...
2026-06-10 22:50:15,807 INFO SSH tunnel started  pid=11852  VPS:7843 -> local:7842
2026-06-10 22:50:35,808 WARNING SSH tunnel exited (code=255), restarting in 10s...
2026-06-10 22:50:45,812 INFO SSH tunnel started  pid=4840  VPS:7843 -> local:7842
2026-06-10 22:51:05,814 WARNING SSH tunnel exited (code=255), restarting in 10s...
2026-06-10 22:51:15,818 INFO SSH tunnel started  pid=4252  VPS:7843 -> local:7842
2026-06-10 22:51:35,819 WARNING SSH tunnel exited (code=255), restarting in 10s...
2026-06-10 22:51:45,823 INFO SSH tunnel started  pid=9724  VPS:7843 -> local:7842
2026-06-10 22:52:05,824 WARNING SSH tunnel exited (code=255), restarting in 10s...
2026-06-10 22:52:15,828 INFO SSH tunnel started  pid=6344  VPS:7843 -> local:7842
2026-06-10 22:52:35,830 WARNING SSH tunnel exited (code=255), restarting in 10s...
2026-06-10 22:52:45,834 INFO SSH tunnel started  pid=9172  VPS:7843 -> local:7842
2026-06-10 22:53:05,835 WARNING SSH tunnel exited (code=255), restarting in 10s...
2026-06-10 22:53:15,838 INFO SSH tunnel started  pid=16048  VPS:7843 -> local:7842
2026-06-10 22:53:35,840 WARNING SSH tunnel exited (code=255), restarting in 10s...
2026-06-10 22:53:45,844 INFO SSH tunnel started  pid=15480  VPS:7843 -> local:7842
2026-06-10 22:54:05,845 WARNING SSH tunnel exited (code=255), restarting in 10s...
2026-06-10 22:54:15,850 INFO SSH tunnel started  pid=11048  VPS:7843 -> local:7842
2026-06-10 22:54:35,851 WARNING SSH tunnel exited (code=255), restarting in 10s...
2026-06-10 22:54:45,855 INFO SSH tunnel started  pid=10104  VPS:7843 -> local:7842
2026-06-10 22:55:05,856 WARNING SSH tunnel exited (code=255), restarting in 10s...
2026-06-10 22:55:15,861 INFO SSH tunnel started  pid=8468  VPS:7843 -> local:7842
2026-06-10 22:55:35,862 WARNING SSH tunnel exited (code=255), restarting in 10s...
2026-06-10 22:55:45,866 INFO SSH tunnel started  pid=12992  VPS:7843 -> local:7842
2026-06-10 22:56:05,867 WARNING SSH tunnel exited (code=255), restarting in 10s...
2026-06-10 22:56:15,871 INFO SSH tunnel started  pid=14972  VPS:7843 -> local:7842
2026-06-10 22:56:35,872 WARNING SSH tunnel exited (code=255), restarting in 10s...
2026-06-10 22:56:45,876 INFO SSH tunnel started  pid=6476  VPS:7843 -> local:7842
2026-06-10 22:57:05,878 WARNING SSH tunnel exited (code=255), restarting in 10s...
2026-06-10 22:57:15,882 INFO SSH tunnel started  pid=2216  VPS:7843 -> local:7842
2026-06-10 22:57:35,883 WARNING SSH tunnel exited (code=255), restarting in 10s...
2026-06-10 22:57:45,887 INFO SSH tunnel started  pid=15992  VPS:7843 -> local:7842
2026-06-10 22:58:05,888 WARNING SSH tunnel exited (code=255), restarting in 10s...
2026-06-10 22:58:15,891 INFO SSH tunnel started  pid=2664  VPS:7843 -> local:7842
2026-06-10 22:58:35,892 WARNING SSH tunnel exited (code=255), restarting in 10s...
2026-06-10 22:58:45,896 INFO SSH tunnel started  pid=12104  VPS:7843 -> local:7842
2026-06-10 22:59:05,898 WARNING SSH tunnel exited (code=255), restarting in 10s...
2026-06-10 22:59:15,902 INFO SSH tunnel started  pid=16252  VPS:7843 -> local:7842
2026-06-10 22:59:35,904 WARNING SSH tunnel exited (code=255), restarting in 10s...
2026-06-10 22:59:45,908 INFO SSH tunnel started  pid=15416  VPS:7843 -> local:7842
2026-06-10 23:00:05,909 WARNING SSH tunnel exited (code=255), restarting in 10s...
2026-06-10 23:00:15,913 INFO SSH tunnel started  pid=2588  VPS:7843 -> local:7842
2026-06-10 23:00:35,914 WARNING SSH tunnel exited (code=255), restarting in 10s...
2026-06-10 23:00:45,919 INFO SSH tunnel started  pid=7860  VPS:7843 -> local:7842
2026-06-10 23:01:05,920 WARNING SSH tunnel exited (code=255), restarting in 10s...
2026-06-10 23:01:15,924 INFO SSH tunnel started  pid=15864  VPS:7843 -> local:7842
2026-06-10 23:01:35,925 WARNING SSH tunnel exited (code=255), restarting in 10s...
2026-06-10 23:01:45,927 INFO SSH tunnel started  pid=15436  VPS:7843 -> local:7842
2026-06-10 23:02:05,928 WARNING SSH tunnel exited (code=255), restarting in 10s...
2026-06-10 23:02:15,933 INFO SSH tunnel started  pid=11152  VPS:7843 -> local:7842
2026-06-10 23:02:35,934 WARNING SSH tunnel exited (code=255), restarting in 10s...
2026-06-10 23:02:45,939 INFO SSH tunnel started  pid=5688  VPS:7843 -> local:7842
2026-06-10 23:03:05,940 WARNING SSH tunnel exited (code=255), restarting in 10s...
2026-06-10 23:03:15,948 INFO SSH tunnel started  pid=15568  VPS:7843 -> local:7842
2026-06-10 23:03:35,949 WARNING SSH tunnel exited (code=255), restarting in 10s...
2026-06-10 23:03:45,954 INFO SSH tunnel started  pid=13272  VPS:7843 -> local:7842
2026-06-10 23:03:55,954 WARNING SSH tunnel exited (code=255), restarting in 10s...
2026-06-10 23:04:05,959 INFO SSH tunnel started  pid=8912  VPS:7843 -> local:7842
2026-06-10 23:04:15,959 WARNING SSH tunnel exited (code=255), restarting in 10s...
2026-06-10 23:04:25,964 INFO SSH tunnel started  pid=13508  VPS:7843 -> local:7842
2026-06-10 23:04:35,965 WARNING SSH tunnel exited (code=255), restarting in 10s...
2026-06-10 23:04:45,969 INFO SSH tunnel started  pid=15844  VPS:7843 -> local:7842
2026-06-10 23:04:55,970 WARNING SSH tunnel exited (code=255), restarting in 10s...
2026-06-10 23:05:05,974 INFO SSH tunnel started  pid=15280  VPS:7843 -> local:7842
2026-06-10 23:05:15,975 WARNING SSH tunnel exited (code=255), restarting in 10s...
2026-06-10 23:05:25,979 INFO SSH tunnel started  pid=904  VPS:7843 -> local:7842
2026-06-10 23:05:35,980 WARNING SSH tunnel exited (code=255), restarting in 10s...
2026-06-10 23:05:45,985 INFO SSH tunnel started  pid=14756  VPS:7843 -> local:7842
2026-06-10 23:05:55,985 WARNING SSH tunnel exited (code=255), restarting in 10s...
2026-06-10 23:06:05,990 INFO SSH tunnel started  pid=11796  VPS:7843 -> local:7842
2026-06-10 23:06:15,990 WARNING SSH tunnel exited (code=255), restarting in 10s...
2026-06-10 23:06:25,995 INFO SSH tunnel started  pid=11652  VPS:7843 -> local:7842
2026-06-10 23:06:35,996 WARNING SSH tunnel exited (code=255), restarting in 10s...
2026-06-10 23:06:46,000 INFO SSH tunnel started  pid=748  VPS:7843 -> local:7842
2026-06-10 23:06:56,001 WARNING SSH tunnel exited (code=255), restarting in 10s...
2026-06-10 23:07:06,005 INFO SSH tunnel started  pid=3432  VPS:7843 -> local:7842
2026-06-10 23:07:16,006 WARNING SSH tunnel exited (code=255), restarting in 10s...
2026-06-10 23:07:26,010 INFO SSH tunnel started  pid=9632  VPS:7843 -> local:7842
2026-06-10 23:07:36,011 WARNING SSH tunnel exited (code=255), restarting in 10s...
2026-06-10 23:07:46,015 INFO SSH tunnel started  pid=9800  VPS:7843 -> local:7842
2026-06-10 23:07:56,016 WARNING SSH tunnel exited (code=255), restarting in 10s...
2026-06-10 23:08:06,020 INFO SSH tunnel started  pid=15716  VPS:7843 -> local:7842
2026-06-10 23:08:16,021 WARNING SSH tunnel exited (code=255), restarting in 10s...
2026-06-10 23:08:26,025 INFO SSH tunnel started  pid=9376  VPS:7843 -> local:7842
2026-06-10 23:08:36,026 WARNING SSH tunnel exited (code=255), restarting in 10s...
2026-06-10 23:08:46,030 INFO SSH tunnel started  pid=11384  VPS:7843 -> local:7842
2026-06-10 23:08:56,031 WARNING SSH tunnel exited (code=255), restarting in 10s...
2026-06-10 23:09:06,035 INFO SSH tunnel started  pid=13924  VPS:7843 -> local:7842
2026-06-10 23:09:16,036 WARNING SSH tunnel exited (code=255), restarting in 10s...
2026-06-10 23:09:26,039 INFO SSH tunnel started  pid=17192  VPS:7843 -> local:7842
2026-06-10 23:09:36,040 WARNING SSH tunnel exited (code=255), restarting in 10s...
2026-06-10 23:09:46,044 INFO SSH tunnel started  pid=6128  VPS:7843 -> local:7842
2026-06-10 23:09:56,045 WARNING SSH tunnel exited (code=255), restarting in 10s...
2026-06-10 23:10:06,052 INFO SSH tunnel started  pid=16584  VPS:7843 -> local:7842
2026-06-10 23:10:16,053 WARNING SSH tunnel exited (code=255), restarting in 10s...
2026-06-10 23:10:26,057 INFO SSH tunnel started  pid=7236  VPS:7843 -> local:7842
2026-06-10 23:10:56,058 WARNING SSH tunnel exited (code=255), restarting in 10s...
2026-06-10 23:11:06,062 INFO SSH tunnel started  pid=9008  VPS:7843 -> local:7842
2026-06-10 23:11:16,063 WARNING SSH tunnel exited (code=255), restarting in 10s...
2026-06-10 23:11:26,068 INFO SSH tunnel started  pid=16128  VPS:7843 -> local:7842
2026-06-10 23:11:36,069 WARNING SSH tunnel exited (code=255), restarting in 10s...
2026-06-10 23:11:46,072 INFO SSH tunnel started  pid=6476  VPS:7843 -> local:7842
2026-06-10 23:11:56,074 WARNING SSH tunnel exited (code=255), restarting in 10s...
2026-06-10 23:12:06,087 INFO SSH tunnel started  pid=15536  VPS:7843 -> local:7842
2026-06-10 23:12:16,087 WARNING SSH tunnel exited (code=255), restarting in 10s...
2026-06-10 23:12:26,093 INFO SSH tunnel started  pid=9728  VPS:7843 -> local:7842
2026-06-10 23:12:36,094 WARNING SSH tunnel exited (code=255), restarting in 10s...
2026-06-10 23:12:46,099 INFO SSH tunnel started  pid=17356  VPS:7843 -> local:7842
2026-06-10 23:12:56,101 WARNING SSH tunnel exited (code=255), restarting in 10s...
2026-06-10 23:13:06,105 INFO SSH tunnel started  pid=4824  VPS:7843 -> local:7842
2026-06-10 23:13:16,106 WARNING SSH tunnel exited (code=255), restarting in 10s...
2026-06-10 23:13:26,111 INFO SSH tunnel started  pid=16204  VPS:7843 -> local:7842
2026-06-10 23:13:36,113 WARNING SSH tunnel exited (code=255), restarting in 10s...
2026-06-10 23:13:46,116 INFO SSH tunnel started  pid=17104  VPS:7843 -> local:7842
2026-06-10 23:13:56,117 WARNING SSH tunnel exited (code=255), restarting in 10s...
2026-06-10 23:14:06,122 INFO SSH tunnel started  pid=2120  VPS:7843 -> local:7842
2026-06-10 23:14:16,123 WARNING SSH tunnel exited (code=255), restarting in 10s...
2026-06-10 23:14:26,127 INFO SSH tunnel started  pid=3484  VPS:7843 -> local:7842
2026-06-10 23:14:36,129 WARNING SSH tunnel exited (code=255), restarting in 10s...
2026-06-10 23:14:46,133 INFO SSH tunnel started  pid=16052  VPS:7843 -> local:7842
2026-06-10 23:14:56,135 WARNING SSH tunnel exited (code=255), restarting in 10s...
2026-06-10 23:15:06,138 INFO SSH tunnel started  pid=7472  VPS:7843 -> local:7842
2026-06-10 23:15:16,139 WARNING SSH tunnel exited (code=255), restarting in 10s...
2026-06-10 23:15:26,143 INFO SSH tunnel started  pid=10868  VPS:7843 -> local:7842
2026-06-10 23:15:36,145 WARNING SSH tunnel exited (code=255), restarting in 10s...
2026-06-10 23:15:46,148 INFO SSH tunnel started  pid=15508  VPS:7843 -> local:7842
2026-06-10 23:15:56,149 WARNING SSH tunnel exited (code=255), restarting in 10s...
2026-06-10 23:16:06,154 INFO SSH tunnel started  pid=9520  VPS:7843 -> local:7842
2026-06-10 23:16:16,155 WARNING SSH tunnel exited (code=255), restarting in 10s...
2026-06-10 23:16:26,159 INFO SSH tunnel started  pid=12116  VPS:7843 -> local:7842
2026-06-10 23:16:36,160 WARNING SSH tunnel exited (code=255), restarting in 10s...
2026-06-10 23:16:46,165 INFO SSH tunnel started  pid=8268  VPS:7843 -> local:7842
2026-06-10 23:16:56,166 WARNING SSH tunnel exited (code=255), restarting in 10s...
2026-06-10 23:17:06,171 INFO SSH tunnel started  pid=17508  VPS:7843 -> local:7842
2026-06-10 23:17:16,172 WARNING SSH tunnel exited (code=255), restarting in 10s...
2026-06-10 23:17:26,176 INFO SSH tunnel started  pid=17476  VPS:7843 -> local:7842
2026-06-10 23:17:36,177 WARNING SSH tunnel exited (code=255), restarting in 10s...
2026-06-10 23:17:46,181 INFO SSH tunnel started  pid=17688  VPS:7843 -> local:7842
2026-06-10 23:17:56,186 WARNING SSH tunnel exited (code=255), restarting in 10s...
2026-06-10 23:18:06,191 INFO SSH tunnel started  pid=18072  VPS:7843 -> local:7842
2026-06-10 23:18:16,193 WARNING SSH tunnel exited (code=255), restarting in 10s...
2026-06-10 23:18:26,197 INFO SSH tunnel started  pid=16160  VPS:7843 -> local:7842
2026-06-10 23:18:36,200 WARNING SSH tunnel exited (code=255), restarting in 10s...
2026-06-10 23:18:46,204 INFO SSH tunnel started  pid=13508  VPS:7843 -> local:7842
2026-06-10 23:18:56,205 WARNING SSH tunnel exited (code=255), restarting in 10s...
2026-06-10 23:19:06,210 INFO SSH tunnel started  pid=10960  VPS:7843 -> local:7842
2026-06-10 23:19:16,211 WARNING SSH tunnel exited (code=255), restarting in 10s...
2026-06-10 23:19:26,213 INFO SSH tunnel started  pid=10180  VPS:7843 -> local:7842
2026-06-10 23:19:36,215 WARNING SSH tunnel exited (code=255), restarting in 10s...
2026-06-10 23:19:46,219 INFO SSH tunnel started  pid=16192  VPS:7843 -> local:7842
2026-06-10 23:19:56,220 WARNING SSH tunnel exited (code=255), restarting in 10s...
2026-06-10 23:20:06,224 INFO SSH tunnel started  pid=10812  VPS:7843 -> local:7842
2026-06-10 23:20:16,226 WARNING SSH tunnel exited (code=255), restarting in 10s...
2026-06-10 23:20:26,230 INFO SSH tunnel started  pid=13544  VPS:7843 -> local:7842
2026-06-10 23:20:36,231 WARNING SSH tunnel exited (code=255), restarting in 10s...
2026-06-10 23:20:46,235 INFO SSH tunnel started  pid=4412  VPS:7843 -> local:7842
2026-06-10 23:20:56,236 WARNING SSH tunnel exited (code=255), restarting in 10s...
2026-06-10 23:21:06,241 INFO SSH tunnel started  pid=16540  VPS:7843 -> local:7842
2026-06-10 23:21:16,242 WARNING SSH tunnel exited (code=255), restarting in 10s...
2026-06-10 23:21:26,246 INFO SSH tunnel started  pid=10188  VPS:7843 -> local:7842
2026-06-10 23:21:36,247 WARNING SSH tunnel exited (code=255), restarting in 10s...
2026-06-10 23:21:46,251 INFO SSH tunnel started  pid=15376  VPS:7843 -> local:7842
2026-06-10 23:21:56,252 WARNING SSH tunnel exited (code=255), restarting in 10s...
2026-06-10 23:22:06,256 INFO SSH tunnel started  pid=15600  VPS:7843 -> local:7842
2026-06-10 23:22:16,257 WARNING SSH tunnel exited (code=255), restarting in 10s...
2026-06-10 23:22:26,261 INFO SSH tunnel started  pid=16984  VPS:7843 -> local:7842
2026-06-10 23:22:36,262 WARNING SSH tunnel exited (code=255), restarting in 10s...
2026-06-10 23:22:46,267 INFO SSH tunnel started  pid=15932  VPS:7843 -> local:7842
2026-06-10 23:22:56,267 WARNING SSH tunnel exited (code=255), restarting in 10s...
2026-06-10 23:23:06,271 INFO SSH tunnel started  pid=17304  VPS:7843 -> local:7842
2026-06-10 23:23:16,271 WARNING SSH tunnel exited (code=255), restarting in 10s...
2026-06-10 23:23:26,275 INFO SSH tunnel started  pid=9644  VPS:7843 -> local:7842
2026-06-10 23:23:36,276 WARNING SSH tunnel exited (code=255), restarting in 10s...
2026-06-10 23:23:46,281 INFO SSH tunnel started  pid=18172  VPS:7843 -> local:7842
2026-06-10 23:23:56,283 WARNING SSH tunnel exited (code=255), restarting in 10s...
2026-06-10 23:24:06,287 INFO SSH tunnel started  pid=16820  VPS:7843 -> local:7842
2026-06-10 23:24:16,288 WARNING SSH tunnel exited (code=255), restarting in 10s...
2026-06-10 23:24:26,292 INFO SSH tunnel started  pid=15152  VPS:7843 -> local:7842
2026-06-10 23:24:36,294 WARNING SSH tunnel exited (code=255), restarting in 10s...
2026-06-10 23:24:46,296 INFO SSH tunnel started  pid=15728  VPS:7843 -> local:7842
2026-06-10 23:24:56,298 WARNING SSH tunnel exited (code=255), restarting in 10s...
2026-06-10 23:25:06,300 INFO SSH tunnel started  pid=12796  VPS:7843 -> local:7842
2026-06-10 23:25:16,301 WARNING SSH tunnel exited (code=255), restarting in 10s...
2026-06-10 23:25:26,305 INFO SSH tunnel started  pid=9232  VPS:7843 -> local:7842
2026-06-10 23:25:36,307 WARNING SSH tunnel exited (code=255), restarting in 10s...
2026-06-10 23:25:46,309 INFO SSH tunnel started  pid=3440  VPS:7843 -> local:7842
2026-06-10 23:25:56,310 WARNING SSH tunnel exited (code=255), restarting in 10s...
2026-06-10 23:26:06,314 INFO SSH tunnel started  pid=17816  VPS:7843 -> local:7842
2026-06-10 23:26:16,316 WARNING SSH tunnel exited (code=255), restarting in 10s...
2026-06-10 23:26:26,321 INFO SSH tunnel started  pid=10732  VPS:7843 -> local:7842
2026-06-10 23:26:36,323 WARNING SSH tunnel exited (code=255), restarting in 10s...
2026-06-10 23:26:46,326 INFO SSH tunnel started  pid=17692  VPS:7843 -> local:7842
2026-06-10 23:26:56,327 WARNING SSH tunnel exited (code=255), restarting in 10s...
2026-06-10 23:27:06,331 INFO SSH tunnel started  pid=16424  VPS:7843 -> local:7842
2026-06-10 23:27:16,332 WARNING SSH tunnel exited (code=255), restarting in 10s...
2026-06-10 23:27:26,344 INFO SSH tunnel started  pid=6888  VPS:7843 -> local:7842
2026-06-10 23:27:36,346 WARNING SSH tunnel exited (code=255), restarting in 10s...
2026-06-10 23:27:46,350 INFO SSH tunnel started  pid=16392  VPS:7843 -> local:7842
2026-06-10 23:27:56,355 WARNING SSH tunnel exited (code=255), restarting in 10s...
2026-06-10 23:28:06,360 INFO SSH tunnel started  pid=11160  VPS:7843 -> local:7842
2026-06-10 23:28:16,361 WARNING SSH tunnel exited (code=255), restarting in 10s...
2026-06-10 23:28:26,366 INFO SSH tunnel started  pid=15320  VPS:7843 -> local:7842
2026-06-10 23:28:36,367 WARNING SSH tunnel exited (code=255), restarting in 10s...
2026-06-10 23:28:46,373 INFO SSH tunnel started  pid=2860  VPS:7843 -> local:7842
2026-06-10 23:28:56,374 WARNING SSH tunnel exited (code=255), restarting in 10s...
2026-06-10 23:29:06,379 INFO SSH tunnel started  pid=12200  VPS:7843 -> local:7842
2026-06-10 23:29:16,379 WARNING SSH tunnel exited (code=255), restarting in 10s...
2026-06-10 23:29:26,384 INFO SSH tunnel started  pid=18240  VPS:7843 -> local:7842
2026-06-10 23:29:36,385 WARNING SSH tunnel exited (code=255), restarting in 10s...
2026-06-10 23:29:46,389 INFO SSH tunnel started  pid=15832  VPS:7843 -> local:7842
2026-06-10 23:29:56,390 WARNING SSH tunnel exited (code=255), restarting in 10s...
2026-06-10 23:30:06,394 INFO SSH tunnel started  pid=17116  VPS:7843 -> local:7842
2026-06-10 23:30:16,395 WARNING SSH tunnel exited (code=255), restarting in 10s...
2026-06-10 23:30:26,400 INFO SSH tunnel started  pid=15424  VPS:7843 -> local:7842
2026-06-10 23:30:36,402 WARNING SSH tunnel exited (code=255), restarting in 10s...
2026-06-10 23:30:46,407 INFO SSH tunnel started  pid=16544  VPS:7843 -> local:7842
2026-06-10 23:31:06,408 WARNING SSH tunnel exited (code=255), restarting in 10s...
2026-06-10 23:31:16,413 INFO SSH tunnel started  pid=18244  VPS:7843 -> local:7842
2026-06-10 23:31:26,414 WARNING SSH tunnel exited (code=255), restarting in 10s...
2026-06-10 23:31:36,418 INFO SSH tunnel started  pid=10432  VPS:7843 -> local:7842
2026-06-10 23:31:46,419 WARNING SSH tunnel exited (code=255), restarting in 10s...
2026-06-10 23:31:56,423 INFO SSH tunnel started  pid=14672  VPS:7843 -> local:7842
2026-06-10 23:32:06,433 WARNING SSH tunnel exited (code=255), restarting in 10s...
2026-06-10 23:32:16,439 INFO SSH tunnel started  pid=7020  VPS:7843 -> local:7842
2026-06-10 23:32:26,440 WARNING SSH tunnel exited (code=255), restarting in 10s...
2026-06-10 23:32:36,447 INFO SSH tunnel started  pid=12048  VPS:7843 -> local:7842
2026-06-10 23:32:46,449 WARNING SSH tunnel exited (code=255), restarting in 10s...
2026-06-10 23:32:56,451 INFO SSH tunnel started  pid=7860  VPS:7843 -> local:7842
2026-06-10 23:33:06,452 WARNING SSH tunnel exited (code=255), restarting in 10s...
2026-06-10 23:33:16,455 INFO SSH tunnel started  pid=17468  VPS:7843 -> local:7842
2026-06-10 23:33:26,456 WARNING SSH tunnel exited (code=255), restarting in 10s...
2026-06-10 23:33:36,459 INFO SSH tunnel started  pid=7340  VPS:7843 -> local:7842
2026-06-10 23:33:46,460 WARNING SSH tunnel exited (code=255), restarting in 10s...
2026-06-10 23:33:56,466 INFO SSH tunnel started  pid=17776  VPS:7843 -> local:7842
2026-06-10 23:34:06,466 WARNING SSH tunnel exited (code=255), restarting in 10s...
2026-06-10 23:34:16,473 INFO SSH tunnel started  pid=16732  VPS:7843 -> local:7842
2026-06-10 23:34:26,475 WARNING SSH tunnel exited (code=255), restarting in 10s...
2026-06-10 23:34:36,483 INFO SSH tunnel started  pid=9380  VPS:7843 -> local:7842
2026-06-10 23:34:46,487 WARNING SSH tunnel exited (code=255), restarting in 10s...
2026-06-10 23:34:56,491 INFO SSH tunnel started  pid=11408  VPS:7843 -> local:7842
2026-06-10 23:35:06,495 WARNING SSH tunnel exited (code=255), restarting in 10s...
2026-06-10 23:35:16,499 INFO SSH tunnel started  pid=18156  VPS:7843 -> local:7842
2026-06-10 23:35:26,501 WARNING SSH tunnel exited (code=255), restarting in 10s...
2026-06-10 23:35:36,505 INFO SSH tunnel started  pid=17692  VPS:7843 -> local:7842
2026-06-10 23:35:46,506 WARNING SSH tunnel exited (code=255), restarting in 10s...
2026-06-10 23:35:56,509 INFO SSH tunnel started  pid=18224  VPS:7843 -> local:7842
2026-06-10 23:36:06,510 WARNING SSH tunnel exited (code=255), restarting in 10s...
2026-06-10 23:36:16,514 INFO SSH tunnel started  pid=15744  VPS:7843 -> local:7842
2026-06-10 23:36:26,516 WARNING SSH tunnel exited (code=255), restarting in 10s...
2026-06-10 23:36:36,519 INFO SSH tunnel started  pid=5844  VPS:7843 -> local:7842
2026-06-10 23:36:46,537 WARNING SSH tunnel exited (code=255), restarting in 10s...
2026-06-10 23:36:56,542 INFO SSH tunnel started  pid=16656  VPS:7843 -> local:7842
2026-06-10 23:37:06,543 WARNING SSH tunnel exited (code=255), restarting in 10s...
2026-06-10 23:37:16,546 INFO SSH tunnel started  pid=3140  VPS:7843 -> local:7842
2026-06-10 23:37:26,547 WARNING SSH tunnel exited (code=255), restarting in 10s...
2026-06-10 23:37:36,552 INFO SSH tunnel started  pid=12200  VPS:7843 -> local:7842
2026-06-10 23:37:46,570 WARNING SSH tunnel exited (code=255), restarting in 10s...
2026-06-10 23:37:56,581 INFO SSH tunnel started  pid=16020  VPS:7843 -> local:7842
2026-06-10 23:38:06,582 WARNING SSH tunnel exited (code=255), restarting in 10s...
2026-06-10 23:38:16,585 INFO SSH tunnel started  pid=10308  VPS:7843 -> local:7842
2026-06-10 23:38:26,586 WARNING SSH tunnel exited (code=255), restarting in 10s...
2026-06-10 23:38:36,591 INFO SSH tunnel started  pid=4580  VPS:7843 -> local:7842
2026-06-10 23:38:46,593 WARNING SSH tunnel exited (code=255), restarting in 10s...
2026-06-10 23:38:56,597 INFO SSH tunnel started  pid=15572  VPS:7843 -> local:7842
2026-06-10 23:39:06,598 WARNING SSH tunnel exited (code=255), restarting in 10s...
2026-06-10 23:39:16,602 INFO SSH tunnel started  pid=16092  VPS:7843 -> local:7842
2026-06-10 23:39:26,603 WARNING SSH tunnel exited (code=255), restarting in 10s...
2026-06-10 23:39:36,607 INFO SSH tunnel started  pid=15424  VPS:7843 -> local:7842
2026-06-10 23:39:46,608 WARNING SSH tunnel exited (code=255), restarting in 10s...
2026-06-10 23:39:56,612 INFO SSH tunnel started  pid=18316  VPS:7843 -> local:7842
2026-06-10 23:40:06,613 WARNING SSH tunnel exited (code=255), restarting in 10s...
2026-06-10 23:40:16,623 INFO SSH tunnel started  pid=12388  VPS:7843 -> local:7842
2026-06-10 23:40:26,624 WARNING SSH tunnel exited (code=255), restarting in 10s...
2026-06-10 23:40:36,629 INFO SSH tunnel started  pid=17864  VPS:7843 -> local:7842
2026-06-10 23:40:46,630 WARNING SSH tunnel exited (code=255), restarting in 10s...
2026-06-10 23:40:56,633 INFO SSH tunnel started  pid=16932  VPS:7843 -> local:7842
2026-06-10 23:41:06,634 WARNING SSH tunnel exited (code=255), restarting in 10s...
2026-06-10 23:41:16,638 INFO SSH tunnel started  pid=16056  VPS:7843 -> local:7842
2026-06-10 23:41:26,639 WARNING SSH tunnel exited (code=255), restarting in 10s...
2026-06-10 23:41:36,644 INFO SSH tunnel started  pid=9852  VPS:7843 -> local:7842
2026-06-10 23:41:46,645 WARNING SSH tunnel exited (code=255), restarting in 10s...
2026-06-10 23:41:56,648 INFO SSH tunnel started  pid=16688  VPS:7843 -> local:7842
2026-06-10 23:42:06,650 WARNING SSH tunnel exited (code=255), restarting in 10s...
2026-06-10 23:42:16,653 INFO SSH tunnel started  pid=10168  VPS:7843 -> local:7842
2026-06-10 23:42:26,654 WARNING SSH tunnel exited (code=255), restarting in 10s...
2026-06-10 23:42:36,658 INFO SSH tunnel started  pid=12868  VPS:7843 -> local:7842
2026-06-10 23:42:46,659 WARNING SSH tunnel exited (code=255), restarting in 10s...
2026-06-10 23:42:56,664 INFO SSH tunnel started  pid=18176  VPS:7843 -> local:7842
2026-06-10 23:43:06,665 WARNING SSH tunnel exited (code=255), restarting in 10s...
2026-06-10 23:43:16,668 INFO SSH tunnel started  pid=6632  VPS:7843 -> local:7842
2026-06-10 23:43:26,669 WARNING SSH tunnel exited (code=255), restarting in 10s...
2026-06-10 23:43:36,672 INFO SSH tunnel started  pid=16504  VPS:7843 -> local:7842
2026-06-10 23:43:56,679 WARNING SSH tunnel exited (code=255), restarting in 10s...
2026-06-10 23:44:06,688 INFO SSH tunnel started  pid=6896  VPS:7843 -> local:7842
2026-06-10 23:44:26,690 WARNING SSH tunnel exited (code=255), restarting in 10s...
2026-06-10 23:44:36,694 INFO SSH tunnel started  pid=16548  VPS:7843 -> local:7842
2026-06-10 23:44:56,696 WARNING SSH tunnel exited (code=255), restarting in 10s...
2026-06-10 23:45:06,700 INFO SSH tunnel started  pid=14372  VPS:7843 -> local:7842
2026-06-10 23:45:26,702 WARNING SSH tunnel exited (code=255), restarting in 10s...
2026-06-10 23:45:36,706 INFO SSH tunnel started  pid=14520  VPS:7843 -> local:7842
2026-06-10 23:45:46,708 WARNING SSH tunnel exited (code=255), restarting in 10s...
2026-06-10 23:45:56,711 INFO SSH tunnel started  pid=9820  VPS:7843 -> local:7842
2026-06-10 23:46:06,712 WARNING SSH tunnel exited (code=255), restarting in 10s...
2026-06-10 23:46:16,716 INFO SSH tunnel started  pid=6064  VPS:7843 -> local:7842
2026-06-10 23:46:36,717 WARNING SSH tunnel exited (code=255), restarting in 10s...
2026-06-10 23:46:46,722 INFO SSH tunnel started  pid=15560  VPS:7843 -> local:7842
2026-06-10 23:47:06,785 WARNING SSH tunnel exited (code=255), restarting in 10s...
2026-06-10 23:47:16,790 INFO SSH tunnel started  pid=11772  VPS:7843 -> local:7842
2026-06-10 23:47:36,790 WARNING SSH tunnel exited (code=255), restarting in 10s...
2026-06-10 23:47:46,795 INFO SSH tunnel started  pid=17644  VPS:7843 -> local:7842
2026-06-10 23:48:06,796 WARNING SSH tunnel exited (code=255), restarting in 10s...
2026-06-10 23:48:16,800 INFO SSH tunnel started  pid=15424  VPS:7843 -> local:7842
2026-06-10 23:48:36,801 WARNING SSH tunnel exited (code=255), restarting in 10s...
2026-06-10 23:48:46,809 INFO SSH tunnel started  pid=5892  VPS:7843 -> local:7842
2026-06-10 23:49:06,811 WARNING SSH tunnel exited (code=255), restarting in 10s...
2026-06-10 23:49:16,815 INFO SSH tunnel started  pid=9280  VPS:7843 -> local:7842
2026-06-10 23:49:26,816 WARNING SSH tunnel exited (code=255), restarting in 10s...
2026-06-10 23:49:36,820 INFO SSH tunnel started  pid=1920  VPS:7843 -> local:7842
2026-06-10 23:49:46,821 WARNING SSH tunnel exited (code=255), restarting in 10s...
2026-06-10 23:49:56,826 INFO SSH tunnel started  pid=1708  VPS:7843 -> local:7842
2026-06-10 23:50:06,826 WARNING SSH tunnel exited (code=255), restarting in 10s...
2026-06-10 23:50:16,830 INFO SSH tunnel started  pid=15636  VPS:7843 -> local:7842
2026-06-10 23:50:26,830 WARNING SSH tunnel exited (code=255), restarting in 10s...
2026-06-10 23:50:36,835 INFO SSH tunnel started  pid=15600  VPS:7843 -> local:7842
2026-06-10 23:51:06,837 WARNING SSH tunnel exited (code=255), restarting in 10s...
2026-06-10 23:51:16,839 INFO SSH tunnel started  pid=10452  VPS:7843 -> local:7842
2026-06-10 23:51:36,841 WARNING SSH tunnel exited (code=255), restarting in 10s...
2026-06-10 23:51:46,845 INFO SSH tunnel started  pid=9460  VPS:7843 -> local:7842
2026-06-10 23:51:56,847 WARNING SSH tunnel exited (code=255), restarting in 10s...
2026-06-10 23:52:06,851 INFO SSH tunnel started  pid=17164  VPS:7843 -> local:7842
2026-06-10 23:52:16,854 WARNING SSH tunnel exited (code=255), restarting in 10s...
2026-06-10 23:52:26,863 INFO SSH tunnel started  pid=2184  VPS:7843 -> local:7842
2026-06-10 23:52:36,864 WARNING SSH tunnel exited (code=255), restarting in 10s...
2026-06-10 23:52:46,867 INFO SSH tunnel started  pid=16928  VPS:7843 -> local:7842
2026-06-10 23:52:56,867 WARNING SSH tunnel exited (code=255), restarting in 10s...
2026-06-10 23:53:06,871 INFO SSH tunnel started  pid=17576  VPS:7843 -> local:7842
2026-06-10 23:53:16,872 WARNING SSH tunnel exited (code=255), restarting in 10s...
2026-06-10 23:53:26,874 INFO SSH tunnel started  pid=10868  VPS:7843 -> local:7842
2026-06-10 23:53:36,876 WARNING SSH tunnel exited (code=255), restarting in 10s...
2026-06-10 23:53:46,879 INFO SSH tunnel started  pid=15648  VPS:7843 -> local:7842
2026-06-10 23:53:56,880 WARNING SSH tunnel exited (code=255), restarting in 10s...
2026-06-10 23:54:06,884 INFO SSH tunnel started  pid=2184  VPS:7843 -> local:7842
2026-06-10 23:54:16,885 WARNING SSH tunnel exited (code=255), restarting in 10s...
2026-06-10 23:54:26,887 INFO SSH tunnel started  pid=17092  VPS:7843 -> local:7842
2026-06-10 23:54:36,889 WARNING SSH tunnel exited (code=255), restarting in 10s...
2026-06-10 23:54:46,891 INFO SSH tunnel started  pid=16448  VPS:7843 -> local:7842
2026-06-10 23:54:56,892 WARNING SSH tunnel exited (code=255), restarting in 10s...
2026-06-10 23:55:06,897 INFO SSH tunnel started  pid=17996  VPS:7843 -> local:7842
2026-06-10 23:55:16,898 WARNING SSH tunnel exited (code=255), restarting in 10s...
2026-06-10 23:55:26,900 INFO SSH tunnel started  pid=15732  VPS:7843 -> local:7842
2026-06-10 23:55:36,901 WARNING SSH tunnel exited (code=255), restarting in 10s...
2026-06-10 23:55:46,902 INFO SSH tunnel started  pid=17896  VPS:7843 -> local:7842
2026-06-10 23:55:56,904 WARNING SSH tunnel exited (code=255), restarting in 10s...
2026-06-10 23:56:06,908 INFO SSH tunnel started  pid=15184  VPS:7843 -> local:7842
2026-06-10 23:56:16,909 WARNING SSH tunnel exited (code=255), restarting in 10s...
2026-06-10 23:56:26,915 INFO SSH tunnel started  pid=18124  VPS:7843 -> local:7842
2026-06-10 23:56:36,917 WARNING SSH tunnel exited (code=255), restarting in 10s...
2026-06-10 23:56:46,920 INFO SSH tunnel started  pid=15352  VPS:7843 -> local:7842
2026-06-10 23:56:56,921 WARNING SSH tunnel exited (code=255), restarting in 10s...
2026-06-10 23:57:06,924 INFO SSH tunnel started  pid=18312  VPS:7843 -> local:7842
2026-06-10 23:57:16,925 WARNING SSH tunnel exited (code=255), restarting in 10s...
2026-06-10 23:57:26,931 INFO SSH tunnel started  pid=5612  VPS:7843 -> local:7842
2026-06-10 23:57:36,932 WARNING SSH tunnel exited (code=255), restarting in 10s...
2026-06-10 23:57:46,935 INFO SSH tunnel started  pid=4224  VPS:7843 -> local:7842
2026-06-10 23:57:56,936 WARNING SSH tunnel exited (code=255), restarting in 10s...
2026-06-10 23:58:06,939 INFO SSH tunnel started  pid=6168  VPS:7843 -> local:7842
2026-06-10 23:58:16,940 WARNING SSH tunnel exited (code=255), restarting in 10s...
2026-06-10 23:58:26,944 INFO SSH tunnel started  pid=15612  VPS:7843 -> local:7842
2026-06-10 23:58:36,945 WARNING SSH tunnel exited (code=255), restarting in 10s...
2026-06-10 23:58:46,950 INFO SSH tunnel started  pid=18024  VPS:7843 -> local:7842
2026-06-10 23:58:56,951 WARNING SSH tunnel exited (code=255), restarting in 10s...
2026-06-10 23:59:06,955 INFO SSH tunnel started  pid=18124  VPS:7843 -> local:7842
2026-06-10 23:59:16,956 WARNING SSH tunnel exited (code=255), restarting in 10s...
2026-06-10 23:59:26,961 INFO SSH tunnel started  pid=5640  VPS:7843 -> local:7842
2026-06-10 23:59:36,962 WARNING SSH tunnel exited (code=255), restarting in 10s...
2026-06-10 23:59:46,965 INFO SSH tunnel started  pid=15460  VPS:7843 -> local:7842
2026-06-10 23:59:56,966 WARNING SSH tunnel exited (code=255), restarting in 10s...
2026-06-11 00:00:06,969 INFO SSH tunnel started  pid=16852  VPS:7843 -> local:7842
2026-06-11 00:00:16,971 WARNING SSH tunnel exited (code=255), restarting in 10s...
2026-06-11 00:00:26,975 INFO SSH tunnel started  pid=11304  VPS:7843 -> local:7842
2026-06-11 00:00:36,976 WARNING SSH tunnel exited (code=255), restarting in 10s...
2026-06-11 00:00:46,981 INFO SSH tunnel started  pid=16288  VPS:7843 -> local:7842
2026-06-11 00:00:56,984 WARNING SSH tunnel exited (code=255), restarting in 10s...
2026-06-11 00:01:06,988 INFO SSH tunnel started  pid=17160  VPS:7843 -> local:7842
2026-06-11 00:01:16,990 WARNING SSH tunnel exited (code=255), restarting in 10s...
2026-06-11 00:01:26,993 INFO SSH tunnel started  pid=10180  VPS:7843 -> local:7842
2026-06-11 00:01:36,994 WARNING SSH tunnel exited (code=255), restarting in 10s...
2026-06-11 00:01:46,998 INFO SSH tunnel started  pid=17260  VPS:7843 -> local:7842
2026-06-11 00:01:56,999 WARNING SSH tunnel exited (code=255), restarting in 10s...
2026-06-11 00:02:07,007 INFO SSH tunnel started  pid=10252  VPS:7843 -> local:7842
2026-06-11 00:02:17,008 WARNING SSH tunnel exited (code=255), restarting in 10s...
2026-06-11 00:02:27,011 INFO SSH tunnel started  pid=260  VPS:7843 -> local:7842
2026-06-11 00:02:37,012 WARNING SSH tunnel exited (code=255), restarting in 10s...
2026-06-11 00:02:47,017 INFO SSH tunnel started  pid=15428  VPS:7843 -> local:7842
2026-06-11 00:02:57,018 WARNING SSH tunnel exited (code=255), restarting in 10s...
2026-06-11 00:03:07,021 INFO SSH tunnel started  pid=17720  VPS:7843 -> local:7842
2026-06-11 00:03:17,022 WARNING SSH tunnel exited (code=255), restarting in 10s...
2026-06-11 00:03:27,025 INFO SSH tunnel started  pid=16640  VPS:7843 -> local:7842
2026-06-11 00:03:37,026 WARNING SSH tunnel exited (code=255), restarting in 10s...
2026-06-11 00:03:47,029 INFO SSH tunnel started  pid=16584  VPS:7843 -> local:7842
2026-06-11 00:03:57,030 WARNING SSH tunnel exited (code=255), restarting in 10s...
2026-06-11 00:04:07,051 INFO SSH tunnel started  pid=16160  VPS:7843 -> local:7842
2026-06-11 00:04:17,053 WARNING SSH tunnel exited (code=255), restarting in 10s...
2026-06-11 00:04:27,056 INFO SSH tunnel started  pid=15352  VPS:7843 -> local:7842
2026-06-11 00:04:37,074 WARNING SSH tunnel exited (code=255), restarting in 10s...
2026-06-11 00:04:47,078 INFO SSH tunnel started  pid=17080  VPS:7843 -> local:7842
2026-06-11 00:04:57,091 WARNING SSH tunnel exited (code=255), restarting in 10s...
2026-06-11 00:05:07,096 INFO SSH tunnel started  pid=9908  VPS:7843 -> local:7842
2026-06-11 00:05:17,097 WARNING SSH tunnel exited (code=255), restarting in 10s...
2026-06-11 00:05:27,104 INFO SSH tunnel started  pid=18048  VPS:7843 -> local:7842
2026-06-11 00:05:37,106 WARNING SSH tunnel exited (code=255), restarting in 10s...
2026-06-11 00:05:47,110 INFO SSH tunnel started  pid=1132  VPS:7843 -> local:7842
2026-06-11 00:05:57,112 WARNING SSH tunnel exited (code=255), restarting in 10s...
2026-06-11 00:06:07,119 INFO SSH tunnel started  pid=3132  VPS:7843 -> local:7842
2026-06-11 00:06:17,120 WARNING SSH tunnel exited (code=255), restarting in 10s...
2026-06-11 00:06:27,125 INFO SSH tunnel started  pid=16612  VPS:7843 -> local:7842
2026-06-11 00:06:37,126 WARNING SSH tunnel exited (code=255), restarting in 10s...
2026-06-11 00:06:47,130 INFO SSH tunnel started  pid=11132  VPS:7843 -> local:7842
2026-06-11 00:06:57,132 WARNING SSH tunnel exited (code=255), restarting in 10s...
2026-06-11 00:07:07,136 INFO SSH tunnel started  pid=16748  VPS:7843 -> local:7842
2026-06-11 00:07:17,137 WARNING SSH tunnel exited (code=255), restarting in 10s...
2026-06-11 00:07:27,140 INFO SSH tunnel started  pid=15224  VPS:7843 -> local:7842
2026-06-11 00:07:37,141 WARNING SSH tunnel exited (code=255), restarting in 10s...
2026-06-11 00:07:47,146 INFO SSH tunnel started  pid=17944  VPS:7843 -> local:7842
2026-06-11 00:07:57,157 WARNING SSH tunnel exited (code=255), restarting in 10s...
2026-06-11 00:08:07,161 INFO SSH tunnel started  pid=17248  VPS:7843 -> local:7842
2026-06-11 00:08:17,162 WARNING SSH tunnel exited (code=255), restarting in 10s...
2026-06-11 00:08:27,166 INFO SSH tunnel started  pid=17872  VPS:7843 -> local:7842
2026-06-11 00:08:37,167 WARNING SSH tunnel exited (code=255), restarting in 10s...
2026-06-11 00:08:47,170 INFO SSH tunnel started  pid=6616  VPS:7843 -> local:7842
2026-06-11 00:08:57,172 WARNING SSH tunnel exited (code=255), restarting in 10s...
2026-06-11 00:09:07,177 INFO SSH tunnel started  pid=9636  VPS:7843 -> local:7842
2026-06-11 00:09:17,177 WARNING SSH tunnel exited (code=255), restarting in 10s...
2026-06-11 00:09:27,182 INFO SSH tunnel started  pid=17460  VPS:7843 -> local:7842
2026-06-11 00:09:37,183 WARNING SSH tunnel exited (code=255), restarting in 10s...
2026-06-11 00:09:47,190 INFO SSH tunnel started  pid=6576  VPS:7843 -> local:7842
2026-06-11 00:09:57,190 WARNING SSH tunnel exited (code=255), restarting in 10s...
2026-06-11 00:10:07,197 INFO SSH tunnel started  pid=8632  VPS:7843 -> local:7842
2026-06-11 00:10:17,198 WARNING SSH tunnel exited (code=255), restarting in 10s...
2026-06-11 00:10:27,202 INFO SSH tunnel started  pid=9756  VPS:7843 -> local:7842
2026-06-11 00:10:37,203 WARNING SSH tunnel exited (code=255), restarting in 10s...
2026-06-11 00:10:47,208 INFO SSH tunnel started  pid=7512  VPS:7843 -> local:7842
2026-06-11 00:10:57,209 WARNING SSH tunnel exited (code=255), restarting in 10s...
2026-06-11 00:11:07,213 INFO SSH tunnel started  pid=11772  VPS:7843 -> local:7842
2026-06-11 00:11:17,218 WARNING SSH tunnel exited (code=255), restarting in 10s...
2026-06-11 00:11:27,224 INFO SSH tunnel started  pid=15716  VPS:7843 -> local:7842
2026-06-11 00:11:37,225 WARNING SSH tunnel exited (code=255), restarting in 10s...
2026-06-11 00:11:47,230 INFO SSH tunnel started  pid=10432  VPS:7843 -> local:7842
2026-06-11 00:11:57,231 WARNING SSH tunnel exited (code=255), restarting in 10s...
2026-06-11 00:12:07,234 INFO SSH tunnel started  pid=9528  VPS:7843 -> local:7842
2026-06-11 00:12:17,235 WARNING SSH tunnel exited (code=255), restarting in 10s...
2026-06-11 00:12:27,237 INFO SSH tunnel started  pid=11796  VPS:7843 -> local:7842
2026-06-11 00:12:37,238 WARNING SSH tunnel exited (code=255), restarting in 10s...
2026-06-11 00:12:47,251 INFO SSH tunnel started  pid=15380  VPS:7843 -> local:7842
2026-06-11 00:12:57,253 WARNING SSH tunnel exited (code=255), restarting in 10s...
2026-06-11 00:13:07,255 INFO SSH tunnel started  pid=7804  VPS:7843 -> local:7842
2026-06-11 00:13:17,256 WARNING SSH tunnel exited (code=255), restarting in 10s...
2026-06-11 00:13:27,261 INFO SSH tunnel started  pid=17924  VPS:7843 -> local:7842
2026-06-11 00:13:37,262 WARNING SSH tunnel exited (code=255), restarting in 10s...
2026-06-11 00:13:47,265 INFO SSH tunnel started  pid=10940  VPS:7843 -> local:7842
2026-06-11 00:13:57,266 WARNING SSH tunnel exited (code=255), restarting in 10s...
2026-06-11 00:14:07,270 INFO SSH tunnel started  pid=17132  VPS:7843 -> local:7842
2026-06-11 00:14:17,271 WARNING SSH tunnel exited (code=255), restarting in 10s...
2026-06-11 00:14:27,275 INFO SSH tunnel started  pid=16636  VPS:7843 -> local:7842
2026-06-11 00:14:37,276 WARNING SSH tunnel exited (code=255), restarting in 10s...
2026-06-11 00:14:47,279 INFO SSH tunnel started  pid=7612  VPS:7843 -> local:7842
2026-06-11 00:14:57,279 WARNING SSH tunnel exited (code=255), restarting in 10s...
2026-06-11 00:15:07,284 INFO SSH tunnel started  pid=15460  VPS:7843 -> local:7842
2026-06-11 00:15:17,285 WARNING SSH tunnel exited (code=255), restarting in 10s...
2026-06-11 00:15:27,290 INFO SSH tunnel started  pid=16220  VPS:7843 -> local:7842
2026-06-11 00:15:37,291 WARNING SSH tunnel exited (code=255), restarting in 10s...
2026-06-11 09:35:07,694 INFO ==================================================
2026-06-11 09:35:07,709 INFO SparkP2P Relay Keepalive starting
2026-06-11 09:35:07,709 INFO Relay port : 7842
2026-06-11 09:35:07,709 INFO VPS tunnel : root@157.245.175.55  remote port 7843
2026-06-11 09:35:07,709 INFO ==================================================
2026-06-11 09:35:07,709 INFO Relay started  pid=9116  port=7842
2026-06-11 09:35:11,834 INFO SSH tunnel started  pid=9444  VPS:7843 -> local:7842
2026-06-11 09:35:21,851 WARNING SSH tunnel exited (code=255), restarting in 10s...
2026-06-11 09:35:31,852 INFO SSH tunnel started  pid=1088  VPS:7843 -> local:7842
2026-06-11 09:35:41,855 WARNING SSH tunnel exited (code=255), restarting in 10s...
2026-06-11 09:35:51,857 INFO SSH tunnel started  pid=11548  VPS:7843 -> local:7842
2026-06-11 09:36:01,994 WARNING SSH tunnel exited (code=255), restarting in 10s...
2026-06-11 09:36:11,997 INFO SSH tunnel started  pid=4392  VPS:7843 -> local:7842
2026-06-11 09:36:22,085 WARNING SSH tunnel exited (code=255), restarting in 10s...
2026-06-11 09:36:32,088 INFO SSH tunnel started  pid=9196  VPS:7843 -> local:7842
2026-06-11 09:36:42,089 WARNING SSH tunnel exited (code=255), restarting in 10s...
2026-06-11 09:36:52,093 INFO SSH tunnel started  pid=5780  VPS:7843 -> local:7842
2026-06-11 09:37:02,094 WARNING SSH tunnel exited (code=255), restarting in 10s...
2026-06-11 09:37:12,099 INFO SSH tunnel started  pid=11912  VPS:7843 -> local:7842
2026-06-11 10:37:32,469 WARNING SSH tunnel exited (code=255), restarting in 10s...
2026-06-11 10:37:42,477 INFO SSH tunnel started  pid=8508  VPS:7843 -> local:7842
2026-06-11 10:38:02,479 WARNING SSH tunnel exited (code=255), restarting in 10s...
2026-06-11 10:38:12,484 INFO SSH tunnel started  pid=7804  VPS:7843 -> local:7842
2026-06-11 10:38:32,485 WARNING SSH tunnel exited (code=255), restarting in 10s...
2026-06-11 10:38:42,487 INFO SSH tunnel started  pid=3376  VPS:7843 -> local:7842
2026-06-11 10:39:02,489 WARNING SSH tunnel exited (code=255), restarting in 10s...
2026-06-11 10:39:12,492 INFO SSH tunnel started  pid=3048  VPS:7843 -> local:7842
2026-06-11 18:49:43,107 INFO ==================================================
2026-06-11 18:49:43,107 INFO SparkP2P Relay Keepalive starting
2026-06-11 18:49:43,107 INFO Relay port : 7842
2026-06-11 18:49:43,107 INFO VPS tunnel : root@157.245.175.55  remote port 7843
2026-06-11 18:49:43,107 INFO ==================================================
2026-06-11 18:49:43,123 INFO Relay started  pid=7872  port=7842
2026-06-11 18:49:47,140 INFO SSH tunnel started  pid=8168  VPS:7843 -> local:7842
2026-06-11 18:49:57,147 WARNING SSH tunnel exited (code=255), restarting in 10s...
2026-06-11 18:50:07,833 INFO SSH tunnel started  pid=11060  VPS:7843 -> local:7842
2026-06-11 18:50:17,834 WARNING SSH tunnel exited (code=255), restarting in 10s...
2026-06-11 18:50:27,871 INFO SSH tunnel started  pid=5780  VPS:7843 -> local:7842
2026-06-11 18:50:37,873 WARNING SSH tunnel exited (code=255), restarting in 10s...
2026-06-11 18:50:47,876 INFO SSH tunnel started  pid=14412  VPS:7843 -> local:7842
2026-06-11 18:59:23,959 INFO ==================================================
2026-06-11 18:59:24,146 INFO SparkP2P Relay Keepalive starting
2026-06-11 18:59:24,474 INFO Relay port : 7842
2026-06-11 18:59:25,224 INFO VPS tunnel : root@157.245.175.55  remote port 7843
2026-06-11 18:59:25,318 INFO ==================================================
2026-06-11 18:59:26,755 INFO Relay started  pid=4456  port=7842
2026-06-11 18:59:32,802 INFO SSH tunnel started  pid=8876  VPS:7843 -> local:7842
2026-06-11 18:59:42,818 WARNING SSH tunnel exited (code=255), restarting in 10s...
2026-06-11 18:59:54,907 INFO SSH tunnel started  pid=11340  VPS:7843 -> local:7842
2026-06-11 19:00:04,907 WARNING SSH tunnel exited (code=255), restarting in 10s...
2026-06-11 19:00:14,910 INFO SSH tunnel started  pid=13924  VPS:7843 -> local:7842
2026-06-11 19:00:24,922 WARNING SSH tunnel exited (code=255), restarting in 10s...
2026-06-11 19:00:34,936 INFO SSH tunnel started  pid=14916  VPS:7843 -> local:7842
2026-06-11 19:00:44,938 WARNING SSH tunnel exited (code=255), restarting in 10s...
2026-06-11 19:00:55,098 INFO SSH tunnel started  pid=11048  VPS:7843 -> local:7842
2026-06-11 19:01:05,100 WARNING SSH tunnel exited (code=255), restarting in 10s...
2026-06-11 19:01:15,105 INFO SSH tunnel started  pid=4784  VPS:7843 -> local:7842
2026-06-11 19:01:25,106 WARNING SSH tunnel exited (code=255), restarting in 10s...
2026-06-11 19:01:35,358 INFO SSH tunnel started  pid=1888  VPS:7843 -> local:7842
2026-06-11 19:01:45,368 WARNING SSH tunnel exited (code=255), restarting in 10s...
2026-06-11 19:01:55,371 INFO SSH tunnel started  pid=11192  VPS:7843 -> local:7842
2026-06-11 19:02:05,371 WARNING SSH tunnel exited (code=255), restarting in 10s...
2026-06-11 19:02:15,373 INFO SSH tunnel started  pid=2788  VPS:7843 -> local:7842
2026-06-11 19:02:25,374 WARNING SSH tunnel exited (code=255), restarting in 10s...
2026-06-11 19:02:35,378 INFO SSH tunnel started  pid=13076  VPS:7843 -> local:7842
2026-06-11 19:02:45,379 WARNING SSH tunnel exited (code=255), restarting in 10s...
2026-06-11 19:02:55,383 INFO SSH tunnel started  pid=15052  VPS:7843 -> local:7842
2026-06-11 19:03:05,384 WARNING SSH tunnel exited (code=255), restarting in 10s...
2026-06-11 19:03:15,387 INFO SSH tunnel started  pid=13264  VPS:7843 -> local:7842
2026-06-11 19:03:25,388 WARNING SSH tunnel exited (code=255), restarting in 10s...
2026-06-11 19:03:35,391 INFO SSH tunnel started  pid=11296  VPS:7843 -> local:7842
2026-06-11 19:03:45,392 WARNING SSH tunnel exited (code=255), restarting in 10s...
2026-06-11 19:03:55,396 INFO SSH tunnel started  pid=6180  VPS:7843 -> local:7842
2026-06-11 19:04:05,397 WARNING SSH tunnel exited (code=255), restarting in 10s...
2026-06-11 19:04:15,399 INFO SSH tunnel started  pid=10848  VPS:7843 -> local:7842
2026-06-11 19:04:25,400 WARNING SSH tunnel exited (code=255), restarting in 10s...
2026-06-11 19:04:35,403 INFO SSH tunnel started  pid=11564  VPS:7843 -> local:7842
2026-06-11 19:04:45,404 WARNING SSH tunnel exited (code=255), restarting in 10s...
2026-06-11 19:04:55,412 INFO SSH tunnel started  pid=11312  VPS:7843 -> local:7842
2026-06-11 19:05:05,413 WARNING SSH tunnel exited (code=255), restarting in 10s...
2026-06-11 19:05:15,417 INFO SSH tunnel started  pid=5848  VPS:7843 -> local:7842
2026-06-11 19:05:25,419 WARNING SSH tunnel exited (code=255), restarting in 10s...
2026-06-11 19:05:35,424 INFO SSH tunnel started  pid=8616  VPS:7843 -> local:7842
2026-06-11 19:05:45,426 WARNING SSH tunnel exited (code=255), restarting in 10s...
2026-06-11 19:05:55,430 INFO SSH tunnel started  pid=12676  VPS:7843 -> local:7842
2026-06-11 19:06:05,431 WARNING SSH tunnel exited (code=255), restarting in 10s...
2026-06-11 19:06:15,436 INFO SSH tunnel started  pid=13584  VPS:7843 -> local:7842
2026-06-11 19:06:25,437 WARNING SSH tunnel exited (code=255), restarting in 10s...
2026-06-11 19:06:35,442 INFO SSH tunnel started  pid=14216  VPS:7843 -> local:7842
2026-06-11 19:06:45,443 WARNING SSH tunnel exited (code=255), restarting in 10s...
2026-06-11 19:06:55,446 INFO SSH tunnel started  pid=4964  VPS:7843 -> local:7842
2026-06-11 19:07:05,447 WARNING SSH tunnel exited (code=255), restarting in 10s...
2026-06-11 19:07:15,451 INFO SSH tunnel started  pid=12624  VPS:7843 -> local:7842
2026-06-11 19:07:25,452 WARNING SSH tunnel exited (code=255), restarting in 10s...
2026-06-11 19:07:35,457 INFO SSH tunnel started  pid=10792  VPS:7843 -> local:7842
2026-06-11 19:07:45,459 WARNING SSH tunnel exited (code=255), restarting in 10s...
2026-06-11 19:07:55,462 INFO SSH tunnel started  pid=8340  VPS:7843 -> local:7842
2026-06-11 19:08:05,463 WARNING SSH tunnel exited (code=255), restarting in 10s...
2026-06-11 19:08:15,468 INFO SSH tunnel started  pid=10056  VPS:7843 -> local:7842
2026-06-11 19:08:25,469 WARNING SSH tunnel exited (code=255), restarting in 10s...
2026-06-11 19:08:35,474 INFO SSH tunnel started  pid=13448  VPS:7843 -> local:7842
2026-06-11 19:08:45,475 WARNING SSH tunnel exited (code=255), restarting in 10s...
2026-06-11 19:08:55,480 INFO SSH tunnel started  pid=11564  VPS:7843 -> local:7842
2026-06-11 19:09:05,481 WARNING SSH tunnel exited (code=255), restarting in 10s...
2026-06-11 19:09:15,484 INFO SSH tunnel started  pid=8580  VPS:7843 -> local:7842
2026-06-11 19:09:25,486 WARNING SSH tunnel exited (code=255), restarting in 10s...
2026-06-11 19:09:35,492 INFO SSH tunnel started  pid=7524  VPS:7843 -> local:7842
2026-06-11 19:09:45,493 WARNING SSH tunnel exited (code=255), restarting in 10s...
2026-06-11 19:09:55,497 INFO SSH tunnel started  pid=12972  VPS:7843 -> local:7842
2026-06-11 19:10:05,499 WARNING SSH tunnel exited (code=255), restarting in 10s...
2026-06-11 19:10:15,503 INFO SSH tunnel started  pid=9812  VPS:7843 -> local:7842
2026-06-11 19:10:25,504 WARNING SSH tunnel exited (code=255), restarting in 10s...
2026-06-11 19:10:35,508 INFO SSH tunnel started  pid=14752  VPS:7843 -> local:7842
2026-06-11 19:10:45,509 WARNING SSH tunnel exited (code=255), restarting in 10s...
2026-06-11 19:10:55,514 INFO SSH tunnel started  pid=7504  VPS:7843 -> local:7842
2026-06-11 19:11:05,517 WARNING SSH tunnel exited (code=255), restarting in 10s...
2026-06-11 19:11:15,522 INFO SSH tunnel started  pid=900  VPS:7843 -> local:7842
2026-06-11 19:11:25,523 WARNING SSH tunnel exited (code=255), restarting in 10s...
2026-06-11 19:11:35,527 INFO SSH tunnel started  pid=7276  VPS:7843 -> local:7842
2026-06-11 19:11:45,528 WARNING SSH tunnel exited (code=255), restarting in 10s...
2026-06-11 19:11:55,532 INFO SSH tunnel started  pid=13464  VPS:7843 -> local:7842
2026-06-11 19:12:05,533 WARNING SSH tunnel exited (code=255), restarting in 10s...
2026-06-11 19:12:15,538 INFO SSH tunnel started  pid=13448  VPS:7843 -> local:7842
2026-06-11 19:12:25,539 WARNING SSH tunnel exited (code=255), restarting in 10s...
2026-06-11 19:12:35,543 INFO SSH tunnel started  pid=3916  VPS:7843 -> local:7842
2026-06-11 19:12:45,545 WARNING SSH tunnel exited (code=255), restarting in 10s...
2026-06-11 19:12:55,550 INFO SSH tunnel started  pid=1284  VPS:7843 -> local:7842
2026-06-11 19:13:05,551 WARNING SSH tunnel exited (code=255), restarting in 10s...
2026-06-11 19:13:15,553 INFO SSH tunnel started  pid=5068  VPS:7843 -> local:7842
2026-06-11 19:13:25,554 WARNING SSH tunnel exited (code=255), restarting in 10s...
2026-06-11 19:13:35,559 INFO SSH tunnel started  pid=8508  VPS:7843 -> local:7842
2026-06-11 19:13:45,560 WARNING SSH tunnel exited (code=255), restarting in 10s...
2026-06-11 19:13:55,563 INFO SSH tunnel started  pid=13572  VPS:7843 -> local:7842
2026-06-11 19:14:05,564 WARNING SSH tunnel exited (code=255), restarting in 10s...
2026-06-11 19:14:15,568 INFO SSH tunnel started  pid=11332  VPS:7843 -> local:7842
2026-06-11 19:14:25,569 WARNING SSH tunnel exited (code=255), restarting in 10s...
2026-06-11 19:14:35,573 INFO SSH tunnel started  pid=5556  VPS:7843 -> local:7842
2026-06-11 19:14:45,574 WARNING SSH tunnel exited (code=255), restarting in 10s...
2026-06-11 19:14:55,578 INFO SSH tunnel started  pid=8352  VPS:7843 -> local:7842
2026-06-11 19:15:05,579 WARNING SSH tunnel exited (code=255), restarting in 10s...
2026-06-11 19:15:15,584 INFO SSH tunnel started  pid=8732  VPS:7843 -> local:7842
2026-06-11 19:15:25,585 WARNING SSH tunnel exited (code=255), restarting in 10s...
2026-06-11 19:15:35,589 INFO SSH tunnel started  pid=13288  VPS:7843 -> local:7842
2026-06-11 19:15:45,590 WARNING SSH tunnel exited (code=255), restarting in 10s...
2026-06-11 19:15:55,597 INFO SSH tunnel started  pid=4416  VPS:7843 -> local:7842
2026-06-11 19:16:05,598 WARNING SSH tunnel exited (code=255), restarting in 10s...
2026-06-11 19:16:15,602 INFO SSH tunnel started  pid=12608  VPS:7843 -> local:7842
2026-06-11 19:16:25,603 WARNING SSH tunnel exited (code=255), restarting in 10s...
2026-06-11 19:16:35,609 INFO SSH tunnel started  pid=8408  VPS:7843 -> local:7842
2026-06-11 19:16:45,610 WARNING SSH tunnel exited (code=255), restarting in 10s...
2026-06-11 19:16:55,614 INFO SSH tunnel started  pid=10264  VPS:7843 -> local:7842
2026-06-11 19:17:05,616 WARNING SSH tunnel exited (code=255), restarting in 10s...
2026-06-11 19:17:15,620 INFO SSH tunnel started  pid=6660  VPS:7843 -> local:7842
2026-06-11 19:17:25,621 WARNING SSH tunnel exited (code=255), restarting in 10s...
2026-06-11 19:17:35,626 INFO SSH tunnel started  pid=10588  VPS:7843 -> local:7842
2026-06-11 19:17:45,627 WARNING SSH tunnel exited (code=255), restarting in 10s...
2026-06-11 19:17:55,632 INFO SSH tunnel started  pid=7352  VPS:7843 -> local:7842
2026-06-11 19:18:05,633 WARNING SSH tunnel exited (code=255), restarting in 10s...
2026-06-11 19:18:15,635 INFO SSH tunnel started  pid=8100  VPS:7843 -> local:7842
2026-06-11 19:18:25,636 WARNING SSH tunnel exited (code=255), restarting in 10s...
2026-06-11 19:18:35,641 INFO SSH tunnel started  pid=8572  VPS:7843 -> local:7842
2026-06-11 19:18:45,642 WARNING SSH tunnel exited (code=255), restarting in 10s...
2026-06-11 19:18:55,647 INFO SSH tunnel started  pid=14916  VPS:7843 -> local:7842
2026-06-11 19:19:05,649 WARNING SSH tunnel exited (code=255), restarting in 10s...
2026-06-11 19:19:15,657 INFO SSH tunnel started  pid=14128  VPS:7843 -> local:7842
2026-06-11 19:19:25,658 WARNING SSH tunnel exited (code=255), restarting in 10s...
2026-06-11 19:19:35,662 INFO SSH tunnel started  pid=13040  VPS:7843 -> local:7842
2026-06-11 19:19:45,663 WARNING SSH tunnel exited (code=255), restarting in 10s...
2026-06-11 19:19:55,668 INFO SSH tunnel started  pid=3136  VPS:7843 -> local:7842
2026-06-11 19:20:05,668 WARNING SSH tunnel exited (code=255), restarting in 10s...
2026-06-11 19:20:15,676 INFO SSH tunnel started  pid=4404  VPS:7843 -> local:7842
2026-06-11 19:20:25,676 WARNING SSH tunnel exited (code=255), restarting in 10s...
2026-06-11 19:20:35,681 INFO SSH tunnel started  pid=8584  VPS:7843 -> local:7842
2026-06-11 19:20:45,683 WARNING SSH tunnel exited (code=255), restarting in 10s...
2026-06-11 19:20:55,688 INFO SSH tunnel started  pid=4000  VPS:7843 -> local:7842
2026-06-11 19:21:05,690 WARNING SSH tunnel exited (code=255), restarting in 10s...
2026-06-11 19:21:15,694 INFO SSH tunnel started  pid=12916  VPS:7843 -> local:7842
2026-06-11 19:21:25,694 WARNING SSH tunnel exited (code=255), restarting in 10s...
2026-06-11 19:21:35,698 INFO SSH tunnel started  pid=6156  VPS:7843 -> local:7842
2026-06-11 19:21:45,699 WARNING SSH tunnel exited (code=255), restarting in 10s...
2026-06-11 19:21:55,705 INFO SSH tunnel started  pid=6380  VPS:7843 -> local:7842
2026-06-11 19:22:05,708 WARNING SSH tunnel exited (code=255), restarting in 10s...
2026-06-11 19:22:15,713 INFO SSH tunnel started  pid=5504  VPS:7843 -> local:7842
2026-06-11 19:22:25,714 WARNING SSH tunnel exited (code=255), restarting in 10s...
2026-06-11 19:22:35,718 INFO SSH tunnel started  pid=14652  VPS:7843 -> local:7842
2026-06-11 19:22:45,720 WARNING SSH tunnel exited (code=255), restarting in 10s...
2026-06-11 19:22:55,732 INFO SSH tunnel started  pid=12960  VPS:7843 -> local:7842
2026-06-11 19:23:05,734 WARNING SSH tunnel exited (code=255), restarting in 10s...
2026-06-11 19:23:15,738 INFO SSH tunnel started  pid=4320  VPS:7843 -> local:7842
2026-06-11 19:23:25,739 WARNING SSH tunnel exited (code=255), restarting in 10s...
2026-06-11 19:23:35,744 INFO SSH tunnel started  pid=8600  VPS:7843 -> local:7842
2026-06-11 19:23:45,745 WARNING SSH tunnel exited (code=255), restarting in 10s...
2026-06-11 19:23:55,750 INFO SSH tunnel started  pid=10372  VPS:7843 -> local:7842
2026-06-11 19:24:05,751 WARNING SSH tunnel exited (code=255), restarting in 10s...
2026-06-11 19:24:15,755 INFO SSH tunnel started  pid=11312  VPS:7843 -> local:7842
2026-06-11 19:28:16,153 INFO ==================================================
2026-06-11 19:28:16,169 INFO SparkP2P Relay Keepalive starting
2026-06-11 19:28:16,169 INFO Relay port : 7842
2026-06-11 19:28:16,169 INFO VPS tunnel : root@157.245.175.55  remote port 7843
2026-06-11 19:28:16,169 INFO ==================================================
2026-06-11 19:28:16,184 INFO Relay started  pid=4720  port=7842
2026-06-11 19:28:20,529 INFO SSH tunnel started  pid=8512  VPS:7843 -> local:7842
2026-06-11 19:28:30,608 WARNING SSH tunnel exited (code=255), restarting in 10s...
2026-06-11 19:28:40,611 INFO SSH tunnel started  pid=11004  VPS:7843 -> local:7842
2026-06-11 19:28:50,658 WARNING SSH tunnel exited (code=255), restarting in 10s...
2026-06-11 19:29:01,453 INFO SSH tunnel started  pid=13092  VPS:7843 -> local:7842
2026-06-11 19:29:11,454 WARNING SSH tunnel exited (code=255), restarting in 10s...
2026-06-11 19:29:21,494 INFO SSH tunnel started  pid=7488  VPS:7843 -> local:7842
2026-06-11 19:29:31,496 WARNING SSH tunnel exited (code=255), restarting in 10s...
2026-06-11 19:29:41,498 INFO SSH tunnel started  pid=15092  VPS:7843 -> local:7842
2026-06-11 19:29:51,500 WARNING SSH tunnel exited (code=255), restarting in 10s...
2026-06-11 19:30:01,505 INFO SSH tunnel started  pid=3508  VPS:7843 -> local:7842
2026-06-11 19:30:11,506 WARNING SSH tunnel exited (code=255), restarting in 10s...
2026-06-11 19:30:21,511 INFO SSH tunnel started  pid=13576  VPS:7843 -> local:7842
2026-06-11 19:30:31,512 WARNING SSH tunnel exited (code=255), restarting in 10s...
2026-06-11 19:30:41,515 INFO SSH tunnel started  pid=13636  VPS:7843 -> local:7842
2026-06-11 19:30:51,516 WARNING SSH tunnel exited (code=255), restarting in 10s...
2026-06-11 19:31:01,521 INFO SSH tunnel started  pid=14476  VPS:7843 -> local:7842
2026-06-11 19:31:11,523 WARNING SSH tunnel exited (code=255), restarting in 10s...
2026-06-11 19:31:21,526 INFO SSH tunnel started  pid=3028  VPS:7843 -> local:7842
2026-06-11 19:31:31,527 WARNING SSH tunnel exited (code=255), restarting in 10s...
2026-06-11 19:31:41,530 INFO SSH tunnel started  pid=3592  VPS:7843 -> local:7842
2026-06-11 19:31:51,531 WARNING SSH tunnel exited (code=255), restarting in 10s...
2026-06-11 19:32:01,537 INFO SSH tunnel started  pid=9412  VPS:7843 -> local:7842
2026-06-11 19:32:11,538 WARNING SSH tunnel exited (code=255), restarting in 10s...
2026-06-11 19:32:21,542 INFO SSH tunnel started  pid=4240  VPS:7843 -> local:7842
2026-06-11 19:32:31,543 WARNING SSH tunnel exited (code=255), restarting in 10s...
2026-06-11 19:32:41,546 INFO SSH tunnel started  pid=3628  VPS:7843 -> local:7842
2026-06-11 19:32:51,547 WARNING SSH tunnel exited (code=255), restarting in 10s...
2026-06-11 19:33:01,550 INFO SSH tunnel started  pid=6724  VPS:7843 -> local:7842
2026-06-11 19:33:11,552 WARNING SSH tunnel exited (code=255), restarting in 10s...
2026-06-11 19:33:21,558 INFO SSH tunnel started  pid=12084  VPS:7843 -> local:7842
2026-06-11 19:33:31,558 WARNING SSH tunnel exited (code=255), restarting in 10s...
2026-06-11 19:33:41,562 INFO SSH tunnel started  pid=2016  VPS:7843 -> local:7842
2026-06-11 19:33:51,563 WARNING SSH tunnel exited (code=255), restarting in 10s...
2026-06-11 19:34:01,571 INFO SSH tunnel started  pid=1788  VPS:7843 -> local:7842
2026-06-11 19:34:11,572 WARNING SSH tunnel exited (code=255), restarting in 10s...
2026-06-11 19:34:21,574 INFO SSH tunnel started  pid=4824  VPS:7843 -> local:7842
2026-06-11 19:34:31,575 WARNING SSH tunnel exited (code=255), restarting in 10s...
2026-06-11 19:34:41,579 INFO SSH tunnel started  pid=2764  VPS:7843 -> local:7842
2026-06-11 19:34:51,581 WARNING SSH tunnel exited (code=255), restarting in 10s...
2026-06-11 19:35:01,584 INFO SSH tunnel started  pid=14340  VPS:7843 -> local:7842
2026-06-11 19:35:11,585 WARNING SSH tunnel exited (code=255), restarting in 10s...
2026-06-11 19:35:21,589 INFO SSH tunnel started  pid=15216  VPS:7843 -> local:7842
2026-06-11 19:35:31,591 WARNING SSH tunnel exited (code=255), restarting in 10s...
2026-06-11 19:35:41,593 INFO SSH tunnel started  pid=13508  VPS:7843 -> local:7842
2026-06-11 19:35:51,594 WARNING SSH tunnel exited (code=255), restarting in 10s...
2026-06-11 19:36:01,603 INFO SSH tunnel started  pid=4204  VPS:7843 -> local:7842
2026-06-11 19:36:11,604 WARNING SSH tunnel exited (code=255), restarting in 10s...
2026-06-11 19:36:21,609 INFO SSH tunnel started  pid=6416  VPS:7843 -> local:7842
2026-06-11 19:36:31,610 WARNING SSH tunnel exited (code=255), restarting in 10s...
2026-06-11 19:36:41,615 INFO SSH tunnel started  pid=2732  VPS:7843 -> local:7842
2026-06-11 19:36:51,616 WARNING SSH tunnel exited (code=255), restarting in 10s...
2026-06-11 19:37:01,621 INFO SSH tunnel started  pid=7200  VPS:7843 -> local:7842
2026-06-11 19:37:11,622 WARNING SSH tunnel exited (code=255), restarting in 10s...
2026-06-11 19:37:21,625 INFO SSH tunnel started  pid=13280  VPS:7843 -> local:7842
2026-06-11 19:37:31,626 WARNING SSH tunnel exited (code=255), restarting in 10s...
2026-06-11 19:37:41,631 INFO SSH tunnel started  pid=3028  VPS:7843 -> local:7842
2026-06-11 19:37:51,632 WARNING SSH tunnel exited (code=255), restarting in 10s...
2026-06-11 19:38:01,636 INFO SSH tunnel started  pid=11516  VPS:7843 -> local:7842
2026-06-11 19:38:11,637 WARNING SSH tunnel exited (code=255), restarting in 10s...
2026-06-11 19:38:21,642 INFO SSH tunnel started  pid=4824  VPS:7843 -> local:7842
2026-06-11 19:38:31,643 WARNING SSH tunnel exited (code=255), restarting in 10s...
2026-06-11 19:38:41,648 INFO SSH tunnel started  pid=6444  VPS:7843 -> local:7842
2026-06-11 19:38:51,649 WARNING SSH tunnel exited (code=255), restarting in 10s...
2026-06-11 19:39:01,653 INFO SSH tunnel started  pid=11620  VPS:7843 -> local:7842
2026-06-11 19:39:11,653 WARNING SSH tunnel exited (code=255), restarting in 10s...
2026-06-11 19:39:21,657 INFO SSH tunnel started  pid=6388  VPS:7843 -> local:7842
2026-06-11 19:39:41,659 WARNING SSH tunnel exited (code=255), restarting in 10s...
2026-06-11 19:39:51,662 INFO SSH tunnel started  pid=12976  VPS:7843 -> local:7842
2026-06-11 19:40:11,664 WARNING SSH tunnel exited (code=255), restarting in 10s...
2026-06-11 19:40:21,668 INFO SSH tunnel started  pid=13824  VPS:7843 -> local:7842
2026-06-11 19:40:31,669 WARNING SSH tunnel exited (code=255), restarting in 10s...
2026-06-11 19:40:41,674 INFO SSH tunnel started  pid=14216  VPS:7843 -> local:7842
2026-06-11 19:40:51,676 WARNING SSH tunnel exited (code=255), restarting in 10s...
2026-06-11 19:41:01,680 INFO SSH tunnel started  pid=6336  VPS:7843 -> local:7842
2026-06-11 19:41:11,682 WARNING SSH tunnel exited (code=255), restarting in 10s...
2026-06-11 19:41:21,687 INFO SSH tunnel started  pid=14480  VPS:7843 -> local:7842
2026-06-11 19:41:31,688 WARNING SSH tunnel exited (code=255), restarting in 10s...
2026-06-11 19:41:41,693 INFO SSH tunnel started  pid=12516  VPS:7843 -> local:7842
2026-06-11 19:41:51,695 WARNING SSH tunnel exited (code=255), restarting in 10s...
2026-06-11 19:42:01,700 INFO SSH tunnel started  pid=15168  VPS:7843 -> local:7842
2026-06-11 19:42:11,701 WARNING SSH tunnel exited (code=255), restarting in 10s...
2026-06-11 19:42:21,704 INFO SSH tunnel started  pid=6092  VPS:7843 -> local:7842
2026-06-11 19:42:31,705 WARNING SSH tunnel exited (code=255), restarting in 10s...
2026-06-11 19:42:41,709 INFO SSH tunnel started  pid=1604  VPS:7843 -> local:7842
2026-06-11 19:42:51,711 WARNING SSH tunnel exited (code=255), restarting in 10s...
2026-06-11 19:43:01,715 INFO SSH tunnel started  pid=5076  VPS:7843 -> local:7842
2026-06-11 19:43:11,716 WARNING SSH tunnel exited (code=255), restarting in 10s...
2026-06-11 19:43:21,723 INFO SSH tunnel started  pid=4044  VPS:7843 -> local:7842
2026-06-11 19:43:31,724 WARNING SSH tunnel exited (code=255), restarting in 10s...
2026-06-11 19:43:41,727 INFO SSH tunnel started  pid=8136  VPS:7843 -> local:7842
2026-06-11 19:43:51,728 WARNING SSH tunnel exited (code=255), restarting in 10s...
2026-06-11 19:44:01,731 INFO SSH tunnel started  pid=15248  VPS:7843 -> local:7842
2026-06-11 19:44:11,732 WARNING SSH tunnel exited (code=255), restarting in 10s...
2026-06-11 19:44:21,739 INFO SSH tunnel started  pid=11624  VPS:7843 -> local:7842
2026-06-11 19:44:31,740 WARNING SSH tunnel exited (code=255), restarting in 10s...
2026-06-11 19:44:41,745 INFO SSH tunnel started  pid=10984  VPS:7843 -> local:7842
2026-06-11 19:44:51,746 WARNING SSH tunnel exited (code=255), restarting in 10s...
2026-06-11 19:45:01,751 INFO SSH tunnel started  pid=6428  VPS:7843 -> local:7842
2026-06-11 19:45:11,752 WARNING SSH tunnel exited (code=255), restarting in 10s...
2026-06-11 19:45:21,756 INFO SSH tunnel started  pid=7768  VPS:7843 -> local:7842
2026-06-11 19:46:01,759 WARNING SSH tunnel exited (code=255), restarting in 10s...
2026-06-11 19:46:11,764 INFO SSH tunnel started  pid=9056  VPS:7843 -> local:7842
2026-06-11 19:46:31,768 WARNING SSH tunnel exited (code=255), restarting in 10s...
2026-06-11 19:46:41,772 INFO SSH tunnel started  pid=2628  VPS:7843 -> local:7842
2026-06-11 19:46:51,773 WARNING SSH tunnel exited (code=255), restarting in 10s...
2026-06-11 19:47:01,776 INFO SSH tunnel started  pid=6724  VPS:7843 -> local:7842
2026-06-11 19:47:11,777 WARNING SSH tunnel exited (code=255), restarting in 10s...
2026-06-11 19:47:21,786 INFO SSH tunnel started  pid=13716  VPS:7843 -> local:7842
2026-06-11 19:47:31,788 WARNING SSH tunnel exited (code=255), restarting in 10s...
2026-06-11 19:47:41,792 INFO SSH tunnel started  pid=6464  VPS:7843 -> local:7842
2026-06-11 19:47:51,792 WARNING SSH tunnel exited (code=255), restarting in 10s...
2026-06-11 19:48:01,798 INFO SSH tunnel started  pid=4100  VPS:7843 -> local:7842
2026-06-11 19:48:11,800 WARNING SSH tunnel exited (code=255), restarting in 10s...
2026-06-11 19:48:21,803 INFO SSH tunnel started  pid=14604  VPS:7843 -> local:7842
2026-06-11 19:48:31,804 WARNING SSH tunnel exited (code=255), restarting in 10s...
2026-06-11 19:48:41,809 INFO SSH tunnel started  pid=3660  VPS:7843 -> local:7842
2026-06-11 19:48:51,810 WARNING SSH tunnel exited (code=255), restarting in 10s...
2026-06-11 19:49:01,813 INFO SSH tunnel started  pid=5144  VPS:7843 -> local:7842
2026-06-11 19:49:11,814 WARNING SSH tunnel exited (code=255), restarting in 10s...
2026-06-11 19:49:21,818 INFO SSH tunnel started  pid=8316  VPS:7843 -> local:7842
2026-06-11 19:49:31,820 WARNING SSH tunnel exited (code=255), restarting in 10s...
2026-06-11 19:49:41,824 INFO SSH tunnel started  pid=1696  VPS:7843 -> local:7842
2026-06-11 19:49:51,826 WARNING SSH tunnel exited (code=255), restarting in 10s...
2026-06-11 19:50:01,832 INFO SSH tunnel started  pid=13692  VPS:7843 -> local:7842
2026-06-11 19:50:11,834 WARNING SSH tunnel exited (code=255), restarting in 10s...
2026-06-11 19:50:21,838 INFO SSH tunnel started  pid=13420  VPS:7843 -> local:7842
2026-06-11 19:50:31,840 WARNING SSH tunnel exited (code=255), restarting in 10s...
2026-06-11 19:50:41,846 INFO SSH tunnel started  pid=4744  VPS:7843 -> local:7842
2026-06-11 19:50:51,847 WARNING SSH tunnel exited (code=255), restarting in 10s...
2026-06-11 19:51:01,852 INFO SSH tunnel started  pid=14332  VPS:7843 -> local:7842
2026-06-11 19:51:11,852 WARNING SSH tunnel exited (code=255), restarting in 10s...
2026-06-11 19:51:21,857 INFO SSH tunnel started  pid=8176  VPS:7843 -> local:7842
2026-06-11 19:51:31,865 WARNING SSH tunnel exited (code=255), restarting in 10s...
2026-06-11 19:51:41,870 INFO SSH tunnel started  pid=6676  VPS:7843 -> local:7842
2026-06-11 19:51:51,879 WARNING SSH tunnel exited (code=255), restarting in 10s...
2026-06-11 19:52:01,890 INFO SSH tunnel started  pid=6404  VPS:7843 -> local:7842
2026-06-11 19:52:11,891 WARNING SSH tunnel exited (code=255), restarting in 10s...
2026-06-11 19:52:21,896 INFO SSH tunnel started  pid=5572  VPS:7843 -> local:7842
2026-06-11 19:52:31,897 WARNING SSH tunnel exited (code=255), restarting in 10s...
2026-06-11 19:52:41,900 INFO SSH tunnel started  pid=4488  VPS:7843 -> local:7842
2026-06-11 19:53:01,900 WARNING SSH tunnel exited (code=255), restarting in 10s...
2026-06-11 19:53:11,905 INFO SSH tunnel started  pid=6724  VPS:7843 -> local:7842
2026-06-11 19:53:21,906 WARNING SSH tunnel exited (code=255), restarting in 10s...
2026-06-11 19:53:31,910 INFO SSH tunnel started  pid=6760  VPS:7843 -> local:7842
2026-06-11 19:53:41,911 WARNING SSH tunnel exited (code=255), restarting in 10s...
2026-06-11 19:53:51,915 INFO SSH tunnel started  pid=14096  VPS:7843 -> local:7842
2026-06-11 19:54:01,916 WARNING SSH tunnel exited (code=255), restarting in 10s...
2026-06-11 19:54:11,920 INFO SSH tunnel started  pid=3792  VPS:7843 -> local:7842
2026-06-11 19:54:21,930 WARNING SSH tunnel exited (code=255), restarting in 10s...
2026-06-11 19:54:31,935 INFO SSH tunnel started  pid=7484  VPS:7843 -> local:7842
2026-06-11 19:54:41,935 WARNING SSH tunnel exited (code=255), restarting in 10s...
2026-06-11 19:54:51,941 INFO SSH tunnel started  pid=2416  VPS:7843 -> local:7842
2026-06-11 19:55:01,942 WARNING SSH tunnel exited (code=255), restarting in 10s...
2026-06-11 19:55:11,945 INFO SSH tunnel started  pid=7744  VPS:7843 -> local:7842
2026-06-11 19:55:21,946 WARNING SSH tunnel exited (code=255), restarting in 10s...
2026-06-11 19:55:31,950 INFO SSH tunnel started  pid=7912  VPS:7843 -> local:7842
2026-06-11 19:55:41,951 WARNING SSH tunnel exited (code=255), restarting in 10s...
2026-06-11 19:55:51,979 INFO SSH tunnel started  pid=3800  VPS:7843 -> local:7842
2026-06-11 19:56:01,980 WARNING SSH tunnel exited (code=255), restarting in 10s...
2026-06-11 19:56:11,985 INFO SSH tunnel started  pid=7804  VPS:7843 -> local:7842
2026-06-11 19:56:21,985 WARNING SSH tunnel exited (code=255), restarting in 10s...
2026-06-11 19:56:31,990 INFO SSH tunnel started  pid=14480  VPS:7843 -> local:7842
2026-06-11 19:56:41,991 WARNING SSH tunnel exited (code=255), restarting in 10s...
2026-06-11 19:56:51,994 INFO SSH tunnel started  pid=5132  VPS:7843 -> local:7842
2026-06-11 19:57:01,996 WARNING SSH tunnel exited (code=255), restarting in 10s...
2026-06-11 19:57:12,005 INFO SSH tunnel started  pid=6992  VPS:7843 -> local:7842
2026-06-11 19:57:22,006 WARNING SSH tunnel exited (code=255), restarting in 10s...
2026-06-11 19:57:32,012 INFO SSH tunnel started  pid=4292  VPS:7843 -> local:7842
2026-06-11 19:57:42,013 WARNING SSH tunnel exited (code=255), restarting in 10s...
2026-06-11 19:57:52,019 INFO SSH tunnel started  pid=4500  VPS:7843 -> local:7842
2026-06-11 19:58:02,019 WARNING SSH tunnel exited (code=255), restarting in 10s...
2026-06-11 19:58:12,023 INFO SSH tunnel started  pid=10960  VPS:7843 -> local:7842
2026-06-11 19:58:22,026 WARNING SSH tunnel exited (code=255), restarting in 10s...
2026-06-11 19:58:32,030 INFO SSH tunnel started  pid=5140  VPS:7843 -> local:7842
2026-06-11 19:58:42,031 WARNING SSH tunnel exited (code=255), restarting in 10s...
2026-06-11 19:58:52,035 INFO SSH tunnel started  pid=15228  VPS:7843 -> local:7842
2026-06-11 19:59:02,037 WARNING SSH tunnel exited (code=255), restarting in 10s...
2026-06-11 19:59:12,041 INFO SSH tunnel started  pid=12224  VPS:7843 -> local:7842
2026-06-11 19:59:22,042 WARNING SSH tunnel exited (code=255), restarting in 10s...
2026-06-11 19:59:32,054 INFO SSH tunnel started  pid=10964  VPS:7843 -> local:7842
2026-06-11 19:59:42,056 WARNING SSH tunnel exited (code=255), restarting in 10s...
2026-06-11 19:59:52,060 INFO SSH tunnel started  pid=15328  VPS:7843 -> local:7842
2026-06-11 20:00:02,061 WARNING SSH tunnel exited (code=255), restarting in 10s...
2026-06-11 20:00:12,068 INFO SSH tunnel started  pid=12552  VPS:7843 -> local:7842
2026-06-11 20:00:22,070 WARNING SSH tunnel exited (code=255), restarting in 10s...
2026-06-11 20:00:32,075 INFO SSH tunnel started  pid=6956  VPS:7843 -> local:7842
2026-06-11 20:00:42,076 WARNING SSH tunnel exited (code=255), restarting in 10s...
2026-06-11 20:00:52,087 INFO SSH tunnel started  pid=14580  VPS:7843 -> local:7842
2026-06-11 20:01:02,088 WARNING SSH tunnel exited (code=255), restarting in 10s...
2026-06-11 20:01:12,092 INFO SSH tunnel started  pid=12404  VPS:7843 -> local:7842
2026-06-11 20:01:22,093 WARNING SSH tunnel exited (code=255), restarting in 10s...
2026-06-11 20:01:32,105 INFO SSH tunnel started  pid=13060  VPS:7843 -> local:7842
2026-06-11 20:01:42,107 WARNING SSH tunnel exited (code=255), restarting in 10s...
2026-06-11 20:01:52,112 INFO SSH tunnel started  pid=112  VPS:7843 -> local:7842
2026-06-11 20:02:12,114 WARNING SSH tunnel exited (code=255), restarting in 10s...
2026-06-11 20:02:22,118 INFO SSH tunnel started  pid=7968  VPS:7843 -> local:7842
2026-06-11 20:02:32,119 WARNING SSH tunnel exited (code=255), restarting in 10s...
2026-06-11 20:02:42,121 INFO SSH tunnel started  pid=13208  VPS:7843 -> local:7842
2026-06-11 20:02:52,123 WARNING SSH tunnel exited (code=255), restarting in 10s...
2026-06-11 20:03:02,130 INFO SSH tunnel started  pid=7428  VPS:7843 -> local:7842
2026-06-11 20:03:12,132 WARNING SSH tunnel exited (code=255), restarting in 10s...
2026-06-11 20:03:22,136 INFO SSH tunnel started  pid=8768  VPS:7843 -> local:7842
2026-06-11 20:03:32,137 WARNING SSH tunnel exited (code=255), restarting in 10s...
2026-06-11 20:03:42,142 INFO SSH tunnel started  pid=13188  VPS:7843 -> local:7842
2026-06-11 20:03:52,143 WARNING SSH tunnel exited (code=255), restarting in 10s...
2026-06-11 20:04:02,148 INFO SSH tunnel started  pid=7056  VPS:7843 -> local:7842
2026-06-11 20:04:12,149 WARNING SSH tunnel exited (code=255), restarting in 10s...
2026-06-11 20:04:22,153 INFO SSH tunnel started  pid=1640  VPS:7843 -> local:7842
2026-06-11 20:04:32,155 WARNING SSH tunnel exited (code=255), restarting in 10s...
2026-06-11 20:04:42,159 INFO SSH tunnel started  pid=6892  VPS:7843 -> local:7842
2026-06-11 20:04:52,160 WARNING SSH tunnel exited (code=255), restarting in 10s...
2026-06-11 20:05:02,164 INFO SSH tunnel started  pid=3332  VPS:7843 -> local:7842
2026-06-11 20:05:12,165 WARNING SSH tunnel exited (code=255), restarting in 10s...
2026-06-11 20:05:22,170 INFO SSH tunnel started  pid=11724  VPS:7843 -> local:7842
2026-06-11 20:05:32,171 WARNING SSH tunnel exited (code=255), restarting in 10s...
2026-06-11 20:05:42,175 INFO SSH tunnel started  pid=12368  VPS:7843 -> local:7842
2026-06-11 20:05:52,176 WARNING SSH tunnel exited (code=255), restarting in 10s...
2026-06-11 20:06:02,181 INFO SSH tunnel started  pid=9984  VPS:7843 -> local:7842
2026-06-11 20:06:12,182 WARNING SSH tunnel exited (code=255), restarting in 10s...
2026-06-11 20:06:22,187 INFO SSH tunnel started  pid=9576  VPS:7843 -> local:7842
2026-06-11 20:06:32,188 WARNING SSH tunnel exited (code=255), restarting in 10s...
2026-06-11 20:06:42,193 INFO SSH tunnel started  pid=14556  VPS:7843 -> local:7842
2026-06-11 20:06:52,194 WARNING SSH tunnel exited (code=255), restarting in 10s...
2026-06-11 20:07:02,199 INFO SSH tunnel started  pid=3684  VPS:7843 -> local:7842
2026-06-11 20:07:12,200 WARNING SSH tunnel exited (code=255), restarting in 10s...
2026-06-11 20:07:22,208 INFO SSH tunnel started  pid=11532  VPS:7843 -> local:7842
2026-06-11 20:07:32,209 WARNING SSH tunnel exited (code=255), restarting in 10s...
2026-06-11 20:07:42,214 INFO SSH tunnel started  pid=7888  VPS:7843 -> local:7842
2026-06-11 20:07:52,214 WARNING SSH tunnel exited (code=255), restarting in 10s...
2026-06-11 20:08:02,219 INFO SSH tunnel started  pid=6968  VPS:7843 -> local:7842
2026-06-11 20:08:12,220 WARNING SSH tunnel exited (code=255), restarting in 10s...
2026-06-11 20:08:22,223 INFO SSH tunnel started  pid=7436  VPS:7843 -> local:7842
2026-06-11 20:08:32,224 WARNING SSH tunnel exited (code=255), restarting in 10s...
2026-06-11 20:08:42,228 INFO SSH tunnel started  pid=6560  VPS:7843 -> local:7842
2026-06-11 20:08:52,230 WARNING SSH tunnel exited (code=255), restarting in 10s...
2026-06-11 20:09:02,246 INFO SSH tunnel started  pid=5908  VPS:7843 -> local:7842
2026-06-11 20:09:12,247 WARNING SSH tunnel exited (code=255), restarting in 10s...
2026-06-11 20:09:22,252 INFO SSH tunnel started  pid=13544  VPS:7843 -> local:7842
2026-06-11 20:09:32,253 WARNING SSH tunnel exited (code=255), restarting in 10s...
2026-06-11 20:09:42,258 INFO SSH tunnel started  pid=1272  VPS:7843 -> local:7842
2026-06-11 20:09:52,258 WARNING SSH tunnel exited (code=255), restarting in 10s...
2026-06-11 20:10:02,260 INFO SSH tunnel started  pid=12720  VPS:7843 -> local:7842
2026-06-11 20:10:12,262 WARNING SSH tunnel exited (code=255), restarting in 10s...
2026-06-11 20:10:22,266 INFO SSH tunnel started  pid=15036  VPS:7843 -> local:7842
2026-06-11 20:10:32,267 WARNING SSH tunnel exited (code=255), restarting in 10s...
2026-06-11 20:10:42,271 INFO SSH tunnel started  pid=1404  VPS:7843 -> local:7842
2026-06-11 20:10:52,272 WARNING SSH tunnel exited (code=255), restarting in 10s...
2026-06-11 20:11:02,275 INFO SSH tunnel started  pid=11204  VPS:7843 -> local:7842
2026-06-11 20:11:12,276 WARNING SSH tunnel exited (code=255), restarting in 10s...
2026-06-11 20:11:22,280 INFO SSH tunnel started  pid=9708  VPS:7843 -> local:7842
2026-06-11 20:11:32,281 WARNING SSH tunnel exited (code=255), restarting in 10s...
2026-06-11 20:11:42,285 INFO SSH tunnel started  pid=7556  VPS:7843 -> local:7842
2026-06-11 20:11:52,286 WARNING SSH tunnel exited (code=255), restarting in 10s...
2026-06-11 20:12:02,290 INFO SSH tunnel started  pid=5824  VPS:7843 -> local:7842
2026-06-11 20:12:12,291 WARNING SSH tunnel exited (code=255), restarting in 10s...
2026-06-11 20:12:22,295 INFO SSH tunnel started  pid=11616  VPS:7843 -> local:7842
2026-06-11 20:12:32,297 WARNING SSH tunnel exited (code=255), restarting in 10s...
2026-06-11 20:12:42,301 INFO SSH tunnel started  pid=11764  VPS:7843 -> local:7842
2026-06-11 20:12:52,302 WARNING SSH tunnel exited (code=255), restarting in 10s...
2026-06-11 20:13:02,306 INFO SSH tunnel started  pid=13160  VPS:7843 -> local:7842
2026-06-11 20:13:12,307 WARNING SSH tunnel exited (code=255), restarting in 10s...
2026-06-11 20:13:22,311 INFO SSH tunnel started  pid=14572  VPS:7843 -> local:7842
2026-06-11 20:13:32,312 WARNING SSH tunnel exited (code=255), restarting in 10s...
2026-06-11 20:13:42,317 INFO SSH tunnel started  pid=14204  VPS:7843 -> local:7842
2026-06-11 20:13:52,317 WARNING SSH tunnel exited (code=255), restarting in 10s...
2026-06-11 20:14:02,322 INFO SSH tunnel started  pid=5820  VPS:7843 -> local:7842
2026-06-11 20:14:12,322 WARNING SSH tunnel exited (code=255), restarting in 10s...
2026-06-11 20:14:22,327 INFO SSH tunnel started  pid=9468  VPS:7843 -> local:7842
2026-06-11 20:14:32,328 WARNING SSH tunnel exited (code=255), restarting in 10s...
2026-06-11 20:14:42,332 INFO SSH tunnel started  pid=7256  VPS:7843 -> local:7842
2026-06-11 20:14:52,333 WARNING SSH tunnel exited (code=255), restarting in 10s...
2026-06-11 20:15:02,337 INFO SSH tunnel started  pid=12088  VPS:7843 -> local:7842
2026-06-11 20:15:12,338 WARNING SSH tunnel exited (code=255), restarting in 10s...
2026-06-11 20:15:22,342 INFO SSH tunnel started  pid=3544  VPS:7843 -> local:7842
2026-06-11 20:15:32,343 WARNING SSH tunnel exited (code=255), restarting in 10s...
2026-06-11 20:15:42,348 INFO SSH tunnel started  pid=3944  VPS:7843 -> local:7842
2026-06-11 20:15:52,349 WARNING SSH tunnel exited (code=255), restarting in 10s...
2026-06-11 20:16:02,353 INFO SSH tunnel started  pid=3900  VPS:7843 -> local:7842
2026-06-11 20:16:12,354 WARNING SSH tunnel exited (code=255), restarting in 10s...
2026-06-11 20:16:22,358 INFO SSH tunnel started  pid=15044  VPS:7843 -> local:7842
2026-06-11 20:16:32,360 WARNING SSH tunnel exited (code=255), restarting in 10s...
2026-06-11 20:16:42,364 INFO SSH tunnel started  pid=10172  VPS:7843 -> local:7842
2026-06-11 20:16:52,365 WARNING SSH tunnel exited (code=255), restarting in 10s...
2026-06-11 20:17:02,369 INFO SSH tunnel started  pid=14068  VPS:7843 -> local:7842
2026-06-11 20:17:12,370 WARNING SSH tunnel exited (code=255), restarting in 10s...
2026-06-11 20:17:22,374 INFO SSH tunnel started  pid=7376  VPS:7843 -> local:7842
2026-06-11 20:17:32,375 WARNING SSH tunnel exited (code=255), restarting in 10s...
2026-06-11 20:17:42,379 INFO SSH tunnel started  pid=12660  VPS:7843 -> local:7842
2026-06-11 20:17:52,380 WARNING SSH tunnel exited (code=255), restarting in 10s...
2026-06-11 20:18:02,385 INFO SSH tunnel started  pid=6316  VPS:7843 -> local:7842
2026-06-11 20:18:12,385 WARNING SSH tunnel exited (code=255), restarting in 10s...
2026-06-11 20:18:22,390 INFO SSH tunnel started  pid=7016  VPS:7843 -> local:7842
2026-06-11 20:18:32,391 WARNING SSH tunnel exited (code=255), restarting in 10s...
2026-06-11 20:18:42,395 INFO SSH tunnel started  pid=11152  VPS:7843 -> local:7842
2026-06-11 20:18:52,396 WARNING SSH tunnel exited (code=255), restarting in 10s...
2026-06-11 20:19:02,401 INFO SSH tunnel started  pid=14284  VPS:7843 -> local:7842
2026-06-11 20:19:12,402 WARNING SSH tunnel exited (code=255), restarting in 10s...
2026-06-11 20:19:22,406 INFO SSH tunnel started  pid=1388  VPS:7843 -> local:7842
2026-06-11 20:19:32,407 WARNING SSH tunnel exited (code=255), restarting in 10s...
2026-06-11 20:19:42,411 INFO SSH tunnel started  pid=4180  VPS:7843 -> local:7842
2026-06-11 20:19:52,412 WARNING SSH tunnel exited (code=255), restarting in 10s...
2026-06-11 20:20:02,416 INFO SSH tunnel started  pid=7112  VPS:7843 -> local:7842
2026-06-11 20:20:12,417 WARNING SSH tunnel exited (code=255), restarting in 10s...
2026-06-11 20:20:22,422 INFO SSH tunnel started  pid=9588  VPS:7843 -> local:7842
2026-06-11 20:20:32,422 WARNING SSH tunnel exited (code=255), restarting in 10s...
2026-06-11 20:20:42,427 INFO SSH tunnel started  pid=14608  VPS:7843 -> local:7842
2026-06-11 20:20:52,427 WARNING SSH tunnel exited (code=255), restarting in 10s...
2026-06-11 20:21:02,432 INFO SSH tunnel started  pid=2620  VPS:7843 -> local:7842
2026-06-11 20:21:12,433 WARNING SSH tunnel exited (code=255), restarting in 10s...
2026-06-11 20:21:22,437 INFO SSH tunnel started  pid=3928  VPS:7843 -> local:7842
2026-06-11 20:21:32,438 WARNING SSH tunnel exited (code=255), restarting in 10s...
2026-06-11 20:21:42,442 INFO SSH tunnel started  pid=5780  VPS:7843 -> local:7842
2026-06-11 20:21:52,443 WARNING SSH tunnel exited (code=255), restarting in 10s...
2026-06-11 20:22:02,448 INFO SSH tunnel started  pid=14676  VPS:7843 -> local:7842
2026-06-11 20:22:12,448 WARNING SSH tunnel exited (code=255), restarting in 10s...
2026-06-11 20:22:22,452 INFO SSH tunnel started  pid=3380  VPS:7843 -> local:7842
2026-06-11 20:22:32,454 WARNING SSH tunnel exited (code=255), restarting in 10s...
2026-06-11 20:22:42,458 INFO SSH tunnel started  pid=6452  VPS:7843 -> local:7842
2026-06-11 20:22:52,459 WARNING SSH tunnel exited (code=255), restarting in 10s...
2026-06-11 20:23:02,462 INFO SSH tunnel started  pid=8108  VPS:7843 -> local:7842
2026-06-11 20:23:12,514 WARNING SSH tunnel exited (code=255), restarting in 10s...
2026-06-11 20:23:22,519 INFO SSH tunnel started  pid=8160  VPS:7843 -> local:7842
2026-06-11 20:23:32,519 WARNING SSH tunnel exited (code=255), restarting in 10s...
2026-06-11 20:23:42,524 INFO SSH tunnel started  pid=9236  VPS:7843 -> local:7842
2026-06-11 20:23:52,525 WARNING SSH tunnel exited (code=255), restarting in 10s...
2026-06-11 20:24:02,529 INFO SSH tunnel started  pid=13640  VPS:7843 -> local:7842
2026-06-11 20:24:12,530 WARNING SSH tunnel exited (code=255), restarting in 10s...
2026-06-11 20:24:22,534 INFO SSH tunnel started  pid=3196  VPS:7843 -> local:7842
2026-06-11 20:24:32,535 WARNING SSH tunnel exited (code=255), restarting in 10s...
2026-06-11 20:24:42,539 INFO SSH tunnel started  pid=10168  VPS:7843 -> local:7842
2026-06-11 20:24:52,540 WARNING SSH tunnel exited (code=255), restarting in 10s...
2026-06-11 20:25:02,546 INFO SSH tunnel started  pid=1364  VPS:7843 -> local:7842
2026-06-11 20:25:12,547 WARNING SSH tunnel exited (code=255), restarting in 10s...
2026-06-11 20:25:22,550 INFO SSH tunnel started  pid=1592  VPS:7843 -> local:7842
2026-06-11 20:25:32,551 WARNING SSH tunnel exited (code=255), restarting in 10s...
2026-06-11 20:25:42,554 INFO SSH tunnel started  pid=8840  VPS:7843 -> local:7842
2026-06-11 20:25:52,554 WARNING SSH tunnel exited (code=255), restarting in 10s...
2026-06-11 20:26:02,559 INFO SSH tunnel started  pid=4108  VPS:7843 -> local:7842
2026-06-11 20:26:12,566 WARNING SSH tunnel exited (code=255), restarting in 10s...
2026-06-11 20:26:22,569 INFO SSH tunnel started  pid=11896  VPS:7843 -> local:7842
2026-06-11 20:26:32,570 WARNING SSH tunnel exited (code=255), restarting in 10s...
2026-06-11 20:26:42,577 INFO SSH tunnel started  pid=10088  VPS:7843 -> local:7842
2026-06-11 20:26:52,579 WARNING SSH tunnel exited (code=255), restarting in 10s...
2026-06-11 20:27:02,584 INFO SSH tunnel started  pid=10888  VPS:7843 -> local:7842
2026-06-11 20:27:12,585 WARNING SSH tunnel exited (code=255), restarting in 10s...
2026-06-11 20:27:22,587 INFO SSH tunnel started  pid=10320  VPS:7843 -> local:7842
2026-06-11 20:27:32,588 WARNING SSH tunnel exited (code=255), restarting in 10s...
2026-06-11 20:27:43,142 INFO SSH tunnel started  pid=8704  VPS:7843 -> local:7842
2026-06-11 20:27:53,148 WARNING SSH tunnel exited (code=255), restarting in 10s...
2026-06-11 20:28:03,150 INFO SSH tunnel started  pid=14620  VPS:7843 -> local:7842
2026-06-11 20:28:13,262 WARNING SSH tunnel exited (code=255), restarting in 10s...
2026-06-11 20:28:23,265 INFO SSH tunnel started  pid=1896  VPS:7843 -> local:7842
2026-06-11 20:28:33,265 WARNING SSH tunnel exited (code=255), restarting in 10s...
2026-06-11 20:28:43,270 INFO SSH tunnel started  pid=15348  VPS:7843 -> local:7842
2026-06-11 20:28:53,271 WARNING SSH tunnel exited (code=255), restarting in 10s...
2026-06-11 20:29:03,276 INFO SSH tunnel started  pid=8436  VPS:7843 -> local:7842
2026-06-11 20:29:13,277 WARNING SSH tunnel exited (code=255), restarting in 10s...
2026-06-11 20:29:23,282 INFO SSH tunnel started  pid=6472  VPS:7843 -> local:7842
2026-06-11 20:29:33,282 WARNING SSH tunnel exited (code=255), restarting in 10s...
2026-06-11 20:29:43,285 INFO SSH tunnel started  pid=4800  VPS:7843 -> local:7842
2026-06-11 20:29:53,286 WARNING SSH tunnel exited (code=255), restarting in 10s...
2026-06-11 20:30:03,293 INFO SSH tunnel started  pid=15240  VPS:7843 -> local:7842
2026-06-11 20:30:13,294 WARNING SSH tunnel exited (code=255), restarting in 10s...
2026-06-11 20:30:23,299 INFO SSH tunnel started  pid=3332  VPS:7843 -> local:7842
2026-06-11 20:30:33,300 WARNING SSH tunnel exited (code=255), restarting in 10s...
2026-06-11 20:30:43,305 INFO SSH tunnel started  pid=2176  VPS:7843 -> local:7842
2026-06-11 20:30:53,306 WARNING SSH tunnel exited (code=255), restarting in 10s...
2026-06-11 20:31:03,310 INFO SSH tunnel started  pid=10104  VPS:7843 -> local:7842
2026-06-11 20:31:13,310 WARNING SSH tunnel exited (code=255), restarting in 10s...
2026-06-11 20:31:23,314 INFO SSH tunnel started  pid=12028  VPS:7843 -> local:7842
2026-06-11 20:31:33,316 WARNING SSH tunnel exited (code=255), restarting in 10s...
2026-06-11 20:31:43,320 INFO SSH tunnel started  pid=7912  VPS:7843 -> local:7842
2026-06-11 20:31:53,322 WARNING SSH tunnel exited (code=255), restarting in 10s...
2026-06-11 20:32:03,326 INFO SSH tunnel started  pid=12472  VPS:7843 -> local:7842
2026-06-11 20:32:13,328 WARNING SSH tunnel exited (code=255), restarting in 10s...
2026-06-11 20:32:23,330 INFO SSH tunnel started  pid=1700  VPS:7843 -> local:7842
2026-06-11 20:32:33,330 WARNING SSH tunnel exited (code=255), restarting in 10s...
2026-06-11 20:32:43,335 INFO SSH tunnel started  pid=2872  VPS:7843 -> local:7842
2026-06-11 20:32:53,336 WARNING SSH tunnel exited (code=255), restarting in 10s...
2026-06-11 20:33:03,341 INFO SSH tunnel started  pid=14728  VPS:7843 -> local:7842
2026-06-11 20:33:13,343 WARNING SSH tunnel exited (code=255), restarting in 10s...
2026-06-11 20:33:23,347 INFO SSH tunnel started  pid=5332  VPS:7843 -> local:7842
2026-06-11 20:33:33,348 WARNING SSH tunnel exited (code=255), restarting in 10s...
2026-06-11 20:33:43,352 INFO SSH tunnel started  pid=11320  VPS:7843 -> local:7842
2026-06-11 20:33:53,352 WARNING SSH tunnel exited (code=255), restarting in 10s...
2026-06-11 20:34:03,356 INFO SSH tunnel started  pid=7284  VPS:7843 -> local:7842
2026-06-11 20:34:13,357 WARNING SSH tunnel exited (code=255), restarting in 10s...
2026-06-11 20:34:23,362 INFO SSH tunnel started  pid=11016  VPS:7843 -> local:7842
2026-06-11 20:34:33,363 WARNING SSH tunnel exited (code=255), restarting in 10s...
2026-06-11 20:34:43,372 INFO SSH tunnel started  pid=14716  VPS:7843 -> local:7842
2026-06-11 20:34:53,372 WARNING SSH tunnel exited (code=255), restarting in 10s...
2026-06-11 20:35:03,377 INFO SSH tunnel started  pid=2756  VPS:7843 -> local:7842
2026-06-11 20:35:13,378 WARNING SSH tunnel exited (code=255), restarting in 10s...
2026-06-11 20:35:23,383 INFO SSH tunnel started  pid=15328  VPS:7843 -> local:7842
2026-06-11 20:35:33,384 WARNING SSH tunnel exited (code=255), restarting in 10s...
2026-06-11 20:35:43,389 INFO SSH tunnel started  pid=3596  VPS:7843 -> local:7842
2026-06-11 20:35:53,390 WARNING SSH tunnel exited (code=255), restarting in 10s...
2026-06-11 20:36:03,394 INFO SSH tunnel started  pid=10980  VPS:7843 -> local:7842
2026-06-11 20:36:13,395 WARNING SSH tunnel exited (code=255), restarting in 10s...
2026-06-11 20:36:23,402 INFO SSH tunnel started  pid=14864  VPS:7843 -> local:7842
2026-06-11 20:36:33,404 WARNING SSH tunnel exited (code=255), restarting in 10s...
2026-06-11 20:36:43,407 INFO SSH tunnel started  pid=11244  VPS:7843 -> local:7842
2026-06-11 20:36:53,408 WARNING SSH tunnel exited (code=255), restarting in 10s...
2026-06-11 20:37:03,412 INFO SSH tunnel started  pid=3360  VPS:7843 -> local:7842
2026-06-11 20:37:13,414 WARNING SSH tunnel exited (code=255), restarting in 10s...
2026-06-11 20:37:23,418 INFO SSH tunnel started  pid=15216  VPS:7843 -> local:7842
2026-06-11 20:37:33,420 WARNING SSH tunnel exited (code=255), restarting in 10s...
2026-06-11 20:37:43,424 INFO SSH tunnel started  pid=10908  VPS:7843 -> local:7842
2026-06-11 20:37:53,425 WARNING SSH tunnel exited (code=255), restarting in 10s...
2026-06-11 20:38:03,430 INFO SSH tunnel started  pid=9436  VPS:7843 -> local:7842
2026-06-11 20:38:13,431 WARNING SSH tunnel exited (code=255), restarting in 10s...
2026-06-11 20:38:23,499 INFO SSH tunnel started  pid=13712  VPS:7843 -> local:7842
2026-06-11 20:38:33,500 WARNING SSH tunnel exited (code=255), restarting in 10s...
2026-06-11 20:38:43,504 INFO SSH tunnel started  pid=10020  VPS:7843 -> local:7842
2026-06-11 20:38:53,506 WARNING SSH tunnel exited (code=255), restarting in 10s...
2026-06-11 20:39:03,510 INFO SSH tunnel started  pid=6416  VPS:7843 -> local:7842
2026-06-11 20:39:13,511 WARNING SSH tunnel exited (code=255), restarting in 10s...
2026-06-11 20:39:23,516 INFO SSH tunnel started  pid=13548  VPS:7843 -> local:7842
2026-06-11 20:39:33,516 WARNING SSH tunnel exited (code=255), restarting in 10s...
2026-06-11 20:39:43,521 INFO SSH tunnel started  pid=2756  VPS:7843 -> local:7842
2026-06-11 20:39:53,521 WARNING SSH tunnel exited (code=255), restarting in 10s...
2026-06-11 20:40:03,526 INFO SSH tunnel started  pid=7128  VPS:7843 -> local:7842
2026-06-11 20:40:13,527 WARNING SSH tunnel exited (code=255), restarting in 10s...
2026-06-11 20:40:23,539 INFO SSH tunnel started  pid=3504  VPS:7843 -> local:7842
2026-06-11 20:40:33,540 WARNING SSH tunnel exited (code=255), restarting in 10s...
2026-06-11 20:40:43,544 INFO SSH tunnel started  pid=11904  VPS:7843 -> local:7842
2026-06-11 20:40:53,546 WARNING SSH tunnel exited (code=255), restarting in 10s...
2026-06-11 20:41:03,551 INFO SSH tunnel started  pid=13796  VPS:7843 -> local:7842
2026-06-11 20:41:13,552 WARNING SSH tunnel exited (code=255), restarting in 10s...
2026-06-11 20:41:23,554 INFO SSH tunnel started  pid=3912  VPS:7843 -> local:7842
2026-06-11 20:41:33,555 WARNING SSH tunnel exited (code=255), restarting in 10s...
2026-06-11 20:41:43,563 INFO SSH tunnel started  pid=4500  VPS:7843 -> local:7842
2026-06-11 20:41:53,564 WARNING SSH tunnel exited (code=255), restarting in 10s...
2026-06-11 20:42:03,568 INFO SSH tunnel started  pid=15044  VPS:7843 -> local:7842
2026-06-11 20:42:13,569 WARNING SSH tunnel exited (code=255), restarting in 10s...
2026-06-11 20:42:23,574 INFO SSH tunnel started  pid=15340  VPS:7843 -> local:7842
2026-06-11 20:42:33,575 WARNING SSH tunnel exited (code=255), restarting in 10s...
2026-06-11 20:42:43,579 INFO SSH tunnel started  pid=5476  VPS:7843 -> local:7842
2026-06-11 20:42:53,581 WARNING SSH tunnel exited (code=255), restarting in 10s...
2026-06-11 20:43:03,585 INFO SSH tunnel started  pid=4704  VPS:7843 -> local:7842
2026-06-11 20:43:13,587 WARNING SSH tunnel exited (code=255), restarting in 10s...
2026-06-11 20:43:23,591 INFO SSH tunnel started  pid=1976  VPS:7843 -> local:7842
2026-06-11 20:43:33,592 WARNING SSH tunnel exited (code=255), restarting in 10s...
2026-06-11 20:43:43,594 INFO SSH tunnel started  pid=4252  VPS:7843 -> local:7842
2026-06-11 20:43:53,596 WARNING SSH tunnel exited (code=255), restarting in 10s...
2026-06-11 20:44:03,600 INFO SSH tunnel started  pid=8004  VPS:7843 -> local:7842
2026-06-11 20:44:13,601 WARNING SSH tunnel exited (code=255), restarting in 10s...
2026-06-11 20:44:23,610 INFO SSH tunnel started  pid=11860  VPS:7843 -> local:7842
2026-06-11 20:44:33,611 WARNING SSH tunnel exited (code=255), restarting in 10s...
2026-06-11 20:44:43,614 INFO SSH tunnel started  pid=11648  VPS:7843 -> local:7842
2026-06-11 20:44:53,614 WARNING SSH tunnel exited (code=255), restarting in 10s...
2026-06-11 20:45:03,621 INFO SSH tunnel started  pid=4972  VPS:7843 -> local:7842
2026-06-11 20:45:13,622 WARNING SSH tunnel exited (code=255), restarting in 10s...
2026-06-11 20:45:23,626 INFO SSH tunnel started  pid=2776  VPS:7843 -> local:7842
2026-06-11 20:45:33,627 WARNING SSH tunnel exited (code=255), restarting in 10s...
2026-06-11 20:45:43,629 INFO SSH tunnel started  pid=13644  VPS:7843 -> local:7842
2026-06-11 20:45:53,630 WARNING SSH tunnel exited (code=255), restarting in 10s...
2026-06-11 20:46:03,637 INFO SSH tunnel started  pid=8324  VPS:7843 -> local:7842
2026-06-11 20:46:13,638 WARNING SSH tunnel exited (code=255), restarting in 10s...
2026-06-11 20:46:23,642 INFO SSH tunnel started  pid=10012  VPS:7843 -> local:7842
2026-06-11 20:46:33,643 WARNING SSH tunnel exited (code=255), restarting in 10s...
2026-06-11 20:46:43,648 INFO SSH tunnel started  pid=5824  VPS:7843 -> local:7842
2026-06-11 20:46:53,649 WARNING SSH tunnel exited (code=255), restarting in 10s...
2026-06-11 20:47:03,653 INFO SSH tunnel started  pid=13224  VPS:7843 -> local:7842
2026-06-11 20:47:13,654 WARNING SSH tunnel exited (code=255), restarting in 10s...
2026-06-11 20:47:23,658 INFO SSH tunnel started  pid=5840  VPS:7843 -> local:7842
2026-06-11 20:47:33,660 WARNING SSH tunnel exited (code=255), restarting in 10s...
2026-06-11 20:47:43,668 INFO SSH tunnel started  pid=3628  VPS:7843 -> local:7842
2026-06-11 20:47:53,670 WARNING SSH tunnel exited (code=255), restarting in 10s...
2026-06-11 20:48:03,675 INFO SSH tunnel started  pid=7296  VPS:7843 -> local:7842
2026-06-11 20:48:13,676 WARNING SSH tunnel exited (code=255), restarting in 10s...
2026-06-11 20:48:23,682 INFO SSH tunnel started  pid=5652  VPS:7843 -> local:7842
2026-06-11 20:48:33,683 WARNING SSH tunnel exited (code=255), restarting in 10s...
2026-06-11 20:48:43,687 INFO SSH tunnel started  pid=10744  VPS:7843 -> local:7842
2026-06-11 20:48:53,688 WARNING SSH tunnel exited (code=255), restarting in 10s...
2026-06-11 20:49:03,690 INFO SSH tunnel started  pid=3900  VPS:7843 -> local:7842
2026-06-11 20:49:13,691 WARNING SSH tunnel exited (code=255), restarting in 10s...
2026-06-11 20:49:23,696 INFO SSH tunnel started  pid=8416  VPS:7843 -> local:7842
2026-06-11 20:49:33,697 WARNING SSH tunnel exited (code=255), restarting in 10s...
2026-06-11 20:49:43,703 INFO SSH tunnel started  pid=1532  VPS:7843 -> local:7842
2026-06-11 20:49:53,704 WARNING SSH tunnel exited (code=255), restarting in 10s...
2026-06-11 20:50:03,709 INFO SSH tunnel started  pid=14244  VPS:7843 -> local:7842
2026-06-11 20:50:13,710 WARNING SSH tunnel exited (code=255), restarting in 10s...
2026-06-11 20:50:23,712 INFO SSH tunnel started  pid=11548  VPS:7843 -> local:7842
2026-06-11 20:50:33,713 WARNING SSH tunnel exited (code=255), restarting in 10s...
2026-06-11 20:50:43,716 INFO SSH tunnel started  pid=13588  VPS:7843 -> local:7842
2026-06-11 20:50:53,719 WARNING SSH tunnel exited (code=255), restarting in 10s...
2026-06-11 20:51:03,723 INFO SSH tunnel started  pid=2648  VPS:7843 -> local:7842
2026-06-11 20:51:13,724 WARNING SSH tunnel exited (code=255), restarting in 10s...
2026-06-11 20:51:23,728 INFO SSH tunnel started  pid=2104  VPS:7843 -> local:7842
2026-06-11 20:51:33,729 WARNING SSH tunnel exited (code=255), restarting in 10s...
2026-06-11 20:51:43,732 INFO SSH tunnel started  pid=3516  VPS:7843 -> local:7842
2026-06-11 20:51:53,733 WARNING SSH tunnel exited (code=255), restarting in 10s...
2026-06-11 20:52:03,737 INFO SSH tunnel started  pid=13784  VPS:7843 -> local:7842
2026-06-11 20:52:13,738 WARNING SSH tunnel exited (code=255), restarting in 10s...
2026-06-11 20:52:23,743 INFO SSH tunnel started  pid=7544  VPS:7843 -> local:7842
2026-06-11 20:52:33,744 WARNING SSH tunnel exited (code=255), restarting in 10s...
2026-06-11 20:52:43,747 INFO SSH tunnel started  pid=4800  VPS:7843 -> local:7842
2026-06-11 20:52:53,748 WARNING SSH tunnel exited (code=255), restarting in 10s...
2026-06-11 20:53:03,753 INFO SSH tunnel started  pid=4552  VPS:7843 -> local:7842
2026-06-11 20:53:23,754 WARNING SSH tunnel exited (code=255), restarting in 10s...
2026-06-11 20:53:33,757 INFO SSH tunnel started  pid=15168  VPS:7843 -> local:7842
2026-06-11 20:53:43,758 WARNING SSH tunnel exited (code=255), restarting in 10s...
2026-06-11 20:53:53,763 INFO SSH tunnel started  pid=13280  VPS:7843 -> local:7842
2026-06-11 20:54:03,764 WARNING SSH tunnel exited (code=255), restarting in 10s...
2026-06-11 20:54:13,768 INFO SSH tunnel started  pid=11892  VPS:7843 -> local:7842
2026-06-11 20:54:23,769 WARNING SSH tunnel exited (code=255), restarting in 10s...
2026-06-11 20:54:33,774 INFO SSH tunnel started  pid=7848  VPS:7843 -> local:7842
2026-06-11 20:54:43,775 WARNING SSH tunnel exited (code=255), restarting in 10s...
2026-06-11 20:54:53,778 INFO SSH tunnel started  pid=10868  VPS:7843 -> local:7842
2026-06-11 20:55:03,781 WARNING SSH tunnel exited (code=255), restarting in 10s...
2026-06-11 20:55:13,785 INFO SSH tunnel started  pid=13288  VPS:7843 -> local:7842
2026-06-11 20:55:23,786 WARNING SSH tunnel exited (code=255), restarting in 10s...
2026-06-11 20:55:33,790 INFO SSH tunnel started  pid=4976  VPS:7843 -> local:7842
2026-06-11 20:56:03,792 WARNING SSH tunnel exited (code=255), restarting in 10s...
2026-06-11 20:56:13,797 INFO SSH tunnel started  pid=8948  VPS:7843 -> local:7842
2026-06-11 20:56:23,797 WARNING SSH tunnel exited (code=255), restarting in 10s...
2026-06-11 20:56:33,801 INFO SSH tunnel started  pid=14268  VPS:7843 -> local:7842
2026-06-11 20:56:43,803 WARNING SSH tunnel exited (code=255), restarting in 10s...
2026-06-11 20:56:53,808 INFO SSH tunnel started  pid=1980  VPS:7843 -> local:7842
2026-06-11 20:57:03,809 WARNING SSH tunnel exited (code=255), restarting in 10s...
2026-06-11 20:57:13,814 INFO SSH tunnel started  pid=15080  VPS:7843 -> local:7842
2026-06-11 20:57:43,815 WARNING SSH tunnel exited (code=255), restarting in 10s...
2026-06-11 20:57:53,820 INFO SSH tunnel started  pid=6568  VPS:7843 -> local:7842
2026-06-11 20:58:03,822 WARNING SSH tunnel exited (code=255), restarting in 10s...
2026-06-11 20:58:13,826 INFO SSH tunnel started  pid=14552  VPS:7843 -> local:7842
2026-06-11 20:58:23,827 WARNING SSH tunnel exited (code=255), restarting in 10s...
2026-06-11 20:58:33,832 INFO SSH tunnel started  pid=7540  VPS:7843 -> local:7842
2026-06-11 20:58:43,833 WARNING SSH tunnel exited (code=255), restarting in 10s...
2026-06-11 20:58:53,841 INFO SSH tunnel started  pid=9952  VPS:7843 -> local:7842
2026-06-11 20:59:03,842 WARNING SSH tunnel exited (code=255), restarting in 10s...
2026-06-11 20:59:13,844 INFO SSH tunnel started  pid=14484  VPS:7843 -> local:7842
2026-06-11 20:59:23,845 WARNING SSH tunnel exited (code=255), restarting in 10s...
2026-06-11 20:59:33,852 INFO SSH tunnel started  pid=13600  VPS:7843 -> local:7842
2026-06-11 20:59:43,853 WARNING SSH tunnel exited (code=255), restarting in 10s...
2026-06-11 20:59:53,855 INFO SSH tunnel started  pid=5208  VPS:7843 -> local:7842
2026-06-11 21:00:03,856 WARNING SSH tunnel exited (code=255), restarting in 10s...
2026-06-11 21:00:13,861 INFO SSH tunnel started  pid=6352  VPS:7843 -> local:7842
2026-06-11 21:00:23,861 WARNING SSH tunnel exited (code=255), restarting in 10s...
2026-06-11 21:00:33,867 INFO SSH tunnel started  pid=5800  VPS:7843 -> local:7842
2026-06-11 21:00:53,868 WARNING SSH tunnel exited (code=255), restarting in 10s...
2026-06-11 21:01:03,873 INFO SSH tunnel started  pid=3972  VPS:7843 -> local:7842
2026-06-11 21:01:13,874 WARNING SSH tunnel exited (code=255), restarting in 10s...
2026-06-11 21:01:23,876 INFO SSH tunnel started  pid=5980  VPS:7843 -> local:7842
2026-06-11 21:01:33,877 WARNING SSH tunnel exited (code=255), restarting in 10s...
2026-06-11 21:01:43,885 INFO SSH tunnel started  pid=12096  VPS:7843 -> local:7842
2026-06-11 21:01:53,887 WARNING SSH tunnel exited (code=255), restarting in 10s...
2026-06-11 21:02:03,892 INFO SSH tunnel started  pid=14356  VPS:7843 -> local:7842
2026-06-11 21:02:13,893 WARNING SSH tunnel exited (code=255), restarting in 10s...
2026-06-11 21:02:23,898 INFO SSH tunnel started  pid=14948  VPS:7843 -> local:7842
2026-06-11 21:02:33,899 WARNING SSH tunnel exited (code=255), restarting in 10s...
2026-06-11 21:02:43,902 INFO SSH tunnel started  pid=4120  VPS:7843 -> local:7842
2026-06-11 21:03:43,903 WARNING SSH tunnel exited (code=255), restarting in 10s...
2026-06-11 21:03:53,905 INFO SSH tunnel started  pid=7888  VPS:7843 -> local:7842
2026-06-11 21:04:03,906 WARNING SSH tunnel exited (code=255), restarting in 10s...
2026-06-11 21:04:13,910 INFO SSH tunnel started  pid=15256  VPS:7843 -> local:7842
2026-06-11 21:04:23,911 WARNING SSH tunnel exited (code=255), restarting in 10s...
2026-06-11 21:04:33,915 INFO SSH tunnel started  pid=7092  VPS:7843 -> local:7842
2026-06-11 21:04:43,916 WARNING SSH tunnel exited (code=255), restarting in 10s...
2026-06-11 21:04:53,920 INFO SSH tunnel started  pid=1444  VPS:7843 -> local:7842
2026-06-11 21:05:03,920 WARNING SSH tunnel exited (code=255), restarting in 10s...
2026-06-11 21:05:13,925 INFO SSH tunnel started  pid=13328  VPS:7843 -> local:7842
2026-06-11 21:05:43,927 WARNING SSH tunnel exited (code=255), restarting in 10s...
2026-06-11 21:05:53,931 INFO SSH tunnel started  pid=14300  VPS:7843 -> local:7842
2026-06-11 21:06:03,932 WARNING SSH tunnel exited (code=255), restarting in 10s...
2026-06-11 21:06:13,936 INFO SSH tunnel started  pid=5172  VPS:7843 -> local:7842
2026-06-11 21:06:23,937 WARNING SSH tunnel exited (code=255), restarting in 10s...
2026-06-11 21:06:33,943 INFO SSH tunnel started  pid=9420  VPS:7843 -> local:7842
2026-06-11 21:06:43,944 WARNING SSH tunnel exited (code=255), restarting in 10s...
2026-06-11 21:06:53,947 INFO SSH tunnel started  pid=14992  VPS:7843 -> local:7842
2026-06-11 21:07:03,948 WARNING SSH tunnel exited (code=255), restarting in 10s...
2026-06-11 21:07:13,954 INFO SSH tunnel started  pid=5640  VPS:7843 -> local:7842
2026-06-11 21:07:23,956 WARNING SSH tunnel exited (code=255), restarting in 10s...
2026-06-11 21:07:33,958 INFO SSH tunnel started  pid=4824  VPS:7843 -> local:7842
2026-06-11 21:07:43,959 WARNING SSH tunnel exited (code=255), restarting in 10s...
2026-06-11 21:07:53,964 INFO SSH tunnel started  pid=6076  VPS:7843 -> local:7842
2026-06-11 21:08:03,965 WARNING SSH tunnel exited (code=255), restarting in 10s...
2026-06-11 21:08:13,969 INFO SSH tunnel started  pid=2628  VPS:7843 -> local:7842
2026-06-12 10:46:16,801 INFO ==================================================
2026-06-12 10:46:16,816 INFO SparkP2P Relay Keepalive starting
2026-06-12 10:46:16,816 INFO Relay port : 7842
2026-06-12 10:46:16,816 INFO VPS tunnel : root@157.245.175.55  remote port 7843
2026-06-12 10:46:16,816 INFO ==================================================
2026-06-12 10:46:16,832 INFO Relay started  pid=5516  port=7842
2026-06-12 10:46:20,881 INFO SSH tunnel started  pid=10184  VPS:7843 -> local:7842
2026-06-12 18:51:09,498 WARNING SSH tunnel exited (code=255), restarting in 10s...
2026-06-12 18:51:19,528 INFO SSH tunnel started  pid=15796  VPS:7843 -> local:7842
2026-06-12 18:51:39,530 WARNING SSH tunnel exited (code=255), restarting in 10s...
2026-06-12 18:51:49,534 INFO SSH tunnel started  pid=6948  VPS:7843 -> local:7842
2026-06-12 23:58:46,292 WARNING Relay exited (code=1073807364), restarting in 5s...
2026-06-13 15:32:32,584 INFO ==================================================
2026-06-13 15:32:32,584 INFO SparkP2P Relay Keepalive starting
2026-06-13 15:32:32,599 INFO Relay port : 7842
2026-06-13 15:32:32,599 INFO VPS tunnel : root@157.245.175.55  remote port 7843
2026-06-13 15:32:32,599 INFO ==================================================
2026-06-13 15:32:32,631 INFO Relay started  pid=8200  port=7842
2026-06-13 15:32:36,898 INFO SSH tunnel started  pid=9776  VPS:7843 -> local:7842
2026-06-14 10:12:54,617 INFO ==================================================
2026-06-14 10:12:54,633 INFO SparkP2P Relay Keepalive starting
2026-06-14 10:12:54,633 INFO Relay port : 7842
2026-06-14 10:12:54,633 INFO VPS tunnel : root@157.245.175.55  remote port 7843
2026-06-14 10:12:54,633 INFO ==================================================
2026-06-14 10:12:54,664 INFO Relay started  pid=8284  port=7842
2026-06-14 10:12:58,672 INFO SSH tunnel started  pid=9148  VPS:7843 -> local:7842
2026-06-14 11:02:09,466 WARNING SSH tunnel exited (code=255), restarting in 10s...
2026-06-14 11:02:19,476 INFO SSH tunnel started  pid=9288  VPS:7843 -> local:7842
